Timing Analyzer report for LCD_texto_dinamico
Sat Jun  6 04:08:56 2026
Quartus Prime Version 23.1std.1 Build 993 05/14/2024 SC Lite Edition


---------------------
; Table of Contents ;
---------------------
  1. Legal Notice
  2. Timing Analyzer Summary
  3. Parallel Compilation
  4. Clocks
  5. Slow 1200mV 85C Model Fmax Summary
  6. Timing Closure Recommendations
  7. Slow 1200mV 85C Model Setup Summary
  8. Slow 1200mV 85C Model Hold Summary
  9. Slow 1200mV 85C Model Recovery Summary
 10. Slow 1200mV 85C Model Removal Summary
 11. Slow 1200mV 85C Model Minimum Pulse Width Summary
 12. Slow 1200mV 85C Model Setup: 'clk'
 13. Slow 1200mV 85C Model Setup: 'clk_16ms'
 14. Slow 1200mV 85C Model Hold: 'clk_16ms'
 15. Slow 1200mV 85C Model Hold: 'clk'
 16. Slow 1200mV 85C Model Metastability Summary
 17. Slow 1200mV 0C Model Fmax Summary
 18. Slow 1200mV 0C Model Setup Summary
 19. Slow 1200mV 0C Model Hold Summary
 20. Slow 1200mV 0C Model Recovery Summary
 21. Slow 1200mV 0C Model Removal Summary
 22. Slow 1200mV 0C Model Minimum Pulse Width Summary
 23. Slow 1200mV 0C Model Setup: 'clk'
 24. Slow 1200mV 0C Model Setup: 'clk_16ms'
 25. Slow 1200mV 0C Model Hold: 'clk_16ms'
 26. Slow 1200mV 0C Model Hold: 'clk'
 27. Slow 1200mV 0C Model Metastability Summary
 28. Fast 1200mV 0C Model Setup Summary
 29. Fast 1200mV 0C Model Hold Summary
 30. Fast 1200mV 0C Model Recovery Summary
 31. Fast 1200mV 0C Model Removal Summary
 32. Fast 1200mV 0C Model Minimum Pulse Width Summary
 33. Fast 1200mV 0C Model Setup: 'clk_16ms'
 34. Fast 1200mV 0C Model Setup: 'clk'
 35. Fast 1200mV 0C Model Hold: 'clk_16ms'
 36. Fast 1200mV 0C Model Hold: 'clk'
 37. Fast 1200mV 0C Model Metastability Summary
 38. Multicorner Timing Analysis Summary
 39. Board Trace Model Assignments
 40. Input Transition Times
 41. Signal Integrity Metrics (Slow 1200mv 0c Model)
 42. Signal Integrity Metrics (Slow 1200mv 85c Model)
 43. Signal Integrity Metrics (Fast 1200mv 0c Model)
 44. Setup Transfers
 45. Hold Transfers
 46. Report TCCS
 47. Report RSKM
 48. Unconstrained Paths Summary
 49. Clock Status Summary
 50. Unconstrained Input Ports
 51. Unconstrained Output Ports
 52. Unconstrained Input Ports
 53. Unconstrained Output Ports
 54. Timing Analyzer Messages



----------------
; Legal Notice ;
----------------
Copyright (C) 2024  Intel Corporation. All rights reserved.
Your use of Intel Corporation's design tools, logic functions 
and other software and tools, and any partner logic 
functions, and any output files from any of the foregoing 
(including device programming or simulation files), and any 
associated documentation or information are expressly subject 
to the terms and conditions of the Intel Program License 
Subscription Agreement, the Intel Quartus Prime License Agreement,
the Intel FPGA IP License Agreement, or other applicable license
agreement, including, without limitation, that your use is for
the sole purpose of programming logic devices manufactured by
Intel and sold by Intel or its authorized distributors.  Please
refer to the applicable agreement for further details, at
https://fpgasoftware.intel.com/eula.



+--------------------------------------------------------------------------------+
; Timing Analyzer Summary                                                        ;
+-----------------------+--------------------------------------------------------+
; Quartus Prime Version ; Version 23.1std.1 Build 993 05/14/2024 SC Lite Edition ;
; Timing Analyzer       ; Legacy Timing Analyzer                                 ;
; Revision Name         ; LCD_texto_dinamico                                     ;
; Device Family         ; Cyclone IV E                                           ;
; Device Name           ; EP4CE10E22C8                                           ;
; Timing Models         ; Final                                                  ;
; Delay Model           ; Combined                                               ;
; Rise/Fall Delays      ; Enabled                                                ;
+-----------------------+--------------------------------------------------------+


+------------------------------------------+
; Parallel Compilation                     ;
+----------------------------+-------------+
; Processors                 ; Number      ;
+----------------------------+-------------+
; Number detected on machine ; 4           ;
; Maximum allowed            ; 4           ;
;                            ;             ;
; Average used               ; 1.02        ;
; Maximum used               ; 4           ;
;                            ;             ;
; Usage by Processor         ; % Time Used ;
;     Processor 1            ; 100.0%      ;
;     Processors 2-4         ;   0.7%      ;
+----------------------------+-------------+


+--------------------------------------------------------------------------------------------------------------------------------------------------------------------------------------+
; Clocks                                                                                                                                                                               ;
+------------+------+--------+------------+-------+-------+------------+-----------+-------------+-------+--------+-----------+------------+----------+--------+--------+--------------+
; Clock Name ; Type ; Period ; Frequency  ; Rise  ; Fall  ; Duty Cycle ; Divide by ; Multiply by ; Phase ; Offset ; Edge List ; Edge Shift ; Inverted ; Master ; Source ; Targets      ;
+------------+------+--------+------------+-------+-------+------------+-----------+-------------+-------+--------+-----------+------------+----------+--------+--------+--------------+
; clk        ; Base ; 1.000  ; 1000.0 MHz ; 0.000 ; 0.500 ;            ;           ;             ;       ;        ;           ;            ;          ;        ;        ; { clk }      ;
; clk_16ms   ; Base ; 1.000  ; 1000.0 MHz ; 0.000 ; 0.500 ;            ;           ;             ;       ;        ;           ;            ;          ;        ;        ; { clk_16ms } ;
+------------+------+--------+------------+-------+-------+------------+-----------+-------------+-------+--------+-----------+------------+----------+--------+--------+--------------+


+--------------------------------------------------+
; Slow 1200mV 85C Model Fmax Summary               ;
+------------+-----------------+------------+------+
; Fmax       ; Restricted Fmax ; Clock Name ; Note ;
+------------+-----------------+------------+------+
; 206.27 MHz ; 206.27 MHz      ; clk        ;      ;
; 207.94 MHz ; 207.94 MHz      ; clk_16ms   ;      ;
+------------+-----------------+------------+------+
This panel reports FMAX for every clock in the design, regardless of the user-specified clock periods.  FMAX is only computed for paths where the source and destination registers or ports are driven by the same clock.  Paths of different clocks, including generated clocks, are ignored.  For paths between a clock and its inversion, FMAX is computed as if the rising and falling edges are scaled along with FMAX, such that the duty cycle (in terms of a percentage) is maintained. Altera recommends that you always use clock constraints and other slack reports for sign-off analysis.


----------------------------------
; Timing Closure Recommendations ;
----------------------------------
HTML report is unavailable in plain text report export.


+-------------------------------------+
; Slow 1200mV 85C Model Setup Summary ;
+----------+--------+-----------------+
; Clock    ; Slack  ; End Point TNS   ;
+----------+--------+-----------------+
; clk      ; -3.848 ; -38.435         ;
; clk_16ms ; -3.809 ; -67.246         ;
+----------+--------+-----------------+


+------------------------------------+
; Slow 1200mV 85C Model Hold Summary ;
+----------+-------+-----------------+
; Clock    ; Slack ; End Point TNS   ;
+----------+-------+-----------------+
; clk_16ms ; 0.454 ; 0.000           ;
; clk      ; 0.742 ; 0.000           ;
+----------+-------+-----------------+


------------------------------------------
; Slow 1200mV 85C Model Recovery Summary ;
------------------------------------------
No paths to report.


-----------------------------------------
; Slow 1200mV 85C Model Removal Summary ;
-----------------------------------------
No paths to report.


+---------------------------------------------------+
; Slow 1200mV 85C Model Minimum Pulse Width Summary ;
+----------+--------+-------------------------------+
; Clock    ; Slack  ; End Point TNS                 ;
+----------+--------+-------------------------------+
; clk      ; -3.000 ; -34.227                       ;
; clk_16ms ; -1.487 ; -32.714                       ;
+----------+--------+-------------------------------+


+------------------------------------------------------------------------------------------------------------------+
; Slow 1200mV 85C Model Setup: 'clk'                                                                               ;
+--------+-----------------+-----------------+--------------+-------------+--------------+------------+------------+
; Slack  ; From Node       ; To Node         ; Launch Clock ; Latch Clock ; Relationship ; Clock Skew ; Data Delay ;
+--------+-----------------+-----------------+--------------+-------------+--------------+------------+------------+
; -3.848 ; clk_counter[10] ; clk_16ms        ; clk          ; clk         ; 1.000        ; -0.082     ; 4.767      ;
; -3.751 ; clk_counter[14] ; clk_16ms        ; clk          ; clk         ; 1.000        ; -0.082     ; 4.670      ;
; -3.671 ; clk_counter[12] ; clk_16ms        ; clk          ; clk         ; 1.000        ; -0.082     ; 4.590      ;
; -3.655 ; clk_counter[11] ; clk_16ms        ; clk          ; clk         ; 1.000        ; -0.082     ; 4.574      ;
; -3.533 ; clk_counter[15] ; clk_16ms        ; clk          ; clk         ; 1.000        ; -0.082     ; 4.452      ;
; -3.470 ; clk_counter[9]  ; clk_16ms        ; clk          ; clk         ; 1.000        ; -0.081     ; 4.390      ;
; -3.456 ; clk_counter[8]  ; clk_16ms        ; clk          ; clk         ; 1.000        ; -0.081     ; 4.376      ;
; -3.430 ; clk_counter[5]  ; clk_16ms        ; clk          ; clk         ; 1.000        ; -0.081     ; 4.350      ;
; -3.402 ; clk_counter[6]  ; clk_16ms        ; clk          ; clk         ; 1.000        ; -0.081     ; 4.322      ;
; -3.398 ; clk_counter[19] ; clk_16ms        ; clk          ; clk         ; 1.000        ; -0.082     ; 4.317      ;
; -3.395 ; clk_counter[13] ; clk_16ms        ; clk          ; clk         ; 1.000        ; -0.082     ; 4.314      ;
; -3.388 ; clk_counter[18] ; clk_16ms        ; clk          ; clk         ; 1.000        ; -0.082     ; 4.307      ;
; -3.304 ; clk_counter[7]  ; clk_16ms        ; clk          ; clk         ; 1.000        ; -0.081     ; 4.224      ;
; -3.290 ; clk_counter[0]  ; clk_16ms        ; clk          ; clk         ; 1.000        ; -0.081     ; 4.210      ;
; -3.276 ; clk_counter[2]  ; clk_16ms        ; clk          ; clk         ; 1.000        ; -0.081     ; 4.196      ;
; -3.191 ; clk_counter[17] ; clk_16ms        ; clk          ; clk         ; 1.000        ; -0.082     ; 4.110      ;
; -3.164 ; clk_counter[1]  ; clk_16ms        ; clk          ; clk         ; 1.000        ; -0.081     ; 4.084      ;
; -3.108 ; clk_counter[4]  ; clk_16ms        ; clk          ; clk         ; 1.000        ; -0.081     ; 4.028      ;
; -3.058 ; clk_counter[16] ; clk_16ms        ; clk          ; clk         ; 1.000        ; -0.082     ; 3.977      ;
; -2.982 ; clk_counter[3]  ; clk_16ms        ; clk          ; clk         ; 1.000        ; -0.081     ; 3.902      ;
; -2.640 ; clk_counter[0]  ; clk_counter[19] ; clk          ; clk         ; 1.000        ; -0.080     ; 3.561      ;
; -2.623 ; clk_counter[10] ; clk_counter[18] ; clk          ; clk         ; 1.000        ; -0.081     ; 3.543      ;
; -2.623 ; clk_counter[10] ; clk_counter[19] ; clk          ; clk         ; 1.000        ; -0.081     ; 3.543      ;
; -2.623 ; clk_counter[10] ; clk_counter[13] ; clk          ; clk         ; 1.000        ; -0.081     ; 3.543      ;
; -2.623 ; clk_counter[10] ; clk_counter[10] ; clk          ; clk         ; 1.000        ; -0.081     ; 3.543      ;
; -2.616 ; clk_counter[1]  ; clk_counter[18] ; clk          ; clk         ; 1.000        ; -0.080     ; 3.537      ;
; -2.566 ; clk_counter[1]  ; clk_counter[19] ; clk          ; clk         ; 1.000        ; -0.080     ; 3.487      ;
; -2.559 ; clk_counter[0]  ; clk_counter[13] ; clk          ; clk         ; 1.000        ; -0.080     ; 3.480      ;
; -2.527 ; clk_counter[0]  ; clk_counter[18] ; clk          ; clk         ; 1.000        ; -0.080     ; 3.448      ;
; -2.526 ; clk_counter[14] ; clk_counter[18] ; clk          ; clk         ; 1.000        ; -0.081     ; 3.446      ;
; -2.526 ; clk_counter[14] ; clk_counter[19] ; clk          ; clk         ; 1.000        ; -0.081     ; 3.446      ;
; -2.526 ; clk_counter[14] ; clk_counter[13] ; clk          ; clk         ; 1.000        ; -0.081     ; 3.446      ;
; -2.526 ; clk_counter[14] ; clk_counter[10] ; clk          ; clk         ; 1.000        ; -0.081     ; 3.446      ;
; -2.519 ; clk_counter[1]  ; clk_counter[13] ; clk          ; clk         ; 1.000        ; -0.080     ; 3.440      ;
; -2.497 ; clk_counter[2]  ; clk_counter[19] ; clk          ; clk         ; 1.000        ; -0.080     ; 3.418      ;
; -2.494 ; clk_counter[5]  ; clk_counter[18] ; clk          ; clk         ; 1.000        ; -0.080     ; 3.415      ;
; -2.468 ; clk_counter[3]  ; clk_counter[18] ; clk          ; clk         ; 1.000        ; -0.080     ; 3.389      ;
; -2.446 ; clk_counter[12] ; clk_counter[18] ; clk          ; clk         ; 1.000        ; -0.081     ; 3.366      ;
; -2.446 ; clk_counter[12] ; clk_counter[19] ; clk          ; clk         ; 1.000        ; -0.081     ; 3.366      ;
; -2.446 ; clk_counter[12] ; clk_counter[13] ; clk          ; clk         ; 1.000        ; -0.081     ; 3.366      ;
; -2.446 ; clk_counter[12] ; clk_counter[10] ; clk          ; clk         ; 1.000        ; -0.081     ; 3.366      ;
; -2.444 ; clk_counter[5]  ; clk_counter[19] ; clk          ; clk         ; 1.000        ; -0.080     ; 3.365      ;
; -2.430 ; clk_counter[11] ; clk_counter[18] ; clk          ; clk         ; 1.000        ; -0.081     ; 3.350      ;
; -2.430 ; clk_counter[11] ; clk_counter[19] ; clk          ; clk         ; 1.000        ; -0.081     ; 3.350      ;
; -2.430 ; clk_counter[11] ; clk_counter[13] ; clk          ; clk         ; 1.000        ; -0.081     ; 3.350      ;
; -2.430 ; clk_counter[11] ; clk_counter[10] ; clk          ; clk         ; 1.000        ; -0.081     ; 3.350      ;
; -2.418 ; clk_counter[3]  ; clk_counter[19] ; clk          ; clk         ; 1.000        ; -0.080     ; 3.339      ;
; -2.416 ; clk_counter[2]  ; clk_counter[13] ; clk          ; clk         ; 1.000        ; -0.080     ; 3.337      ;
; -2.399 ; clk_counter[10] ; clk_counter[12] ; clk          ; clk         ; 1.000        ; -0.081     ; 3.319      ;
; -2.397 ; clk_counter[5]  ; clk_counter[13] ; clk          ; clk         ; 1.000        ; -0.080     ; 3.318      ;
; -2.373 ; clk_counter[2]  ; clk_counter[18] ; clk          ; clk         ; 1.000        ; -0.080     ; 3.294      ;
; -2.371 ; clk_counter[3]  ; clk_counter[13] ; clk          ; clk         ; 1.000        ; -0.080     ; 3.292      ;
; -2.351 ; clk_counter[4]  ; clk_counter[19] ; clk          ; clk         ; 1.000        ; -0.080     ; 3.272      ;
; -2.348 ; clk_counter[7]  ; clk_counter[18] ; clk          ; clk         ; 1.000        ; -0.080     ; 3.269      ;
; -2.329 ; clk_counter[1]  ; clk_counter[12] ; clk          ; clk         ; 1.000        ; -0.080     ; 3.250      ;
; -2.308 ; clk_counter[15] ; clk_counter[18] ; clk          ; clk         ; 1.000        ; -0.081     ; 3.228      ;
; -2.308 ; clk_counter[15] ; clk_counter[19] ; clk          ; clk         ; 1.000        ; -0.081     ; 3.228      ;
; -2.308 ; clk_counter[15] ; clk_counter[13] ; clk          ; clk         ; 1.000        ; -0.081     ; 3.228      ;
; -2.308 ; clk_counter[15] ; clk_counter[10] ; clk          ; clk         ; 1.000        ; -0.081     ; 3.228      ;
; -2.302 ; clk_counter[14] ; clk_counter[12] ; clk          ; clk         ; 1.000        ; -0.081     ; 3.222      ;
; -2.298 ; clk_counter[7]  ; clk_counter[19] ; clk          ; clk         ; 1.000        ; -0.080     ; 3.219      ;
; -2.270 ; clk_counter[4]  ; clk_counter[13] ; clk          ; clk         ; 1.000        ; -0.080     ; 3.191      ;
; -2.251 ; clk_counter[7]  ; clk_counter[13] ; clk          ; clk         ; 1.000        ; -0.080     ; 3.172      ;
; -2.245 ; clk_counter[9]  ; clk_counter[18] ; clk          ; clk         ; 1.000        ; -0.080     ; 3.166      ;
; -2.245 ; clk_counter[9]  ; clk_counter[19] ; clk          ; clk         ; 1.000        ; -0.080     ; 3.166      ;
; -2.245 ; clk_counter[9]  ; clk_counter[13] ; clk          ; clk         ; 1.000        ; -0.080     ; 3.166      ;
; -2.245 ; clk_counter[9]  ; clk_counter[10] ; clk          ; clk         ; 1.000        ; -0.080     ; 3.166      ;
; -2.240 ; clk_counter[0]  ; clk_counter[12] ; clk          ; clk         ; 1.000        ; -0.080     ; 3.161      ;
; -2.231 ; clk_counter[8]  ; clk_counter[18] ; clk          ; clk         ; 1.000        ; -0.080     ; 3.152      ;
; -2.231 ; clk_counter[8]  ; clk_counter[19] ; clk          ; clk         ; 1.000        ; -0.080     ; 3.152      ;
; -2.231 ; clk_counter[8]  ; clk_counter[13] ; clk          ; clk         ; 1.000        ; -0.080     ; 3.152      ;
; -2.231 ; clk_counter[8]  ; clk_counter[10] ; clk          ; clk         ; 1.000        ; -0.080     ; 3.152      ;
; -2.224 ; clk_counter[4]  ; clk_counter[18] ; clk          ; clk         ; 1.000        ; -0.080     ; 3.145      ;
; -2.222 ; clk_counter[12] ; clk_counter[12] ; clk          ; clk         ; 1.000        ; -0.081     ; 3.142      ;
; -2.207 ; clk_counter[5]  ; clk_counter[12] ; clk          ; clk         ; 1.000        ; -0.080     ; 3.128      ;
; -2.206 ; clk_counter[11] ; clk_counter[12] ; clk          ; clk         ; 1.000        ; -0.081     ; 3.126      ;
; -2.203 ; clk_counter[6]  ; clk_counter[19] ; clk          ; clk         ; 1.000        ; -0.080     ; 3.124      ;
; -2.181 ; clk_counter[3]  ; clk_counter[12] ; clk          ; clk         ; 1.000        ; -0.080     ; 3.102      ;
; -2.175 ; clk_counter[5]  ; clk_counter[10] ; clk          ; clk         ; 1.000        ; -0.080     ; 3.096      ;
; -2.170 ; clk_counter[13] ; clk_counter[18] ; clk          ; clk         ; 1.000        ; -0.081     ; 3.090      ;
; -2.170 ; clk_counter[13] ; clk_counter[19] ; clk          ; clk         ; 1.000        ; -0.081     ; 3.090      ;
; -2.170 ; clk_counter[13] ; clk_counter[13] ; clk          ; clk         ; 1.000        ; -0.081     ; 3.090      ;
; -2.170 ; clk_counter[13] ; clk_counter[10] ; clk          ; clk         ; 1.000        ; -0.081     ; 3.090      ;
; -2.147 ; clk_counter[6]  ; clk_counter[13] ; clk          ; clk         ; 1.000        ; -0.080     ; 3.068      ;
; -2.147 ; clk_counter[6]  ; clk_counter[10] ; clk          ; clk         ; 1.000        ; -0.080     ; 3.068      ;
; -2.147 ; clk_counter[6]  ; clk_counter[18] ; clk          ; clk         ; 1.000        ; -0.080     ; 3.068      ;
; -2.141 ; clk_counter[10] ; clk_counter[8]  ; clk          ; clk         ; 1.000        ; -0.082     ; 3.060      ;
; -2.086 ; clk_counter[2]  ; clk_counter[12] ; clk          ; clk         ; 1.000        ; -0.080     ; 3.007      ;
; -2.084 ; clk_counter[15] ; clk_counter[12] ; clk          ; clk         ; 1.000        ; -0.081     ; 3.004      ;
; -2.079 ; clk_counter[0]  ; clk_counter[17] ; clk          ; clk         ; 1.000        ; -0.080     ; 3.000      ;
; -2.061 ; clk_counter[7]  ; clk_counter[12] ; clk          ; clk         ; 1.000        ; -0.080     ; 2.982      ;
; -2.055 ; clk_counter[1]  ; clk_counter[16] ; clk          ; clk         ; 1.000        ; -0.080     ; 2.976      ;
; -2.050 ; clk_counter[14] ; clk_counter[8]  ; clk          ; clk         ; 1.000        ; -0.082     ; 2.969      ;
; -2.049 ; clk_counter[7]  ; clk_counter[10] ; clk          ; clk         ; 1.000        ; -0.080     ; 2.970      ;
; -2.035 ; clk_counter[1]  ; clk_counter[10] ; clk          ; clk         ; 1.000        ; -0.080     ; 2.956      ;
; -2.035 ; clk_counter[0]  ; clk_counter[10] ; clk          ; clk         ; 1.000        ; -0.080     ; 2.956      ;
; -2.025 ; clk_counter[1]  ; clk_counter[17] ; clk          ; clk         ; 1.000        ; -0.080     ; 2.946      ;
; -2.021 ; clk_counter[9]  ; clk_counter[12] ; clk          ; clk         ; 1.000        ; -0.080     ; 2.942      ;
; -2.021 ; clk_counter[2]  ; clk_counter[10] ; clk          ; clk         ; 1.000        ; -0.080     ; 2.942      ;
; -2.007 ; clk_counter[8]  ; clk_counter[12] ; clk          ; clk         ; 1.000        ; -0.080     ; 2.928      ;
+--------+-----------------+-----------------+--------------+-------------+--------------+------------+------------+


+---------------------------------------------------------------------------------------------------------------------------------+
; Slow 1200mV 85C Model Setup: 'clk_16ms'                                                                                         ;
+--------+-----------------------------+--------------------+--------------+-------------+--------------+------------+------------+
; Slack  ; From Node                   ; To Node            ; Launch Clock ; Latch Clock ; Relationship ; Clock Skew ; Data Delay ;
+--------+-----------------------------+--------------------+--------------+-------------+--------------+------------+------------+
; -3.809 ; data_counter[1]             ; data[3]~reg0       ; clk_16ms     ; clk_16ms    ; 1.000        ; 0.391      ; 5.201      ;
; -3.780 ; command_counter[2]          ; data[3]~reg0       ; clk_16ms     ; clk_16ms    ; 1.000        ; 0.387      ; 5.168      ;
; -3.765 ; data_counter[4]             ; data[3]~reg0       ; clk_16ms     ; clk_16ms    ; 1.000        ; 0.391      ; 5.157      ;
; -3.617 ; command_counter[0]          ; data[3]~reg0       ; clk_16ms     ; clk_16ms    ; 1.000        ; 0.387      ; 5.005      ;
; -3.601 ; data_counter[0]             ; data[3]~reg0       ; clk_16ms     ; clk_16ms    ; 1.000        ; 0.391      ; 4.993      ;
; -3.569 ; data_counter[3]             ; data[3]~reg0       ; clk_16ms     ; clk_16ms    ; 1.000        ; 0.391      ; 4.961      ;
; -3.523 ; command_counter[2]          ; data[4]~reg0       ; clk_16ms     ; clk_16ms    ; 1.000        ; 0.388      ; 4.912      ;
; -3.507 ; command_counter[1]          ; data[3]~reg0       ; clk_16ms     ; clk_16ms    ; 1.000        ; 0.387      ; 4.895      ;
; -3.506 ; data_counter[4]             ; data[2]~reg0       ; clk_16ms     ; clk_16ms    ; 1.000        ; 0.393      ; 4.900      ;
; -3.487 ; command_counter[2]          ; rs~reg0            ; clk_16ms     ; clk_16ms    ; 1.000        ; -0.079     ; 4.409      ;
; -3.470 ; data_counter[2]             ; data[3]~reg0       ; clk_16ms     ; clk_16ms    ; 1.000        ; 0.391      ; 4.862      ;
; -3.454 ; data_counter[4]             ; data[6]~reg0       ; clk_16ms     ; clk_16ms    ; 1.000        ; 0.393      ; 4.848      ;
; -3.431 ; data_counter[0]             ; data[0]~reg0       ; clk_16ms     ; clk_16ms    ; 1.000        ; 0.426      ; 4.858      ;
; -3.421 ; data_counter[4]             ; data[0]~reg0       ; clk_16ms     ; clk_16ms    ; 1.000        ; 0.426      ; 4.848      ;
; -3.375 ; command_counter[2]          ; data[1]~reg0       ; clk_16ms     ; clk_16ms    ; 1.000        ; 0.389      ; 4.765      ;
; -3.374 ; command_counter[0]          ; rs~reg0            ; clk_16ms     ; clk_16ms    ; 1.000        ; -0.079     ; 4.296      ;
; -3.357 ; data_counter[4]             ; data[4]~reg0       ; clk_16ms     ; clk_16ms    ; 1.000        ; 0.392      ; 4.750      ;
; -3.355 ; command_counter[2]          ; command_counter[2] ; clk_16ms     ; clk_16ms    ; 1.000        ; -0.080     ; 4.276      ;
; -3.354 ; command_counter[2]          ; command_counter[0] ; clk_16ms     ; clk_16ms    ; 1.000        ; -0.080     ; 4.275      ;
; -3.351 ; command_counter[2]          ; command_counter[1] ; clk_16ms     ; clk_16ms    ; 1.000        ; -0.080     ; 4.272      ;
; -3.335 ; data_counter[2]             ; data[0]~reg0       ; clk_16ms     ; clk_16ms    ; 1.000        ; 0.426      ; 4.762      ;
; -3.324 ; command_counter[2]          ; data[0]~reg0       ; clk_16ms     ; clk_16ms    ; 1.000        ; 0.422      ; 4.747      ;
; -3.322 ; data_counter[3]             ; data[0]~reg0       ; clk_16ms     ; clk_16ms    ; 1.000        ; 0.426      ; 4.749      ;
; -3.312 ; data_counter[3]             ; data[4]~reg0       ; clk_16ms     ; clk_16ms    ; 1.000        ; 0.392      ; 4.705      ;
; -3.296 ; command_counter[0]          ; data[4]~reg0       ; clk_16ms     ; clk_16ms    ; 1.000        ; 0.388      ; 4.685      ;
; -3.294 ; data_counter[4]             ; data[1]~reg0       ; clk_16ms     ; clk_16ms    ; 1.000        ; 0.393      ; 4.688      ;
; -3.283 ; command_counter[2]          ; data[5]~reg0       ; clk_16ms     ; clk_16ms    ; 1.000        ; 0.389      ; 4.673      ;
; -3.264 ; command_counter[1]          ; rs~reg0            ; clk_16ms     ; clk_16ms    ; 1.000        ; -0.079     ; 4.186      ;
; -3.257 ; data_counter[3]             ; command_counter[2] ; clk_16ms     ; clk_16ms    ; 1.000        ; -0.076     ; 4.182      ;
; -3.256 ; data_counter[3]             ; command_counter[0] ; clk_16ms     ; clk_16ms    ; 1.000        ; -0.076     ; 4.181      ;
; -3.254 ; command_counter[0]          ; data[1]~reg0       ; clk_16ms     ; clk_16ms    ; 1.000        ; 0.389      ; 4.644      ;
; -3.253 ; data_counter[3]             ; command_counter[1] ; clk_16ms     ; clk_16ms    ; 1.000        ; -0.076     ; 4.178      ;
; -3.248 ; fsm_state.WR_STATIC_TEXT_1L ; data[3]~reg0       ; clk_16ms     ; clk_16ms    ; 1.000        ; 0.387      ; 4.636      ;
; -3.245 ; data_counter[1]             ; data[0]~reg0       ; clk_16ms     ; clk_16ms    ; 1.000        ; 0.426      ; 4.672      ;
; -3.243 ; data_counter[1]             ; command_counter[2] ; clk_16ms     ; clk_16ms    ; 1.000        ; -0.076     ; 4.168      ;
; -3.242 ; command_counter[0]          ; command_counter[2] ; clk_16ms     ; clk_16ms    ; 1.000        ; -0.080     ; 4.163      ;
; -3.242 ; data_counter[1]             ; command_counter[0] ; clk_16ms     ; clk_16ms    ; 1.000        ; -0.076     ; 4.167      ;
; -3.241 ; command_counter[0]          ; command_counter[0] ; clk_16ms     ; clk_16ms    ; 1.000        ; -0.080     ; 4.162      ;
; -3.239 ; data_counter[1]             ; command_counter[1] ; clk_16ms     ; clk_16ms    ; 1.000        ; -0.076     ; 4.164      ;
; -3.238 ; command_counter[0]          ; command_counter[1] ; clk_16ms     ; clk_16ms    ; 1.000        ; -0.080     ; 4.159      ;
; -3.230 ; data_counter[1]             ; data[1]~reg0       ; clk_16ms     ; clk_16ms    ; 1.000        ; 0.393      ; 4.624      ;
; -3.211 ; command_counter[0]          ; data[0]~reg0       ; clk_16ms     ; clk_16ms    ; 1.000        ; 0.422      ; 4.634      ;
; -3.201 ; data_counter[3]             ; data[2]~reg0       ; clk_16ms     ; clk_16ms    ; 1.000        ; 0.393      ; 4.595      ;
; -3.195 ; data_counter[3]             ; rs~reg0            ; clk_16ms     ; clk_16ms    ; 1.000        ; -0.075     ; 4.121      ;
; -3.190 ; data_counter[4]             ; command_counter[2] ; clk_16ms     ; clk_16ms    ; 1.000        ; -0.076     ; 4.115      ;
; -3.189 ; data_counter[4]             ; command_counter[0] ; clk_16ms     ; clk_16ms    ; 1.000        ; -0.076     ; 4.114      ;
; -3.187 ; data_counter[1]             ; data[2]~reg0       ; clk_16ms     ; clk_16ms    ; 1.000        ; 0.393      ; 4.581      ;
; -3.186 ; command_counter[1]          ; data[4]~reg0       ; clk_16ms     ; clk_16ms    ; 1.000        ; 0.388      ; 4.575      ;
; -3.186 ; data_counter[4]             ; command_counter[1] ; clk_16ms     ; clk_16ms    ; 1.000        ; -0.076     ; 4.111      ;
; -3.181 ; data_counter[1]             ; rs~reg0            ; clk_16ms     ; clk_16ms    ; 1.000        ; -0.075     ; 4.107      ;
; -3.164 ; data_counter[3]             ; data[1]~reg0       ; clk_16ms     ; clk_16ms    ; 1.000        ; 0.393      ; 4.558      ;
; -3.157 ; data_counter[3]             ; data[6]~reg0       ; clk_16ms     ; clk_16ms    ; 1.000        ; 0.393      ; 4.551      ;
; -3.153 ; data_counter[1]             ; data[4]~reg0       ; clk_16ms     ; clk_16ms    ; 1.000        ; 0.392      ; 4.546      ;
; -3.144 ; command_counter[1]          ; data[1]~reg0       ; clk_16ms     ; clk_16ms    ; 1.000        ; 0.389      ; 4.534      ;
; -3.138 ; fsm_state.CONFIG_CMD1       ; data[3]~reg0       ; clk_16ms     ; clk_16ms    ; 1.000        ; 0.387      ; 4.526      ;
; -3.132 ; command_counter[1]          ; command_counter[2] ; clk_16ms     ; clk_16ms    ; 1.000        ; -0.080     ; 4.053      ;
; -3.131 ; command_counter[1]          ; command_counter[0] ; clk_16ms     ; clk_16ms    ; 1.000        ; -0.080     ; 4.052      ;
; -3.128 ; command_counter[1]          ; command_counter[1] ; clk_16ms     ; clk_16ms    ; 1.000        ; -0.080     ; 4.049      ;
; -3.128 ; data_counter[4]             ; rs~reg0            ; clk_16ms     ; clk_16ms    ; 1.000        ; -0.075     ; 4.054      ;
; -3.126 ; data_counter[0]             ; command_counter[2] ; clk_16ms     ; clk_16ms    ; 1.000        ; -0.076     ; 4.051      ;
; -3.125 ; data_counter[0]             ; command_counter[0] ; clk_16ms     ; clk_16ms    ; 1.000        ; -0.076     ; 4.050      ;
; -3.122 ; data_counter[0]             ; command_counter[1] ; clk_16ms     ; clk_16ms    ; 1.000        ; -0.076     ; 4.047      ;
; -3.114 ; fsm_state.CONFIG_CMD2       ; data[3]~reg0       ; clk_16ms     ; clk_16ms    ; 1.000        ; 0.386      ; 4.501      ;
; -3.110 ; command_counter[2]          ; data[6]~reg0       ; clk_16ms     ; clk_16ms    ; 1.000        ; 0.389      ; 4.500      ;
; -3.106 ; data_counter[2]             ; command_counter[2] ; clk_16ms     ; clk_16ms    ; 1.000        ; -0.076     ; 4.031      ;
; -3.105 ; data_counter[2]             ; command_counter[0] ; clk_16ms     ; clk_16ms    ; 1.000        ; -0.076     ; 4.030      ;
; -3.102 ; data_counter[2]             ; command_counter[1] ; clk_16ms     ; clk_16ms    ; 1.000        ; -0.076     ; 4.027      ;
; -3.101 ; command_counter[1]          ; data[0]~reg0       ; clk_16ms     ; clk_16ms    ; 1.000        ; 0.422      ; 4.524      ;
; -3.094 ; command_counter[2]          ; data_counter[4]    ; clk_16ms     ; clk_16ms    ; 1.000        ; -0.085     ; 4.010      ;
; -3.094 ; command_counter[2]          ; data_counter[3]    ; clk_16ms     ; clk_16ms    ; 1.000        ; -0.085     ; 4.010      ;
; -3.094 ; command_counter[2]          ; data_counter[0]    ; clk_16ms     ; clk_16ms    ; 1.000        ; -0.085     ; 4.010      ;
; -3.094 ; command_counter[2]          ; data_counter[1]    ; clk_16ms     ; clk_16ms    ; 1.000        ; -0.085     ; 4.010      ;
; -3.094 ; command_counter[2]          ; data_counter[2]    ; clk_16ms     ; clk_16ms    ; 1.000        ; -0.085     ; 4.010      ;
; -3.072 ; data_counter[3]             ; data[5]~reg0       ; clk_16ms     ; clk_16ms    ; 1.000        ; 0.393      ; 4.466      ;
; -3.071 ; data_counter[0]             ; data[4]~reg0       ; clk_16ms     ; clk_16ms    ; 1.000        ; 0.392      ; 4.464      ;
; -3.070 ; data_counter[0]             ; data[2]~reg0       ; clk_16ms     ; clk_16ms    ; 1.000        ; 0.393      ; 4.464      ;
; -3.070 ; data_counter[1]             ; data[6]~reg0       ; clk_16ms     ; clk_16ms    ; 1.000        ; 0.393      ; 4.464      ;
; -3.067 ; data_counter[2]             ; data[4]~reg0       ; clk_16ms     ; clk_16ms    ; 1.000        ; 0.392      ; 4.460      ;
; -3.064 ; data_counter[0]             ; rs~reg0            ; clk_16ms     ; clk_16ms    ; 1.000        ; -0.075     ; 3.990      ;
; -3.060 ; data_counter[2]             ; data[2]~reg0       ; clk_16ms     ; clk_16ms    ; 1.000        ; 0.393      ; 4.454      ;
; -3.060 ; command_counter[0]          ; data[5]~reg0       ; clk_16ms     ; clk_16ms    ; 1.000        ; 0.389      ; 4.450      ;
; -3.052 ; fsm_state.CONFIG_CMD2       ; data[0]~reg0       ; clk_16ms     ; clk_16ms    ; 1.000        ; 0.421      ; 4.474      ;
; -3.050 ; fsm_state.CONFIG_CMD2       ; command_counter[2] ; clk_16ms     ; clk_16ms    ; 1.000        ; -0.081     ; 3.970      ;
; -3.049 ; fsm_state.CONFIG_CMD2       ; command_counter[0] ; clk_16ms     ; clk_16ms    ; 1.000        ; -0.081     ; 3.969      ;
; -3.046 ; fsm_state.CONFIG_CMD2       ; command_counter[1] ; clk_16ms     ; clk_16ms    ; 1.000        ; -0.081     ; 3.966      ;
; -3.044 ; data_counter[2]             ; rs~reg0            ; clk_16ms     ; clk_16ms    ; 1.000        ; -0.075     ; 3.970      ;
; -3.038 ; fsm_state.IDLE              ; data[3]~reg0       ; clk_16ms     ; clk_16ms    ; 1.000        ; 0.387      ; 4.426      ;
; -3.011 ; data_counter[3]             ; data_counter[4]    ; clk_16ms     ; clk_16ms    ; 1.000        ; -0.081     ; 3.931      ;
; -3.011 ; data_counter[3]             ; data_counter[3]    ; clk_16ms     ; clk_16ms    ; 1.000        ; -0.081     ; 3.931      ;
; -3.011 ; data_counter[3]             ; data_counter[0]    ; clk_16ms     ; clk_16ms    ; 1.000        ; -0.081     ; 3.931      ;
; -3.011 ; data_counter[3]             ; data_counter[1]    ; clk_16ms     ; clk_16ms    ; 1.000        ; -0.081     ; 3.931      ;
; -3.011 ; data_counter[3]             ; data_counter[2]    ; clk_16ms     ; clk_16ms    ; 1.000        ; -0.081     ; 3.931      ;
; -2.997 ; command_counter[0]          ; data[6]~reg0       ; clk_16ms     ; clk_16ms    ; 1.000        ; 0.389      ; 4.387      ;
; -2.994 ; fsm_state.CONFIG_CMD2       ; data[2]~reg0       ; clk_16ms     ; clk_16ms    ; 1.000        ; 0.388      ; 4.383      ;
; -2.991 ; fsm_state.WR_STATIC_TEXT_1L ; data[4]~reg0       ; clk_16ms     ; clk_16ms    ; 1.000        ; 0.388      ; 4.380      ;
; -2.965 ; fsm_state.WR_STATIC_TEXT_2L ; data[3]~reg0       ; clk_16ms     ; clk_16ms    ; 1.000        ; 0.386      ; 4.352      ;
; -2.953 ; data_counter[0]             ; data[6]~reg0       ; clk_16ms     ; clk_16ms    ; 1.000        ; 0.393      ; 4.347      ;
; -2.950 ; command_counter[1]          ; data[5]~reg0       ; clk_16ms     ; clk_16ms    ; 1.000        ; 0.389      ; 4.340      ;
; -2.945 ; fsm_state.WR_STATIC_TEXT_1L ; rs~reg0            ; clk_16ms     ; clk_16ms    ; 1.000        ; -0.079     ; 3.867      ;
; -2.944 ; data_counter[0]             ; data[1]~reg0       ; clk_16ms     ; clk_16ms    ; 1.000        ; 0.393      ; 4.338      ;
+--------+-----------------------------+--------------------+--------------+-------------+--------------+------------+------------+


+-----------------------------------------------------------------------------------------------------------------------------------------+
; Slow 1200mV 85C Model Hold: 'clk_16ms'                                                                                                  ;
+-------+-----------------------------+-----------------------------+--------------+-------------+--------------+------------+------------+
; Slack ; From Node                   ; To Node                     ; Launch Clock ; Latch Clock ; Relationship ; Clock Skew ; Data Delay ;
+-------+-----------------------------+-----------------------------+--------------+-------------+--------------+------------+------------+
; 0.454 ; rs~reg0                     ; rs~reg0                     ; clk_16ms     ; clk_16ms    ; 0.000        ; 0.080      ; 0.746      ;
; 0.454 ; command_counter[1]          ; command_counter[1]          ; clk_16ms     ; clk_16ms    ; 0.000        ; 0.080      ; 0.746      ;
; 0.454 ; command_counter[0]          ; command_counter[0]          ; clk_16ms     ; clk_16ms    ; 0.000        ; 0.080      ; 0.746      ;
; 0.454 ; command_counter[2]          ; command_counter[2]          ; clk_16ms     ; clk_16ms    ; 0.000        ; 0.080      ; 0.746      ;
; 0.454 ; fsm_state.WR_STATIC_TEXT_2L ; fsm_state.WR_STATIC_TEXT_2L ; clk_16ms     ; clk_16ms    ; 0.000        ; 0.080      ; 0.746      ;
; 0.549 ; data_counter[4]             ; data_counter[4]             ; clk_16ms     ; clk_16ms    ; 0.000        ; 0.081      ; 0.842      ;
; 0.707 ; fsm_state.WR_STATIC_TEXT_1L ; fsm_state.CONFIG_CMD2       ; clk_16ms     ; clk_16ms    ; 0.000        ; 0.081      ; 1.000      ;
; 0.787 ; data_counter[1]             ; data_counter[1]             ; clk_16ms     ; clk_16ms    ; 0.000        ; 0.081      ; 1.080      ;
; 0.790 ; fsm_state.CONFIG_CMD2       ; fsm_state.WR_STATIC_TEXT_2L ; clk_16ms     ; clk_16ms    ; 0.000        ; 0.080      ; 1.082      ;
; 0.803 ; data_counter[2]             ; data_counter[2]             ; clk_16ms     ; clk_16ms    ; 0.000        ; 0.081      ; 1.096      ;
; 0.841 ; data_counter[0]             ; data_counter[0]             ; clk_16ms     ; clk_16ms    ; 0.000        ; 0.081      ; 1.134      ;
; 0.886 ; data_counter[2]             ; data[3]~reg0                ; clk_16ms     ; clk_16ms    ; 0.000        ; 0.572      ; 1.670      ;
; 0.998 ; command_counter[0]          ; command_counter[1]          ; clk_16ms     ; clk_16ms    ; 0.000        ; 0.080      ; 1.290      ;
; 1.009 ; data_counter[3]             ; data_counter[3]             ; clk_16ms     ; clk_16ms    ; 0.000        ; 0.081      ; 1.302      ;
; 1.116 ; fsm_state.IDLE              ; fsm_state.IDLE              ; clk_16ms     ; clk_16ms    ; 0.000        ; 0.080      ; 1.408      ;
; 1.141 ; data_counter[1]             ; data_counter[2]             ; clk_16ms     ; clk_16ms    ; 0.000        ; 0.081      ; 1.434      ;
; 1.164 ; data_counter[2]             ; data_counter[3]             ; clk_16ms     ; clk_16ms    ; 0.000        ; 0.081      ; 1.457      ;
; 1.173 ; data_counter[2]             ; data_counter[4]             ; clk_16ms     ; clk_16ms    ; 0.000        ; 0.081      ; 1.466      ;
; 1.179 ; data_counter[0]             ; data_counter[1]             ; clk_16ms     ; clk_16ms    ; 0.000        ; 0.081      ; 1.472      ;
; 1.188 ; data_counter[0]             ; data_counter[2]             ; clk_16ms     ; clk_16ms    ; 0.000        ; 0.081      ; 1.481      ;
; 1.247 ; fsm_state.WR_STATIC_TEXT_2L ; fsm_state.IDLE              ; clk_16ms     ; clk_16ms    ; 0.000        ; 0.079      ; 1.538      ;
; 1.272 ; data_counter[1]             ; data_counter[3]             ; clk_16ms     ; clk_16ms    ; 0.000        ; 0.081      ; 1.565      ;
; 1.278 ; data_counter[2]             ; data[4]~reg0                ; clk_16ms     ; clk_16ms    ; 0.000        ; 0.573      ; 2.063      ;
; 1.281 ; data_counter[1]             ; data_counter[4]             ; clk_16ms     ; clk_16ms    ; 0.000        ; 0.081      ; 1.574      ;
; 1.305 ; data_counter[2]             ; data[0]~reg0                ; clk_16ms     ; clk_16ms    ; 0.000        ; 0.608      ; 2.125      ;
; 1.316 ; data_counter[2]             ; data[1]~reg0                ; clk_16ms     ; clk_16ms    ; 0.000        ; 0.574      ; 2.102      ;
; 1.319 ; data_counter[0]             ; data_counter[3]             ; clk_16ms     ; clk_16ms    ; 0.000        ; 0.081      ; 1.612      ;
; 1.323 ; fsm_state.WR_STATIC_TEXT_1L ; data[7]~reg0                ; clk_16ms     ; clk_16ms    ; 0.000        ; 0.080      ; 1.615      ;
; 1.328 ; data_counter[0]             ; data_counter[4]             ; clk_16ms     ; clk_16ms    ; 0.000        ; 0.081      ; 1.621      ;
; 1.358 ; fsm_state.CONFIG_CMD1       ; command_counter[2]          ; clk_16ms     ; clk_16ms    ; 0.000        ; 0.080      ; 1.650      ;
; 1.360 ; fsm_state.CONFIG_CMD1       ; command_counter[0]          ; clk_16ms     ; clk_16ms    ; 0.000        ; 0.080      ; 1.652      ;
; 1.364 ; data_counter[3]             ; data_counter[4]             ; clk_16ms     ; clk_16ms    ; 0.000        ; 0.081      ; 1.657      ;
; 1.366 ; fsm_state.CONFIG_CMD1       ; command_counter[1]          ; clk_16ms     ; clk_16ms    ; 0.000        ; 0.080      ; 1.658      ;
; 1.399 ; command_counter[0]          ; command_counter[2]          ; clk_16ms     ; clk_16ms    ; 0.000        ; 0.080      ; 1.691      ;
; 1.449 ; data_counter[0]             ; data[5]~reg0                ; clk_16ms     ; clk_16ms    ; 0.000        ; 0.574      ; 2.235      ;
; 1.463 ; data_counter[3]             ; data[5]~reg0                ; clk_16ms     ; clk_16ms    ; 0.000        ; 0.574      ; 2.249      ;
; 1.527 ; fsm_state.IDLE              ; command_counter[0]          ; clk_16ms     ; clk_16ms    ; 0.000        ; 0.080      ; 1.819      ;
; 1.537 ; fsm_state.IDLE              ; command_counter[2]          ; clk_16ms     ; clk_16ms    ; 0.000        ; 0.080      ; 1.829      ;
; 1.545 ; fsm_state.IDLE              ; command_counter[1]          ; clk_16ms     ; clk_16ms    ; 0.000        ; 0.080      ; 1.837      ;
; 1.551 ; fsm_state.CONFIG_CMD2       ; data[1]~reg0                ; clk_16ms     ; clk_16ms    ; 0.000        ; 0.568      ; 2.331      ;
; 1.570 ; fsm_state.WR_STATIC_TEXT_2L ; data[1]~reg0                ; clk_16ms     ; clk_16ms    ; 0.000        ; 0.568      ; 2.350      ;
; 1.577 ; data_counter[2]             ; data[5]~reg0                ; clk_16ms     ; clk_16ms    ; 0.000        ; 0.574      ; 2.363      ;
; 1.585 ; command_counter[1]          ; command_counter[2]          ; clk_16ms     ; clk_16ms    ; 0.000        ; 0.080      ; 1.877      ;
; 1.605 ; fsm_state.CONFIG_CMD2       ; data[0]~reg0                ; clk_16ms     ; clk_16ms    ; 0.000        ; 0.602      ; 2.419      ;
; 1.616 ; fsm_state.WR_STATIC_TEXT_2L ; data[0]~reg0                ; clk_16ms     ; clk_16ms    ; 0.000        ; 0.602      ; 2.430      ;
; 1.618 ; data_counter[3]             ; data[1]~reg0                ; clk_16ms     ; clk_16ms    ; 0.000        ; 0.574      ; 2.404      ;
; 1.629 ; fsm_state.CONFIG_CMD2       ; data[4]~reg0                ; clk_16ms     ; clk_16ms    ; 0.000        ; 0.567      ; 2.408      ;
; 1.636 ; data_counter[4]             ; data[5]~reg0                ; clk_16ms     ; clk_16ms    ; 0.000        ; 0.574      ; 2.422      ;
; 1.639 ; data_counter[0]             ; data[3]~reg0                ; clk_16ms     ; clk_16ms    ; 0.000        ; 0.572      ; 2.423      ;
; 1.642 ; fsm_state.WR_STATIC_TEXT_2L ; data[4]~reg0                ; clk_16ms     ; clk_16ms    ; 0.000        ; 0.567      ; 2.421      ;
; 1.654 ; command_counter[1]          ; command_counter[0]          ; clk_16ms     ; clk_16ms    ; 0.000        ; 0.080      ; 1.946      ;
; 1.661 ; data_counter[4]             ; data[4]~reg0                ; clk_16ms     ; clk_16ms    ; 0.000        ; 0.573      ; 2.446      ;
; 1.696 ; data_counter[3]             ; data[0]~reg0                ; clk_16ms     ; clk_16ms    ; 0.000        ; 0.608      ; 2.516      ;
; 1.699 ; fsm_state.CONFIG_CMD2       ; data[3]~reg0                ; clk_16ms     ; clk_16ms    ; 0.000        ; 0.566      ; 2.477      ;
; 1.708 ; fsm_state.WR_STATIC_TEXT_2L ; data[3]~reg0                ; clk_16ms     ; clk_16ms    ; 0.000        ; 0.566      ; 2.486      ;
; 1.747 ; data_counter[1]             ; data[6]~reg0                ; clk_16ms     ; clk_16ms    ; 0.000        ; 0.574      ; 2.533      ;
; 1.791 ; data_counter[3]             ; data[3]~reg0                ; clk_16ms     ; clk_16ms    ; 0.000        ; 0.572      ; 2.575      ;
; 1.804 ; data_counter[1]             ; data[5]~reg0                ; clk_16ms     ; clk_16ms    ; 0.000        ; 0.574      ; 2.590      ;
; 1.812 ; fsm_state.WR_STATIC_TEXT_1L ; command_counter[1]          ; clk_16ms     ; clk_16ms    ; 0.000        ; 0.080      ; 2.104      ;
; 1.813 ; data_counter[0]             ; data[1]~reg0                ; clk_16ms     ; clk_16ms    ; 0.000        ; 0.574      ; 2.599      ;
; 1.815 ; fsm_state.WR_STATIC_TEXT_1L ; command_counter[0]          ; clk_16ms     ; clk_16ms    ; 0.000        ; 0.080      ; 2.107      ;
; 1.816 ; fsm_state.WR_STATIC_TEXT_1L ; command_counter[2]          ; clk_16ms     ; clk_16ms    ; 0.000        ; 0.080      ; 2.108      ;
; 1.823 ; command_counter[1]          ; data[1]~reg0                ; clk_16ms     ; clk_16ms    ; 0.000        ; 0.569      ; 2.604      ;
; 1.834 ; data_counter[1]             ; data[3]~reg0                ; clk_16ms     ; clk_16ms    ; 0.000        ; 0.572      ; 2.618      ;
; 1.859 ; command_counter[0]          ; data[4]~reg0                ; clk_16ms     ; clk_16ms    ; 0.000        ; 0.568      ; 2.639      ;
; 1.864 ; data_counter[1]             ; data[0]~reg0                ; clk_16ms     ; clk_16ms    ; 0.000        ; 0.608      ; 2.684      ;
; 1.874 ; data_counter[0]             ; data[4]~reg0                ; clk_16ms     ; clk_16ms    ; 0.000        ; 0.573      ; 2.659      ;
; 1.929 ; command_counter[0]          ; data[2]~reg0                ; clk_16ms     ; clk_16ms    ; 0.000        ; 0.569      ; 2.710      ;
; 1.947 ; data_counter[1]             ; data[4]~reg0                ; clk_16ms     ; clk_16ms    ; 0.000        ; 0.573      ; 2.732      ;
; 1.948 ; command_counter[2]          ; command_counter[0]          ; clk_16ms     ; clk_16ms    ; 0.000        ; 0.080      ; 2.240      ;
; 1.953 ; command_counter[1]          ; data[2]~reg0                ; clk_16ms     ; clk_16ms    ; 0.000        ; 0.569      ; 2.734      ;
; 1.965 ; fsm_state.WR_STATIC_TEXT_1L ; data[6]~reg0                ; clk_16ms     ; clk_16ms    ; 0.000        ; 0.569      ; 2.746      ;
; 1.979 ; command_counter[2]          ; command_counter[1]          ; clk_16ms     ; clk_16ms    ; 0.000        ; 0.080      ; 2.271      ;
; 2.007 ; command_counter[0]          ; data[0]~reg0                ; clk_16ms     ; clk_16ms    ; 0.000        ; 0.603      ; 2.822      ;
; 2.023 ; data_counter[1]             ; data[2]~reg0                ; clk_16ms     ; clk_16ms    ; 0.000        ; 0.574      ; 2.809      ;
; 2.028 ; data_counter[1]             ; data[1]~reg0                ; clk_16ms     ; clk_16ms    ; 0.000        ; 0.574      ; 2.814      ;
; 2.030 ; data_counter[0]             ; data[0]~reg0                ; clk_16ms     ; clk_16ms    ; 0.000        ; 0.608      ; 2.850      ;
; 2.062 ; command_counter[1]          ; data[4]~reg0                ; clk_16ms     ; clk_16ms    ; 0.000        ; 0.568      ; 2.842      ;
; 2.066 ; data_counter[2]             ; data[6]~reg0                ; clk_16ms     ; clk_16ms    ; 0.000        ; 0.574      ; 2.852      ;
; 2.092 ; command_counter[0]          ; data[1]~reg0                ; clk_16ms     ; clk_16ms    ; 0.000        ; 0.569      ; 2.873      ;
; 2.117 ; fsm_state.CONFIG_CMD1       ; fsm_state.CONFIG_CMD1       ; clk_16ms     ; clk_16ms    ; 0.000        ; 0.080      ; 2.409      ;
; 2.119 ; data_counter[3]             ; data[4]~reg0                ; clk_16ms     ; clk_16ms    ; 0.000        ; 0.573      ; 2.904      ;
; 2.132 ; data_counter[2]             ; data[2]~reg0                ; clk_16ms     ; clk_16ms    ; 0.000        ; 0.574      ; 2.918      ;
; 2.160 ; fsm_state.CONFIG_CMD1       ; data[5]~reg0                ; clk_16ms     ; clk_16ms    ; 0.000        ; 0.569      ; 2.941      ;
; 2.165 ; data_counter[3]             ; data[2]~reg0                ; clk_16ms     ; clk_16ms    ; 0.000        ; 0.574      ; 2.951      ;
; 2.176 ; command_counter[0]          ; data[5]~reg0                ; clk_16ms     ; clk_16ms    ; 0.000        ; 0.569      ; 2.957      ;
; 2.204 ; command_counter[1]          ; data[0]~reg0                ; clk_16ms     ; clk_16ms    ; 0.000        ; 0.603      ; 3.019      ;
; 2.239 ; data_counter[0]             ; data[6]~reg0                ; clk_16ms     ; clk_16ms    ; 0.000        ; 0.574      ; 3.025      ;
; 2.247 ; fsm_state.IDLE              ; fsm_state.CONFIG_CMD1       ; clk_16ms     ; clk_16ms    ; 0.000        ; 0.080      ; 2.539      ;
; 2.254 ; data_counter[0]             ; data[2]~reg0                ; clk_16ms     ; clk_16ms    ; 0.000        ; 0.574      ; 3.040      ;
; 2.255 ; fsm_state.WR_STATIC_TEXT_1L ; data[5]~reg0                ; clk_16ms     ; clk_16ms    ; 0.000        ; 0.569      ; 3.036      ;
; 2.257 ; fsm_state.CONFIG_CMD1       ; data[2]~reg0                ; clk_16ms     ; clk_16ms    ; 0.000        ; 0.569      ; 3.038      ;
; 2.270 ; data_counter[3]             ; data[6]~reg0                ; clk_16ms     ; clk_16ms    ; 0.000        ; 0.574      ; 3.056      ;
; 2.292 ; fsm_state.WR_STATIC_TEXT_2L ; data[5]~reg0                ; clk_16ms     ; clk_16ms    ; 0.000        ; 0.568      ; 3.072      ;
; 2.304 ; command_counter[0]          ; data[3]~reg0                ; clk_16ms     ; clk_16ms    ; 0.000        ; 0.567      ; 3.083      ;
; 2.316 ; data_counter[2]             ; fsm_state.WR_STATIC_TEXT_2L ; clk_16ms     ; clk_16ms    ; 0.000        ; 0.086      ; 2.614      ;
; 2.319 ; data_counter[2]             ; fsm_state.CONFIG_CMD2       ; clk_16ms     ; clk_16ms    ; 0.000        ; 0.086      ; 2.617      ;
; 2.331 ; data_counter[4]             ; data[6]~reg0                ; clk_16ms     ; clk_16ms    ; 0.000        ; 0.574      ; 3.117      ;
; 2.331 ; fsm_state.CONFIG_CMD2       ; data[5]~reg0                ; clk_16ms     ; clk_16ms    ; 0.000        ; 0.568      ; 3.111      ;
; 2.336 ; data_counter[0]             ; fsm_state.WR_STATIC_TEXT_2L ; clk_16ms     ; clk_16ms    ; 0.000        ; 0.086      ; 2.634      ;
+-------+-----------------------------+-----------------------------+--------------+-------------+--------------+------------+------------+


+-----------------------------------------------------------------------------------------------------------------+
; Slow 1200mV 85C Model Hold: 'clk'                                                                               ;
+-------+-----------------+-----------------+--------------+-------------+--------------+------------+------------+
; Slack ; From Node       ; To Node         ; Launch Clock ; Latch Clock ; Relationship ; Clock Skew ; Data Delay ;
+-------+-----------------+-----------------+--------------+-------------+--------------+------------+------------+
; 0.742 ; clk_counter[9]  ; clk_counter[9]  ; clk          ; clk         ; 0.000        ; 0.081      ; 1.035      ;
; 0.746 ; clk_counter[17] ; clk_counter[17] ; clk          ; clk         ; 0.000        ; 0.081      ; 1.039      ;
; 0.746 ; clk_counter[6]  ; clk_counter[6]  ; clk          ; clk         ; 0.000        ; 0.081      ; 1.039      ;
; 0.746 ; clk_counter[3]  ; clk_counter[3]  ; clk          ; clk         ; 0.000        ; 0.081      ; 1.039      ;
; 0.746 ; clk_counter[1]  ; clk_counter[1]  ; clk          ; clk         ; 0.000        ; 0.081      ; 1.039      ;
; 0.747 ; clk_counter[16] ; clk_counter[16] ; clk          ; clk         ; 0.000        ; 0.081      ; 1.040      ;
; 0.747 ; clk_counter[4]  ; clk_counter[4]  ; clk          ; clk         ; 0.000        ; 0.081      ; 1.040      ;
; 0.747 ; clk_counter[2]  ; clk_counter[2]  ; clk          ; clk         ; 0.000        ; 0.081      ; 1.040      ;
; 0.762 ; clk_counter[15] ; clk_counter[15] ; clk          ; clk         ; 0.000        ; 0.081      ; 1.055      ;
; 0.762 ; clk_counter[11] ; clk_counter[11] ; clk          ; clk         ; 0.000        ; 0.081      ; 1.055      ;
; 0.763 ; clk_counter[0]  ; clk_counter[0]  ; clk          ; clk         ; 0.000        ; 0.081      ; 1.056      ;
; 0.765 ; clk_counter[14] ; clk_counter[14] ; clk          ; clk         ; 0.000        ; 0.081      ; 1.058      ;
; 0.955 ; clk_counter[5]  ; clk_counter[5]  ; clk          ; clk         ; 0.000        ; 0.081      ; 1.248      ;
; 0.963 ; clk_counter[7]  ; clk_counter[7]  ; clk          ; clk         ; 0.000        ; 0.081      ; 1.256      ;
; 1.100 ; clk_counter[3]  ; clk_counter[4]  ; clk          ; clk         ; 0.000        ; 0.081      ; 1.393      ;
; 1.100 ; clk_counter[1]  ; clk_counter[2]  ; clk          ; clk         ; 0.000        ; 0.081      ; 1.393      ;
; 1.107 ; clk_counter[0]  ; clk_counter[1]  ; clk          ; clk         ; 0.000        ; 0.081      ; 1.400      ;
; 1.107 ; clk_counter[6]  ; clk_counter[7]  ; clk          ; clk         ; 0.000        ; 0.081      ; 1.400      ;
; 1.108 ; clk_counter[16] ; clk_counter[17] ; clk          ; clk         ; 0.000        ; 0.081      ; 1.401      ;
; 1.108 ; clk_counter[2]  ; clk_counter[3]  ; clk          ; clk         ; 0.000        ; 0.081      ; 1.401      ;
; 1.108 ; clk_counter[4]  ; clk_counter[5]  ; clk          ; clk         ; 0.000        ; 0.081      ; 1.401      ;
; 1.110 ; clk_counter[8]  ; clk_counter[9]  ; clk          ; clk         ; 0.000        ; 0.081      ; 1.403      ;
; 1.116 ; clk_counter[0]  ; clk_counter[2]  ; clk          ; clk         ; 0.000        ; 0.081      ; 1.409      ;
; 1.117 ; clk_counter[4]  ; clk_counter[6]  ; clk          ; clk         ; 0.000        ; 0.081      ; 1.410      ;
; 1.117 ; clk_counter[15] ; clk_counter[16] ; clk          ; clk         ; 0.000        ; 0.081      ; 1.410      ;
; 1.117 ; clk_counter[2]  ; clk_counter[4]  ; clk          ; clk         ; 0.000        ; 0.081      ; 1.410      ;
; 1.118 ; clk_counter[13] ; clk_counter[14] ; clk          ; clk         ; 0.000        ; 0.081      ; 1.411      ;
; 1.126 ; clk_counter[14] ; clk_counter[15] ; clk          ; clk         ; 0.000        ; 0.081      ; 1.419      ;
; 1.128 ; clk_counter[10] ; clk_counter[11] ; clk          ; clk         ; 0.000        ; 0.081      ; 1.421      ;
; 1.135 ; clk_counter[14] ; clk_counter[16] ; clk          ; clk         ; 0.000        ; 0.081      ; 1.428      ;
; 1.136 ; clk_counter[12] ; clk_counter[14] ; clk          ; clk         ; 0.000        ; 0.081      ; 1.429      ;
; 1.144 ; clk_counter[19] ; clk_counter[19] ; clk          ; clk         ; 0.000        ; 0.081      ; 1.437      ;
; 1.147 ; clk_counter[18] ; clk_counter[18] ; clk          ; clk         ; 0.000        ; 0.081      ; 1.440      ;
; 1.149 ; clk_counter[8]  ; clk_counter[8]  ; clk          ; clk         ; 0.000        ; 0.081      ; 1.442      ;
; 1.169 ; clk_counter[10] ; clk_counter[10] ; clk          ; clk         ; 0.000        ; 0.081      ; 1.462      ;
; 1.227 ; clk_counter[9]  ; clk_counter[11] ; clk          ; clk         ; 0.000        ; 0.082      ; 1.521      ;
; 1.231 ; clk_counter[1]  ; clk_counter[3]  ; clk          ; clk         ; 0.000        ; 0.081      ; 1.524      ;
; 1.231 ; clk_counter[3]  ; clk_counter[5]  ; clk          ; clk         ; 0.000        ; 0.081      ; 1.524      ;
; 1.240 ; clk_counter[3]  ; clk_counter[6]  ; clk          ; clk         ; 0.000        ; 0.081      ; 1.533      ;
; 1.240 ; clk_counter[1]  ; clk_counter[4]  ; clk          ; clk         ; 0.000        ; 0.081      ; 1.533      ;
; 1.247 ; clk_counter[6]  ; clk_counter[9]  ; clk          ; clk         ; 0.000        ; 0.081      ; 1.540      ;
; 1.247 ; clk_counter[0]  ; clk_counter[3]  ; clk          ; clk         ; 0.000        ; 0.081      ; 1.540      ;
; 1.248 ; clk_counter[4]  ; clk_counter[7]  ; clk          ; clk         ; 0.000        ; 0.081      ; 1.541      ;
; 1.248 ; clk_counter[15] ; clk_counter[17] ; clk          ; clk         ; 0.000        ; 0.081      ; 1.541      ;
; 1.248 ; clk_counter[2]  ; clk_counter[5]  ; clk          ; clk         ; 0.000        ; 0.081      ; 1.541      ;
; 1.249 ; clk_counter[13] ; clk_counter[15] ; clk          ; clk         ; 0.000        ; 0.081      ; 1.542      ;
; 1.249 ; clk_counter[8]  ; clk_counter[11] ; clk          ; clk         ; 0.000        ; 0.082      ; 1.543      ;
; 1.256 ; clk_counter[11] ; clk_counter[14] ; clk          ; clk         ; 0.000        ; 0.081      ; 1.549      ;
; 1.256 ; clk_counter[0]  ; clk_counter[4]  ; clk          ; clk         ; 0.000        ; 0.081      ; 1.549      ;
; 1.257 ; clk_counter[2]  ; clk_counter[6]  ; clk          ; clk         ; 0.000        ; 0.081      ; 1.550      ;
; 1.258 ; clk_counter[13] ; clk_counter[16] ; clk          ; clk         ; 0.000        ; 0.081      ; 1.551      ;
; 1.266 ; clk_counter[14] ; clk_counter[17] ; clk          ; clk         ; 0.000        ; 0.081      ; 1.559      ;
; 1.267 ; clk_counter[12] ; clk_counter[15] ; clk          ; clk         ; 0.000        ; 0.081      ; 1.560      ;
; 1.276 ; clk_counter[12] ; clk_counter[16] ; clk          ; clk         ; 0.000        ; 0.081      ; 1.569      ;
; 1.277 ; clk_counter[10] ; clk_counter[14] ; clk          ; clk         ; 0.000        ; 0.081      ; 1.570      ;
; 1.305 ; clk_counter[12] ; clk_counter[12] ; clk          ; clk         ; 0.000        ; 0.081      ; 1.598      ;
; 1.309 ; clk_counter[5]  ; clk_counter[6]  ; clk          ; clk         ; 0.000        ; 0.081      ; 1.602      ;
; 1.319 ; clk_16ms        ; clk_16ms        ; clk_16ms     ; clk         ; 0.000        ; 2.602      ; 4.424      ;
; 1.371 ; clk_counter[3]  ; clk_counter[7]  ; clk          ; clk         ; 0.000        ; 0.081      ; 1.664      ;
; 1.371 ; clk_counter[1]  ; clk_counter[5]  ; clk          ; clk         ; 0.000        ; 0.081      ; 1.664      ;
; 1.376 ; clk_counter[9]  ; clk_counter[14] ; clk          ; clk         ; 0.000        ; 0.082      ; 1.670      ;
; 1.380 ; clk_counter[1]  ; clk_counter[6]  ; clk          ; clk         ; 0.000        ; 0.081      ; 1.673      ;
; 1.382 ; clk_counter[16] ; clk_counter[19] ; clk          ; clk         ; 0.000        ; 0.081      ; 1.675      ;
; 1.382 ; clk_counter[16] ; clk_counter[18] ; clk          ; clk         ; 0.000        ; 0.081      ; 1.675      ;
; 1.382 ; clk_counter[16] ; clk_counter[10] ; clk          ; clk         ; 0.000        ; 0.081      ; 1.675      ;
; 1.383 ; clk_counter[16] ; clk_counter[12] ; clk          ; clk         ; 0.000        ; 0.081      ; 1.676      ;
; 1.386 ; clk_counter[6]  ; clk_counter[11] ; clk          ; clk         ; 0.000        ; 0.082      ; 1.680      ;
; 1.387 ; clk_counter[11] ; clk_counter[15] ; clk          ; clk         ; 0.000        ; 0.081      ; 1.680      ;
; 1.387 ; clk_counter[0]  ; clk_counter[5]  ; clk          ; clk         ; 0.000        ; 0.081      ; 1.680      ;
; 1.388 ; clk_counter[4]  ; clk_counter[9]  ; clk          ; clk         ; 0.000        ; 0.081      ; 1.681      ;
; 1.388 ; clk_counter[2]  ; clk_counter[7]  ; clk          ; clk         ; 0.000        ; 0.081      ; 1.681      ;
; 1.389 ; clk_counter[13] ; clk_counter[17] ; clk          ; clk         ; 0.000        ; 0.081      ; 1.682      ;
; 1.396 ; clk_counter[11] ; clk_counter[16] ; clk          ; clk         ; 0.000        ; 0.081      ; 1.689      ;
; 1.396 ; clk_counter[0]  ; clk_counter[6]  ; clk          ; clk         ; 0.000        ; 0.081      ; 1.689      ;
; 1.398 ; clk_counter[8]  ; clk_counter[14] ; clk          ; clk         ; 0.000        ; 0.082      ; 1.692      ;
; 1.400 ; clk_counter[13] ; clk_counter[13] ; clk          ; clk         ; 0.000        ; 0.081      ; 1.693      ;
; 1.404 ; clk_counter[5]  ; clk_counter[7]  ; clk          ; clk         ; 0.000        ; 0.081      ; 1.697      ;
; 1.404 ; clk_counter[7]  ; clk_counter[9]  ; clk          ; clk         ; 0.000        ; 0.081      ; 1.697      ;
; 1.407 ; clk_counter[12] ; clk_counter[17] ; clk          ; clk         ; 0.000        ; 0.081      ; 1.700      ;
; 1.408 ; clk_counter[10] ; clk_counter[15] ; clk          ; clk         ; 0.000        ; 0.081      ; 1.701      ;
; 1.417 ; clk_counter[10] ; clk_counter[16] ; clk          ; clk         ; 0.000        ; 0.081      ; 1.710      ;
; 1.488 ; clk_counter[18] ; clk_counter[19] ; clk          ; clk         ; 0.000        ; 0.081      ; 1.781      ;
; 1.498 ; clk_counter[9]  ; clk_counter[10] ; clk          ; clk         ; 0.000        ; 0.082      ; 1.792      ;
; 1.499 ; clk_counter[17] ; clk_counter[18] ; clk          ; clk         ; 0.000        ; 0.081      ; 1.792      ;
; 1.507 ; clk_counter[9]  ; clk_counter[15] ; clk          ; clk         ; 0.000        ; 0.082      ; 1.801      ;
; 1.511 ; clk_counter[3]  ; clk_counter[9]  ; clk          ; clk         ; 0.000        ; 0.081      ; 1.804      ;
; 1.511 ; clk_counter[1]  ; clk_counter[7]  ; clk          ; clk         ; 0.000        ; 0.081      ; 1.804      ;
; 1.516 ; clk_counter[6]  ; clk_counter[8]  ; clk          ; clk         ; 0.000        ; 0.081      ; 1.809      ;
; 1.516 ; clk_counter[9]  ; clk_counter[16] ; clk          ; clk         ; 0.000        ; 0.082      ; 1.810      ;
; 1.520 ; clk_counter[8]  ; clk_counter[10] ; clk          ; clk         ; 0.000        ; 0.082      ; 1.814      ;
; 1.521 ; clk_counter[17] ; clk_counter[19] ; clk          ; clk         ; 0.000        ; 0.081      ; 1.814      ;
; 1.521 ; clk_counter[17] ; clk_counter[10] ; clk          ; clk         ; 0.000        ; 0.081      ; 1.814      ;
; 1.522 ; clk_counter[17] ; clk_counter[12] ; clk          ; clk         ; 0.000        ; 0.081      ; 1.815      ;
; 1.526 ; clk_counter[16] ; clk_counter[13] ; clk          ; clk         ; 0.000        ; 0.081      ; 1.819      ;
; 1.527 ; clk_counter[4]  ; clk_counter[11] ; clk          ; clk         ; 0.000        ; 0.082      ; 1.821      ;
; 1.527 ; clk_counter[11] ; clk_counter[17] ; clk          ; clk         ; 0.000        ; 0.081      ; 1.820      ;
; 1.527 ; clk_counter[0]  ; clk_counter[7]  ; clk          ; clk         ; 0.000        ; 0.081      ; 1.820      ;
; 1.528 ; clk_counter[2]  ; clk_counter[9]  ; clk          ; clk         ; 0.000        ; 0.081      ; 1.821      ;
; 1.529 ; clk_counter[8]  ; clk_counter[15] ; clk          ; clk         ; 0.000        ; 0.082      ; 1.823      ;
; 1.535 ; clk_counter[6]  ; clk_counter[14] ; clk          ; clk         ; 0.000        ; 0.082      ; 1.829      ;
+-------+-----------------+-----------------+--------------+-------------+--------------+------------+------------+


-----------------------------------------------
; Slow 1200mV 85C Model Metastability Summary ;
-----------------------------------------------
No synchronizer chains to report.


+--------------------------------------------------+
; Slow 1200mV 0C Model Fmax Summary                ;
+------------+-----------------+------------+------+
; Fmax       ; Restricted Fmax ; Clock Name ; Note ;
+------------+-----------------+------------+------+
; 215.33 MHz ; 215.33 MHz      ; clk        ;      ;
; 220.99 MHz ; 220.99 MHz      ; clk_16ms   ;      ;
+------------+-----------------+------------+------+
This panel reports FMAX for every clock in the design, regardless of the user-specified clock periods.  FMAX is only computed for paths where the source and destination registers or ports are driven by the same clock.  Paths of different clocks, including generated clocks, are ignored.  For paths between a clock and its inversion, FMAX is computed as if the rising and falling edges are scaled along with FMAX, such that the duty cycle (in terms of a percentage) is maintained. Altera recommends that you always use clock constraints and other slack reports for sign-off analysis.


+------------------------------------+
; Slow 1200mV 0C Model Setup Summary ;
+----------+--------+----------------+
; Clock    ; Slack  ; End Point TNS  ;
+----------+--------+----------------+
; clk      ; -3.644 ; -33.674        ;
; clk_16ms ; -3.525 ; -61.664        ;
+----------+--------+----------------+


+-----------------------------------+
; Slow 1200mV 0C Model Hold Summary ;
+----------+-------+----------------+
; Clock    ; Slack ; End Point TNS  ;
+----------+-------+----------------+
; clk_16ms ; 0.402 ; 0.000          ;
; clk      ; 0.690 ; 0.000          ;
+----------+-------+----------------+


-----------------------------------------
; Slow 1200mV 0C Model Recovery Summary ;
-----------------------------------------
No paths to report.


----------------------------------------
; Slow 1200mV 0C Model Removal Summary ;
----------------------------------------
No paths to report.


+--------------------------------------------------+
; Slow 1200mV 0C Model Minimum Pulse Width Summary ;
+----------+--------+------------------------------+
; Clock    ; Slack  ; End Point TNS                ;
+----------+--------+------------------------------+
; clk      ; -3.000 ; -34.227                      ;
; clk_16ms ; -1.487 ; -32.714                      ;
+----------+--------+------------------------------+


+------------------------------------------------------------------------------------------------------------------+
; Slow 1200mV 0C Model Setup: 'clk'                                                                                ;
+--------+-----------------+-----------------+--------------+-------------+--------------+------------+------------+
; Slack  ; From Node       ; To Node         ; Launch Clock ; Latch Clock ; Relationship ; Clock Skew ; Data Delay ;
+--------+-----------------+-----------------+--------------+-------------+--------------+------------+------------+
; -3.644 ; clk_counter[10] ; clk_16ms        ; clk          ; clk         ; 1.000        ; -0.073     ; 4.573      ;
; -3.479 ; clk_counter[12] ; clk_16ms        ; clk          ; clk         ; 1.000        ; -0.073     ; 4.408      ;
; -3.463 ; clk_counter[14] ; clk_16ms        ; clk          ; clk         ; 1.000        ; -0.073     ; 4.392      ;
; -3.389 ; clk_counter[11] ; clk_16ms        ; clk          ; clk         ; 1.000        ; -0.073     ; 4.318      ;
; -3.282 ; clk_counter[15] ; clk_16ms        ; clk          ; clk         ; 1.000        ; -0.073     ; 4.211      ;
; -3.230 ; clk_counter[9]  ; clk_16ms        ; clk          ; clk         ; 1.000        ; -0.073     ; 4.159      ;
; -3.221 ; clk_counter[13] ; clk_16ms        ; clk          ; clk         ; 1.000        ; -0.073     ; 4.150      ;
; -3.216 ; clk_counter[8]  ; clk_16ms        ; clk          ; clk         ; 1.000        ; -0.073     ; 4.145      ;
; -3.134 ; clk_counter[5]  ; clk_16ms        ; clk          ; clk         ; 1.000        ; -0.073     ; 4.063      ;
; -3.123 ; clk_counter[6]  ; clk_16ms        ; clk          ; clk         ; 1.000        ; -0.073     ; 4.052      ;
; -3.104 ; clk_counter[18] ; clk_16ms        ; clk          ; clk         ; 1.000        ; -0.073     ; 4.033      ;
; -3.101 ; clk_counter[19] ; clk_16ms        ; clk          ; clk         ; 1.000        ; -0.073     ; 4.030      ;
; -3.039 ; clk_counter[7]  ; clk_16ms        ; clk          ; clk         ; 1.000        ; -0.073     ; 3.968      ;
; -3.028 ; clk_counter[2]  ; clk_16ms        ; clk          ; clk         ; 1.000        ; -0.073     ; 3.957      ;
; -3.024 ; clk_counter[0]  ; clk_16ms        ; clk          ; clk         ; 1.000        ; -0.073     ; 3.953      ;
; -2.984 ; clk_counter[17] ; clk_16ms        ; clk          ; clk         ; 1.000        ; -0.073     ; 3.913      ;
; -2.929 ; clk_counter[1]  ; clk_16ms        ; clk          ; clk         ; 1.000        ; -0.073     ; 3.858      ;
; -2.892 ; clk_counter[4]  ; clk_16ms        ; clk          ; clk         ; 1.000        ; -0.073     ; 3.821      ;
; -2.861 ; clk_counter[16] ; clk_16ms        ; clk          ; clk         ; 1.000        ; -0.073     ; 3.790      ;
; -2.797 ; clk_counter[3]  ; clk_16ms        ; clk          ; clk         ; 1.000        ; -0.073     ; 3.726      ;
; -2.437 ; clk_counter[10] ; clk_counter[18] ; clk          ; clk         ; 1.000        ; -0.072     ; 3.367      ;
; -2.437 ; clk_counter[10] ; clk_counter[19] ; clk          ; clk         ; 1.000        ; -0.072     ; 3.367      ;
; -2.437 ; clk_counter[10] ; clk_counter[13] ; clk          ; clk         ; 1.000        ; -0.072     ; 3.367      ;
; -2.437 ; clk_counter[10] ; clk_counter[10] ; clk          ; clk         ; 1.000        ; -0.072     ; 3.367      ;
; -2.272 ; clk_counter[12] ; clk_counter[18] ; clk          ; clk         ; 1.000        ; -0.072     ; 3.202      ;
; -2.272 ; clk_counter[12] ; clk_counter[19] ; clk          ; clk         ; 1.000        ; -0.072     ; 3.202      ;
; -2.272 ; clk_counter[12] ; clk_counter[13] ; clk          ; clk         ; 1.000        ; -0.072     ; 3.202      ;
; -2.272 ; clk_counter[12] ; clk_counter[10] ; clk          ; clk         ; 1.000        ; -0.072     ; 3.202      ;
; -2.271 ; clk_counter[0]  ; clk_counter[19] ; clk          ; clk         ; 1.000        ; -0.072     ; 3.201      ;
; -2.256 ; clk_counter[14] ; clk_counter[18] ; clk          ; clk         ; 1.000        ; -0.072     ; 3.186      ;
; -2.256 ; clk_counter[14] ; clk_counter[19] ; clk          ; clk         ; 1.000        ; -0.072     ; 3.186      ;
; -2.256 ; clk_counter[14] ; clk_counter[13] ; clk          ; clk         ; 1.000        ; -0.072     ; 3.186      ;
; -2.256 ; clk_counter[14] ; clk_counter[10] ; clk          ; clk         ; 1.000        ; -0.072     ; 3.186      ;
; -2.230 ; clk_counter[1]  ; clk_counter[18] ; clk          ; clk         ; 1.000        ; -0.072     ; 3.160      ;
; -2.221 ; clk_counter[10] ; clk_counter[12] ; clk          ; clk         ; 1.000        ; -0.072     ; 3.151      ;
; -2.206 ; clk_counter[0]  ; clk_counter[13] ; clk          ; clk         ; 1.000        ; -0.072     ; 3.136      ;
; -2.182 ; clk_counter[11] ; clk_counter[18] ; clk          ; clk         ; 1.000        ; -0.072     ; 3.112      ;
; -2.182 ; clk_counter[11] ; clk_counter[19] ; clk          ; clk         ; 1.000        ; -0.072     ; 3.112      ;
; -2.182 ; clk_counter[11] ; clk_counter[13] ; clk          ; clk         ; 1.000        ; -0.072     ; 3.112      ;
; -2.182 ; clk_counter[11] ; clk_counter[10] ; clk          ; clk         ; 1.000        ; -0.072     ; 3.112      ;
; -2.157 ; clk_counter[1]  ; clk_counter[19] ; clk          ; clk         ; 1.000        ; -0.072     ; 3.087      ;
; -2.149 ; clk_counter[2]  ; clk_counter[19] ; clk          ; clk         ; 1.000        ; -0.072     ; 3.079      ;
; -2.149 ; clk_counter[0]  ; clk_counter[18] ; clk          ; clk         ; 1.000        ; -0.072     ; 3.079      ;
; -2.129 ; clk_counter[1]  ; clk_counter[13] ; clk          ; clk         ; 1.000        ; -0.072     ; 3.059      ;
; -2.126 ; clk_counter[5]  ; clk_counter[18] ; clk          ; clk         ; 1.000        ; -0.072     ; 3.056      ;
; -2.103 ; clk_counter[3]  ; clk_counter[18] ; clk          ; clk         ; 1.000        ; -0.072     ; 3.033      ;
; -2.090 ; clk_counter[5]  ; clk_counter[19] ; clk          ; clk         ; 1.000        ; -0.072     ; 3.020      ;
; -2.084 ; clk_counter[2]  ; clk_counter[13] ; clk          ; clk         ; 1.000        ; -0.072     ; 3.014      ;
; -2.075 ; clk_counter[15] ; clk_counter[18] ; clk          ; clk         ; 1.000        ; -0.072     ; 3.005      ;
; -2.075 ; clk_counter[15] ; clk_counter[19] ; clk          ; clk         ; 1.000        ; -0.072     ; 3.005      ;
; -2.075 ; clk_counter[15] ; clk_counter[13] ; clk          ; clk         ; 1.000        ; -0.072     ; 3.005      ;
; -2.075 ; clk_counter[15] ; clk_counter[10] ; clk          ; clk         ; 1.000        ; -0.072     ; 3.005      ;
; -2.056 ; clk_counter[12] ; clk_counter[12] ; clk          ; clk         ; 1.000        ; -0.072     ; 2.986      ;
; -2.040 ; clk_counter[14] ; clk_counter[12] ; clk          ; clk         ; 1.000        ; -0.072     ; 2.970      ;
; -2.030 ; clk_counter[3]  ; clk_counter[19] ; clk          ; clk         ; 1.000        ; -0.072     ; 2.960      ;
; -2.025 ; clk_counter[5]  ; clk_counter[13] ; clk          ; clk         ; 1.000        ; -0.072     ; 2.955      ;
; -2.023 ; clk_counter[9]  ; clk_counter[18] ; clk          ; clk         ; 1.000        ; -0.072     ; 2.953      ;
; -2.023 ; clk_counter[9]  ; clk_counter[19] ; clk          ; clk         ; 1.000        ; -0.072     ; 2.953      ;
; -2.023 ; clk_counter[9]  ; clk_counter[13] ; clk          ; clk         ; 1.000        ; -0.072     ; 2.953      ;
; -2.023 ; clk_counter[9]  ; clk_counter[10] ; clk          ; clk         ; 1.000        ; -0.072     ; 2.953      ;
; -2.022 ; clk_counter[4]  ; clk_counter[19] ; clk          ; clk         ; 1.000        ; -0.072     ; 2.952      ;
; -2.015 ; clk_counter[2]  ; clk_counter[18] ; clk          ; clk         ; 1.000        ; -0.072     ; 2.945      ;
; -2.014 ; clk_counter[13] ; clk_counter[18] ; clk          ; clk         ; 1.000        ; -0.072     ; 2.944      ;
; -2.014 ; clk_counter[13] ; clk_counter[19] ; clk          ; clk         ; 1.000        ; -0.072     ; 2.944      ;
; -2.014 ; clk_counter[13] ; clk_counter[13] ; clk          ; clk         ; 1.000        ; -0.072     ; 2.944      ;
; -2.014 ; clk_counter[13] ; clk_counter[10] ; clk          ; clk         ; 1.000        ; -0.072     ; 2.944      ;
; -2.009 ; clk_counter[8]  ; clk_counter[18] ; clk          ; clk         ; 1.000        ; -0.072     ; 2.939      ;
; -2.009 ; clk_counter[8]  ; clk_counter[19] ; clk          ; clk         ; 1.000        ; -0.072     ; 2.939      ;
; -2.009 ; clk_counter[8]  ; clk_counter[13] ; clk          ; clk         ; 1.000        ; -0.072     ; 2.939      ;
; -2.009 ; clk_counter[8]  ; clk_counter[10] ; clk          ; clk         ; 1.000        ; -0.072     ; 2.939      ;
; -2.002 ; clk_counter[7]  ; clk_counter[18] ; clk          ; clk         ; 1.000        ; -0.072     ; 2.932      ;
; -2.002 ; clk_counter[3]  ; clk_counter[13] ; clk          ; clk         ; 1.000        ; -0.072     ; 2.932      ;
; -1.990 ; clk_counter[1]  ; clk_counter[12] ; clk          ; clk         ; 1.000        ; -0.072     ; 2.920      ;
; -1.966 ; clk_counter[11] ; clk_counter[12] ; clk          ; clk         ; 1.000        ; -0.072     ; 2.896      ;
; -1.964 ; clk_counter[7]  ; clk_counter[19] ; clk          ; clk         ; 1.000        ; -0.072     ; 2.894      ;
; -1.957 ; clk_counter[4]  ; clk_counter[13] ; clk          ; clk         ; 1.000        ; -0.072     ; 2.887      ;
; -1.945 ; clk_counter[10] ; clk_counter[8]  ; clk          ; clk         ; 1.000        ; -0.073     ; 2.874      ;
; -1.927 ; clk_counter[5]  ; clk_counter[10] ; clk          ; clk         ; 1.000        ; -0.072     ; 2.857      ;
; -1.916 ; clk_counter[6]  ; clk_counter[18] ; clk          ; clk         ; 1.000        ; -0.072     ; 2.846      ;
; -1.916 ; clk_counter[6]  ; clk_counter[19] ; clk          ; clk         ; 1.000        ; -0.072     ; 2.846      ;
; -1.916 ; clk_counter[6]  ; clk_counter[13] ; clk          ; clk         ; 1.000        ; -0.072     ; 2.846      ;
; -1.916 ; clk_counter[6]  ; clk_counter[10] ; clk          ; clk         ; 1.000        ; -0.072     ; 2.846      ;
; -1.909 ; clk_counter[0]  ; clk_counter[12] ; clk          ; clk         ; 1.000        ; -0.072     ; 2.839      ;
; -1.901 ; clk_counter[7]  ; clk_counter[13] ; clk          ; clk         ; 1.000        ; -0.072     ; 2.831      ;
; -1.886 ; clk_counter[4]  ; clk_counter[18] ; clk          ; clk         ; 1.000        ; -0.072     ; 2.816      ;
; -1.886 ; clk_counter[5]  ; clk_counter[12] ; clk          ; clk         ; 1.000        ; -0.072     ; 2.816      ;
; -1.863 ; clk_counter[3]  ; clk_counter[12] ; clk          ; clk         ; 1.000        ; -0.072     ; 2.793      ;
; -1.859 ; clk_counter[15] ; clk_counter[12] ; clk          ; clk         ; 1.000        ; -0.072     ; 2.789      ;
; -1.832 ; clk_counter[7]  ; clk_counter[10] ; clk          ; clk         ; 1.000        ; -0.072     ; 2.762      ;
; -1.821 ; clk_counter[2]  ; clk_counter[10] ; clk          ; clk         ; 1.000        ; -0.072     ; 2.751      ;
; -1.821 ; clk_counter[14] ; clk_counter[8]  ; clk          ; clk         ; 1.000        ; -0.073     ; 2.750      ;
; -1.817 ; clk_counter[0]  ; clk_counter[10] ; clk          ; clk         ; 1.000        ; -0.072     ; 2.747      ;
; -1.807 ; clk_counter[9]  ; clk_counter[12] ; clk          ; clk         ; 1.000        ; -0.072     ; 2.737      ;
; -1.798 ; clk_counter[13] ; clk_counter[12] ; clk          ; clk         ; 1.000        ; -0.072     ; 2.728      ;
; -1.793 ; clk_counter[8]  ; clk_counter[12] ; clk          ; clk         ; 1.000        ; -0.072     ; 2.723      ;
; -1.780 ; clk_counter[12] ; clk_counter[8]  ; clk          ; clk         ; 1.000        ; -0.073     ; 2.709      ;
; -1.775 ; clk_counter[2]  ; clk_counter[12] ; clk          ; clk         ; 1.000        ; -0.072     ; 2.705      ;
; -1.762 ; clk_counter[7]  ; clk_counter[12] ; clk          ; clk         ; 1.000        ; -0.072     ; 2.692      ;
; -1.751 ; clk_counter[0]  ; clk_counter[17] ; clk          ; clk         ; 1.000        ; -0.072     ; 2.681      ;
; -1.733 ; clk_counter[11] ; clk_counter[8]  ; clk          ; clk         ; 1.000        ; -0.073     ; 2.662      ;
+--------+-----------------+-----------------+--------------+-------------+--------------+------------+------------+


+---------------------------------------------------------------------------------------------------------------------------------+
; Slow 1200mV 0C Model Setup: 'clk_16ms'                                                                                          ;
+--------+-----------------------------+--------------------+--------------+-------------+--------------+------------+------------+
; Slack  ; From Node                   ; To Node            ; Launch Clock ; Latch Clock ; Relationship ; Clock Skew ; Data Delay ;
+--------+-----------------------------+--------------------+--------------+-------------+--------------+------------+------------+
; -3.525 ; data_counter[1]             ; data[3]~reg0       ; clk_16ms     ; clk_16ms    ; 1.000        ; 0.371      ; 4.898      ;
; -3.507 ; command_counter[2]          ; data[3]~reg0       ; clk_16ms     ; clk_16ms    ; 1.000        ; 0.368      ; 4.877      ;
; -3.436 ; data_counter[4]             ; data[3]~reg0       ; clk_16ms     ; clk_16ms    ; 1.000        ; 0.371      ; 4.809      ;
; -3.383 ; command_counter[0]          ; data[3]~reg0       ; clk_16ms     ; clk_16ms    ; 1.000        ; 0.368      ; 4.753      ;
; -3.322 ; data_counter[0]             ; data[3]~reg0       ; clk_16ms     ; clk_16ms    ; 1.000        ; 0.371      ; 4.695      ;
; -3.297 ; data_counter[3]             ; data[3]~reg0       ; clk_16ms     ; clk_16ms    ; 1.000        ; 0.371      ; 4.670      ;
; -3.279 ; command_counter[1]          ; data[3]~reg0       ; clk_16ms     ; clk_16ms    ; 1.000        ; 0.368      ; 4.649      ;
; -3.273 ; command_counter[2]          ; rs~reg0            ; clk_16ms     ; clk_16ms    ; 1.000        ; -0.071     ; 4.204      ;
; -3.236 ; data_counter[2]             ; data[3]~reg0       ; clk_16ms     ; clk_16ms    ; 1.000        ; 0.371      ; 4.609      ;
; -3.235 ; data_counter[4]             ; data[2]~reg0       ; clk_16ms     ; clk_16ms    ; 1.000        ; 0.372      ; 4.609      ;
; -3.170 ; data_counter[4]             ; data[6]~reg0       ; clk_16ms     ; clk_16ms    ; 1.000        ; 0.372      ; 4.544      ;
; -3.158 ; command_counter[2]          ; command_counter[2] ; clk_16ms     ; clk_16ms    ; 1.000        ; -0.072     ; 4.088      ;
; -3.157 ; command_counter[2]          ; command_counter[0] ; clk_16ms     ; clk_16ms    ; 1.000        ; -0.072     ; 4.087      ;
; -3.154 ; command_counter[2]          ; command_counter[1] ; clk_16ms     ; clk_16ms    ; 1.000        ; -0.072     ; 4.084      ;
; -3.149 ; command_counter[0]          ; rs~reg0            ; clk_16ms     ; clk_16ms    ; 1.000        ; -0.071     ; 4.080      ;
; -3.131 ; command_counter[2]          ; data[4]~reg0       ; clk_16ms     ; clk_16ms    ; 1.000        ; 0.369      ; 4.502      ;
; -3.107 ; data_counter[4]             ; data[0]~reg0       ; clk_16ms     ; clk_16ms    ; 1.000        ; 0.406      ; 4.515      ;
; -3.085 ; data_counter[0]             ; data[0]~reg0       ; clk_16ms     ; clk_16ms    ; 1.000        ; 0.406      ; 4.493      ;
; -3.054 ; command_counter[2]          ; data[0]~reg0       ; clk_16ms     ; clk_16ms    ; 1.000        ; 0.403      ; 4.459      ;
; -3.045 ; command_counter[1]          ; rs~reg0            ; clk_16ms     ; clk_16ms    ; 1.000        ; -0.071     ; 3.976      ;
; -3.037 ; data_counter[4]             ; data[4]~reg0       ; clk_16ms     ; clk_16ms    ; 1.000        ; 0.372      ; 4.411      ;
; -3.036 ; data_counter[2]             ; data[0]~reg0       ; clk_16ms     ; clk_16ms    ; 1.000        ; 0.406      ; 4.444      ;
; -3.035 ; command_counter[2]          ; data[1]~reg0       ; clk_16ms     ; clk_16ms    ; 1.000        ; 0.369      ; 4.406      ;
; -3.034 ; command_counter[0]          ; command_counter[2] ; clk_16ms     ; clk_16ms    ; 1.000        ; -0.072     ; 3.964      ;
; -3.033 ; command_counter[0]          ; command_counter[0] ; clk_16ms     ; clk_16ms    ; 1.000        ; -0.072     ; 3.963      ;
; -3.030 ; command_counter[0]          ; command_counter[1] ; clk_16ms     ; clk_16ms    ; 1.000        ; -0.072     ; 3.960      ;
; -3.022 ; data_counter[1]             ; command_counter[2] ; clk_16ms     ; clk_16ms    ; 1.000        ; -0.069     ; 3.955      ;
; -3.021 ; data_counter[1]             ; command_counter[0] ; clk_16ms     ; clk_16ms    ; 1.000        ; -0.069     ; 3.954      ;
; -3.018 ; data_counter[1]             ; command_counter[1] ; clk_16ms     ; clk_16ms    ; 1.000        ; -0.069     ; 3.951      ;
; -3.011 ; data_counter[3]             ; data[0]~reg0       ; clk_16ms     ; clk_16ms    ; 1.000        ; 0.406      ; 4.419      ;
; -3.007 ; command_counter[0]          ; data[4]~reg0       ; clk_16ms     ; clk_16ms    ; 1.000        ; 0.369      ; 4.378      ;
; -3.000 ; data_counter[1]             ; data[1]~reg0       ; clk_16ms     ; clk_16ms    ; 1.000        ; 0.372      ; 4.374      ;
; -2.996 ; fsm_state.WR_STATIC_TEXT_1L ; data[3]~reg0       ; clk_16ms     ; clk_16ms    ; 1.000        ; 0.368      ; 4.366      ;
; -2.988 ; data_counter[1]             ; data[2]~reg0       ; clk_16ms     ; clk_16ms    ; 1.000        ; 0.372      ; 4.362      ;
; -2.988 ; data_counter[3]             ; command_counter[2] ; clk_16ms     ; clk_16ms    ; 1.000        ; -0.069     ; 3.921      ;
; -2.987 ; data_counter[3]             ; command_counter[0] ; clk_16ms     ; clk_16ms    ; 1.000        ; -0.069     ; 3.920      ;
; -2.984 ; data_counter[3]             ; command_counter[1] ; clk_16ms     ; clk_16ms    ; 1.000        ; -0.069     ; 3.917      ;
; -2.959 ; data_counter[1]             ; rs~reg0            ; clk_16ms     ; clk_16ms    ; 1.000        ; -0.068     ; 3.893      ;
; -2.954 ; data_counter[3]             ; data[2]~reg0       ; clk_16ms     ; clk_16ms    ; 1.000        ; 0.372      ; 4.328      ;
; -2.953 ; data_counter[1]             ; data[0]~reg0       ; clk_16ms     ; clk_16ms    ; 1.000        ; 0.406      ; 4.361      ;
; -2.950 ; fsm_state.CONFIG_CMD1       ; data[3]~reg0       ; clk_16ms     ; clk_16ms    ; 1.000        ; 0.368      ; 4.320      ;
; -2.938 ; data_counter[3]             ; data[4]~reg0       ; clk_16ms     ; clk_16ms    ; 1.000        ; 0.372      ; 4.312      ;
; -2.938 ; data_counter[4]             ; data[1]~reg0       ; clk_16ms     ; clk_16ms    ; 1.000        ; 0.372      ; 4.312      ;
; -2.930 ; command_counter[1]          ; command_counter[2] ; clk_16ms     ; clk_16ms    ; 1.000        ; -0.072     ; 3.860      ;
; -2.930 ; command_counter[0]          ; data[0]~reg0       ; clk_16ms     ; clk_16ms    ; 1.000        ; 0.403      ; 4.335      ;
; -2.929 ; command_counter[1]          ; command_counter[0] ; clk_16ms     ; clk_16ms    ; 1.000        ; -0.072     ; 3.859      ;
; -2.927 ; command_counter[2]          ; data[5]~reg0       ; clk_16ms     ; clk_16ms    ; 1.000        ; 0.372      ; 4.301      ;
; -2.926 ; command_counter[1]          ; command_counter[1] ; clk_16ms     ; clk_16ms    ; 1.000        ; -0.072     ; 3.856      ;
; -2.925 ; data_counter[3]             ; rs~reg0            ; clk_16ms     ; clk_16ms    ; 1.000        ; -0.068     ; 3.859      ;
; -2.924 ; command_counter[2]          ; data[6]~reg0       ; clk_16ms     ; clk_16ms    ; 1.000        ; 0.369      ; 4.295      ;
; -2.922 ; data_counter[0]             ; command_counter[2] ; clk_16ms     ; clk_16ms    ; 1.000        ; -0.069     ; 3.855      ;
; -2.921 ; data_counter[0]             ; command_counter[0] ; clk_16ms     ; clk_16ms    ; 1.000        ; -0.069     ; 3.854      ;
; -2.918 ; data_counter[0]             ; command_counter[1] ; clk_16ms     ; clk_16ms    ; 1.000        ; -0.069     ; 3.851      ;
; -2.911 ; command_counter[0]          ; data[1]~reg0       ; clk_16ms     ; clk_16ms    ; 1.000        ; 0.369      ; 4.282      ;
; -2.908 ; data_counter[4]             ; command_counter[2] ; clk_16ms     ; clk_16ms    ; 1.000        ; -0.069     ; 3.841      ;
; -2.907 ; data_counter[4]             ; command_counter[0] ; clk_16ms     ; clk_16ms    ; 1.000        ; -0.069     ; 3.840      ;
; -2.904 ; data_counter[4]             ; command_counter[1] ; clk_16ms     ; clk_16ms    ; 1.000        ; -0.069     ; 3.837      ;
; -2.903 ; command_counter[1]          ; data[4]~reg0       ; clk_16ms     ; clk_16ms    ; 1.000        ; 0.369      ; 4.274      ;
; -2.892 ; data_counter[2]             ; command_counter[2] ; clk_16ms     ; clk_16ms    ; 1.000        ; -0.069     ; 3.825      ;
; -2.891 ; data_counter[2]             ; command_counter[0] ; clk_16ms     ; clk_16ms    ; 1.000        ; -0.069     ; 3.824      ;
; -2.888 ; data_counter[2]             ; command_counter[1] ; clk_16ms     ; clk_16ms    ; 1.000        ; -0.069     ; 3.821      ;
; -2.888 ; data_counter[0]             ; data[2]~reg0       ; clk_16ms     ; clk_16ms    ; 1.000        ; 0.372      ; 4.262      ;
; -2.878 ; data_counter[3]             ; data[1]~reg0       ; clk_16ms     ; clk_16ms    ; 1.000        ; 0.372      ; 4.252      ;
; -2.867 ; fsm_state.CONFIG_CMD2       ; command_counter[2] ; clk_16ms     ; clk_16ms    ; 1.000        ; -0.073     ; 3.796      ;
; -2.866 ; fsm_state.CONFIG_CMD2       ; command_counter[0] ; clk_16ms     ; clk_16ms    ; 1.000        ; -0.073     ; 3.795      ;
; -2.863 ; fsm_state.CONFIG_CMD2       ; command_counter[1] ; clk_16ms     ; clk_16ms    ; 1.000        ; -0.073     ; 3.792      ;
; -2.863 ; data_counter[1]             ; data[4]~reg0       ; clk_16ms     ; clk_16ms    ; 1.000        ; 0.372      ; 4.237      ;
; -2.859 ; data_counter[0]             ; rs~reg0            ; clk_16ms     ; clk_16ms    ; 1.000        ; -0.068     ; 3.793      ;
; -2.858 ; data_counter[2]             ; data[2]~reg0       ; clk_16ms     ; clk_16ms    ; 1.000        ; 0.372      ; 4.232      ;
; -2.849 ; data_counter[3]             ; data[6]~reg0       ; clk_16ms     ; clk_16ms    ; 1.000        ; 0.372      ; 4.223      ;
; -2.845 ; data_counter[4]             ; rs~reg0            ; clk_16ms     ; clk_16ms    ; 1.000        ; -0.068     ; 3.779      ;
; -2.835 ; data_counter[1]             ; data[6]~reg0       ; clk_16ms     ; clk_16ms    ; 1.000        ; 0.372      ; 4.209      ;
; -2.833 ; fsm_state.CONFIG_CMD2       ; data[2]~reg0       ; clk_16ms     ; clk_16ms    ; 1.000        ; 0.368      ; 4.203      ;
; -2.829 ; data_counter[2]             ; rs~reg0            ; clk_16ms     ; clk_16ms    ; 1.000        ; -0.068     ; 3.763      ;
; -2.828 ; fsm_state.CONFIG_CMD2       ; data[3]~reg0       ; clk_16ms     ; clk_16ms    ; 1.000        ; 0.367      ; 4.197      ;
; -2.826 ; command_counter[1]          ; data[0]~reg0       ; clk_16ms     ; clk_16ms    ; 1.000        ; 0.403      ; 4.231      ;
; -2.818 ; fsm_state.IDLE              ; data[3]~reg0       ; clk_16ms     ; clk_16ms    ; 1.000        ; 0.368      ; 4.188      ;
; -2.816 ; command_counter[2]          ; data_counter[4]    ; clk_16ms     ; clk_16ms    ; 1.000        ; -0.075     ; 3.743      ;
; -2.816 ; command_counter[2]          ; data_counter[3]    ; clk_16ms     ; clk_16ms    ; 1.000        ; -0.075     ; 3.743      ;
; -2.816 ; command_counter[2]          ; data_counter[0]    ; clk_16ms     ; clk_16ms    ; 1.000        ; -0.075     ; 3.743      ;
; -2.816 ; command_counter[2]          ; data_counter[1]    ; clk_16ms     ; clk_16ms    ; 1.000        ; -0.075     ; 3.743      ;
; -2.816 ; command_counter[2]          ; data_counter[2]    ; clk_16ms     ; clk_16ms    ; 1.000        ; -0.075     ; 3.743      ;
; -2.815 ; data_counter[3]             ; data_counter[4]    ; clk_16ms     ; clk_16ms    ; 1.000        ; -0.072     ; 3.745      ;
; -2.815 ; data_counter[3]             ; data_counter[3]    ; clk_16ms     ; clk_16ms    ; 1.000        ; -0.072     ; 3.745      ;
; -2.815 ; data_counter[3]             ; data_counter[0]    ; clk_16ms     ; clk_16ms    ; 1.000        ; -0.072     ; 3.745      ;
; -2.815 ; data_counter[3]             ; data_counter[1]    ; clk_16ms     ; clk_16ms    ; 1.000        ; -0.072     ; 3.745      ;
; -2.815 ; data_counter[3]             ; data_counter[2]    ; clk_16ms     ; clk_16ms    ; 1.000        ; -0.072     ; 3.745      ;
; -2.807 ; command_counter[1]          ; data[1]~reg0       ; clk_16ms     ; clk_16ms    ; 1.000        ; 0.369      ; 4.178      ;
; -2.805 ; data_counter[3]             ; data[5]~reg0       ; clk_16ms     ; clk_16ms    ; 1.000        ; 0.375      ; 4.182      ;
; -2.800 ; command_counter[0]          ; data[6]~reg0       ; clk_16ms     ; clk_16ms    ; 1.000        ; 0.369      ; 4.171      ;
; -2.798 ; fsm_state.CONFIG_CMD2       ; data[0]~reg0       ; clk_16ms     ; clk_16ms    ; 1.000        ; 0.402      ; 4.202      ;
; -2.762 ; fsm_state.WR_STATIC_TEXT_1L ; rs~reg0            ; clk_16ms     ; clk_16ms    ; 1.000        ; -0.071     ; 3.693      ;
; -2.735 ; data_counter[0]             ; data[6]~reg0       ; clk_16ms     ; clk_16ms    ; 1.000        ; 0.372      ; 4.109      ;
; -2.731 ; command_counter[0]          ; data[5]~reg0       ; clk_16ms     ; clk_16ms    ; 1.000        ; 0.372      ; 4.105      ;
; -2.730 ; fsm_state.WR_STATIC_TEXT_2L ; command_counter[2] ; clk_16ms     ; clk_16ms    ; 1.000        ; -0.073     ; 3.659      ;
; -2.729 ; fsm_state.WR_STATIC_TEXT_2L ; command_counter[0] ; clk_16ms     ; clk_16ms    ; 1.000        ; -0.073     ; 3.658      ;
; -2.726 ; fsm_state.WR_STATIC_TEXT_2L ; command_counter[1] ; clk_16ms     ; clk_16ms    ; 1.000        ; -0.073     ; 3.655      ;
; -2.717 ; data_counter[0]             ; data[4]~reg0       ; clk_16ms     ; clk_16ms    ; 1.000        ; 0.372      ; 4.091      ;
; -2.716 ; fsm_state.CONFIG_CMD1       ; rs~reg0            ; clk_16ms     ; clk_16ms    ; 1.000        ; -0.071     ; 3.647      ;
; -2.705 ; data_counter[2]             ; data[6]~reg0       ; clk_16ms     ; clk_16ms    ; 1.000        ; 0.372      ; 4.079      ;
+--------+-----------------------------+--------------------+--------------+-------------+--------------+------------+------------+


+-----------------------------------------------------------------------------------------------------------------------------------------+
; Slow 1200mV 0C Model Hold: 'clk_16ms'                                                                                                   ;
+-------+-----------------------------+-----------------------------+--------------+-------------+--------------+------------+------------+
; Slack ; From Node                   ; To Node                     ; Launch Clock ; Latch Clock ; Relationship ; Clock Skew ; Data Delay ;
+-------+-----------------------------+-----------------------------+--------------+-------------+--------------+------------+------------+
; 0.402 ; rs~reg0                     ; rs~reg0                     ; clk_16ms     ; clk_16ms    ; 0.000        ; 0.072      ; 0.669      ;
; 0.402 ; command_counter[1]          ; command_counter[1]          ; clk_16ms     ; clk_16ms    ; 0.000        ; 0.072      ; 0.669      ;
; 0.402 ; command_counter[0]          ; command_counter[0]          ; clk_16ms     ; clk_16ms    ; 0.000        ; 0.072      ; 0.669      ;
; 0.402 ; command_counter[2]          ; command_counter[2]          ; clk_16ms     ; clk_16ms    ; 0.000        ; 0.072      ; 0.669      ;
; 0.402 ; fsm_state.WR_STATIC_TEXT_2L ; fsm_state.WR_STATIC_TEXT_2L ; clk_16ms     ; clk_16ms    ; 0.000        ; 0.072      ; 0.669      ;
; 0.507 ; data_counter[4]             ; data_counter[4]             ; clk_16ms     ; clk_16ms    ; 0.000        ; 0.072      ; 0.774      ;
; 0.627 ; fsm_state.WR_STATIC_TEXT_1L ; fsm_state.CONFIG_CMD2       ; clk_16ms     ; clk_16ms    ; 0.000        ; 0.073      ; 0.895      ;
; 0.731 ; data_counter[1]             ; data_counter[1]             ; clk_16ms     ; clk_16ms    ; 0.000        ; 0.072      ; 0.998      ;
; 0.732 ; fsm_state.CONFIG_CMD2       ; fsm_state.WR_STATIC_TEXT_2L ; clk_16ms     ; clk_16ms    ; 0.000        ; 0.072      ; 0.999      ;
; 0.747 ; data_counter[2]             ; data_counter[2]             ; clk_16ms     ; clk_16ms    ; 0.000        ; 0.072      ; 1.014      ;
; 0.789 ; data_counter[0]             ; data_counter[0]             ; clk_16ms     ; clk_16ms    ; 0.000        ; 0.072      ; 1.056      ;
; 0.813 ; data_counter[2]             ; data[3]~reg0                ; clk_16ms     ; clk_16ms    ; 0.000        ; 0.533      ; 1.541      ;
; 0.933 ; data_counter[3]             ; data_counter[3]             ; clk_16ms     ; clk_16ms    ; 0.000        ; 0.072      ; 1.200      ;
; 0.933 ; command_counter[0]          ; command_counter[1]          ; clk_16ms     ; clk_16ms    ; 0.000        ; 0.072      ; 1.200      ;
; 0.998 ; fsm_state.IDLE              ; fsm_state.IDLE              ; clk_16ms     ; clk_16ms    ; 0.000        ; 0.072      ; 1.265      ;
; 1.055 ; data_counter[1]             ; data_counter[2]             ; clk_16ms     ; clk_16ms    ; 0.000        ; 0.072      ; 1.322      ;
; 1.066 ; data_counter[2]             ; data_counter[3]             ; clk_16ms     ; clk_16ms    ; 0.000        ; 0.072      ; 1.333      ;
; 1.081 ; data_counter[2]             ; data_counter[4]             ; clk_16ms     ; clk_16ms    ; 0.000        ; 0.072      ; 1.348      ;
; 1.084 ; data_counter[0]             ; data_counter[1]             ; clk_16ms     ; clk_16ms    ; 0.000        ; 0.072      ; 1.351      ;
; 1.099 ; data_counter[0]             ; data_counter[2]             ; clk_16ms     ; clk_16ms    ; 0.000        ; 0.072      ; 1.366      ;
; 1.109 ; fsm_state.WR_STATIC_TEXT_2L ; fsm_state.IDLE              ; clk_16ms     ; clk_16ms    ; 0.000        ; 0.071      ; 1.375      ;
; 1.112 ; data_counter[2]             ; data[4]~reg0                ; clk_16ms     ; clk_16ms    ; 0.000        ; 0.534      ; 1.841      ;
; 1.150 ; data_counter[1]             ; data_counter[3]             ; clk_16ms     ; clk_16ms    ; 0.000        ; 0.072      ; 1.417      ;
; 1.160 ; data_counter[2]             ; data[0]~reg0                ; clk_16ms     ; clk_16ms    ; 0.000        ; 0.569      ; 1.924      ;
; 1.177 ; data_counter[1]             ; data_counter[4]             ; clk_16ms     ; clk_16ms    ; 0.000        ; 0.072      ; 1.444      ;
; 1.178 ; fsm_state.WR_STATIC_TEXT_1L ; data[7]~reg0                ; clk_16ms     ; clk_16ms    ; 0.000        ; 0.072      ; 1.445      ;
; 1.179 ; data_counter[2]             ; data[1]~reg0                ; clk_16ms     ; clk_16ms    ; 0.000        ; 0.534      ; 1.908      ;
; 1.206 ; data_counter[0]             ; data_counter[3]             ; clk_16ms     ; clk_16ms    ; 0.000        ; 0.072      ; 1.473      ;
; 1.221 ; data_counter[0]             ; data_counter[4]             ; clk_16ms     ; clk_16ms    ; 0.000        ; 0.072      ; 1.488      ;
; 1.267 ; fsm_state.CONFIG_CMD1       ; command_counter[2]          ; clk_16ms     ; clk_16ms    ; 0.000        ; 0.072      ; 1.534      ;
; 1.269 ; fsm_state.CONFIG_CMD1       ; command_counter[0]          ; clk_16ms     ; clk_16ms    ; 0.000        ; 0.072      ; 1.536      ;
; 1.271 ; data_counter[3]             ; data_counter[4]             ; clk_16ms     ; clk_16ms    ; 0.000        ; 0.072      ; 1.538      ;
; 1.277 ; fsm_state.CONFIG_CMD1       ; command_counter[1]          ; clk_16ms     ; clk_16ms    ; 0.000        ; 0.072      ; 1.544      ;
; 1.283 ; command_counter[0]          ; command_counter[2]          ; clk_16ms     ; clk_16ms    ; 0.000        ; 0.072      ; 1.550      ;
; 1.291 ; data_counter[3]             ; data[5]~reg0                ; clk_16ms     ; clk_16ms    ; 0.000        ; 0.537      ; 2.023      ;
; 1.304 ; data_counter[0]             ; data[5]~reg0                ; clk_16ms     ; clk_16ms    ; 0.000        ; 0.537      ; 2.036      ;
; 1.368 ; fsm_state.CONFIG_CMD2       ; data[1]~reg0                ; clk_16ms     ; clk_16ms    ; 0.000        ; 0.530      ; 2.093      ;
; 1.381 ; data_counter[2]             ; data[5]~reg0                ; clk_16ms     ; clk_16ms    ; 0.000        ; 0.537      ; 2.113      ;
; 1.387 ; fsm_state.WR_STATIC_TEXT_2L ; data[1]~reg0                ; clk_16ms     ; clk_16ms    ; 0.000        ; 0.530      ; 2.112      ;
; 1.396 ; fsm_state.IDLE              ; command_counter[0]          ; clk_16ms     ; clk_16ms    ; 0.000        ; 0.072      ; 1.663      ;
; 1.407 ; fsm_state.IDLE              ; command_counter[2]          ; clk_16ms     ; clk_16ms    ; 0.000        ; 0.072      ; 1.674      ;
; 1.408 ; fsm_state.CONFIG_CMD2       ; data[0]~reg0                ; clk_16ms     ; clk_16ms    ; 0.000        ; 0.565      ; 2.168      ;
; 1.417 ; fsm_state.IDLE              ; command_counter[1]          ; clk_16ms     ; clk_16ms    ; 0.000        ; 0.072      ; 1.684      ;
; 1.427 ; fsm_state.WR_STATIC_TEXT_2L ; data[0]~reg0                ; clk_16ms     ; clk_16ms    ; 0.000        ; 0.565      ; 2.187      ;
; 1.432 ; data_counter[3]             ; data[1]~reg0                ; clk_16ms     ; clk_16ms    ; 0.000        ; 0.534      ; 2.161      ;
; 1.433 ; fsm_state.CONFIG_CMD2       ; data[4]~reg0                ; clk_16ms     ; clk_16ms    ; 0.000        ; 0.530      ; 2.158      ;
; 1.449 ; data_counter[4]             ; data[5]~reg0                ; clk_16ms     ; clk_16ms    ; 0.000        ; 0.537      ; 2.181      ;
; 1.452 ; fsm_state.WR_STATIC_TEXT_2L ; data[4]~reg0                ; clk_16ms     ; clk_16ms    ; 0.000        ; 0.530      ; 2.177      ;
; 1.471 ; command_counter[1]          ; command_counter[2]          ; clk_16ms     ; clk_16ms    ; 0.000        ; 0.072      ; 1.738      ;
; 1.497 ; data_counter[3]             ; data[0]~reg0                ; clk_16ms     ; clk_16ms    ; 0.000        ; 0.569      ; 2.261      ;
; 1.500 ; fsm_state.CONFIG_CMD2       ; data[3]~reg0                ; clk_16ms     ; clk_16ms    ; 0.000        ; 0.529      ; 2.224      ;
; 1.500 ; data_counter[0]             ; data[3]~reg0                ; clk_16ms     ; clk_16ms    ; 0.000        ; 0.533      ; 2.228      ;
; 1.504 ; data_counter[4]             ; data[4]~reg0                ; clk_16ms     ; clk_16ms    ; 0.000        ; 0.534      ; 2.233      ;
; 1.519 ; fsm_state.WR_STATIC_TEXT_2L ; data[3]~reg0                ; clk_16ms     ; clk_16ms    ; 0.000        ; 0.529      ; 2.243      ;
; 1.531 ; command_counter[1]          ; command_counter[0]          ; clk_16ms     ; clk_16ms    ; 0.000        ; 0.072      ; 1.798      ;
; 1.559 ; data_counter[1]             ; data[6]~reg0                ; clk_16ms     ; clk_16ms    ; 0.000        ; 0.535      ; 2.289      ;
; 1.587 ; data_counter[3]             ; data[3]~reg0                ; clk_16ms     ; clk_16ms    ; 0.000        ; 0.533      ; 2.315      ;
; 1.592 ; data_counter[1]             ; data[5]~reg0                ; clk_16ms     ; clk_16ms    ; 0.000        ; 0.537      ; 2.324      ;
; 1.603 ; data_counter[0]             ; data[1]~reg0                ; clk_16ms     ; clk_16ms    ; 0.000        ; 0.534      ; 2.332      ;
; 1.609 ; fsm_state.WR_STATIC_TEXT_1L ; command_counter[1]          ; clk_16ms     ; clk_16ms    ; 0.000        ; 0.072      ; 1.876      ;
; 1.612 ; fsm_state.WR_STATIC_TEXT_1L ; command_counter[0]          ; clk_16ms     ; clk_16ms    ; 0.000        ; 0.072      ; 1.879      ;
; 1.613 ; fsm_state.WR_STATIC_TEXT_1L ; command_counter[2]          ; clk_16ms     ; clk_16ms    ; 0.000        ; 0.072      ; 1.880      ;
; 1.638 ; command_counter[1]          ; data[1]~reg0                ; clk_16ms     ; clk_16ms    ; 0.000        ; 0.531      ; 2.364      ;
; 1.649 ; data_counter[1]             ; data[0]~reg0                ; clk_16ms     ; clk_16ms    ; 0.000        ; 0.569      ; 2.413      ;
; 1.666 ; command_counter[0]          ; data[4]~reg0                ; clk_16ms     ; clk_16ms    ; 0.000        ; 0.531      ; 2.392      ;
; 1.678 ; data_counter[1]             ; data[3]~reg0                ; clk_16ms     ; clk_16ms    ; 0.000        ; 0.533      ; 2.406      ;
; 1.697 ; command_counter[0]          ; data[2]~reg0                ; clk_16ms     ; clk_16ms    ; 0.000        ; 0.532      ; 2.424      ;
; 1.722 ; command_counter[1]          ; data[2]~reg0                ; clk_16ms     ; clk_16ms    ; 0.000        ; 0.532      ; 2.449      ;
; 1.727 ; data_counter[0]             ; data[4]~reg0                ; clk_16ms     ; clk_16ms    ; 0.000        ; 0.534      ; 2.456      ;
; 1.731 ; fsm_state.WR_STATIC_TEXT_1L ; data[6]~reg0                ; clk_16ms     ; clk_16ms    ; 0.000        ; 0.532      ; 2.458      ;
; 1.773 ; command_counter[0]          ; data[0]~reg0                ; clk_16ms     ; clk_16ms    ; 0.000        ; 0.566      ; 2.534      ;
; 1.783 ; command_counter[2]          ; command_counter[0]          ; clk_16ms     ; clk_16ms    ; 0.000        ; 0.072      ; 2.050      ;
; 1.785 ; data_counter[1]             ; data[2]~reg0                ; clk_16ms     ; clk_16ms    ; 0.000        ; 0.535      ; 2.515      ;
; 1.813 ; command_counter[2]          ; command_counter[1]          ; clk_16ms     ; clk_16ms    ; 0.000        ; 0.072      ; 2.080      ;
; 1.821 ; data_counter[1]             ; data[4]~reg0                ; clk_16ms     ; clk_16ms    ; 0.000        ; 0.534      ; 2.550      ;
; 1.833 ; data_counter[0]             ; data[0]~reg0                ; clk_16ms     ; clk_16ms    ; 0.000        ; 0.569      ; 2.597      ;
; 1.837 ; data_counter[1]             ; data[1]~reg0                ; clk_16ms     ; clk_16ms    ; 0.000        ; 0.534      ; 2.566      ;
; 1.846 ; command_counter[0]          ; data[1]~reg0                ; clk_16ms     ; clk_16ms    ; 0.000        ; 0.531      ; 2.572      ;
; 1.854 ; command_counter[1]          ; data[4]~reg0                ; clk_16ms     ; clk_16ms    ; 0.000        ; 0.531      ; 2.580      ;
; 1.864 ; data_counter[2]             ; data[6]~reg0                ; clk_16ms     ; clk_16ms    ; 0.000        ; 0.535      ; 2.594      ;
; 1.909 ; fsm_state.CONFIG_CMD1       ; data[5]~reg0                ; clk_16ms     ; clk_16ms    ; 0.000        ; 0.534      ; 2.638      ;
; 1.909 ; data_counter[3]             ; data[2]~reg0                ; clk_16ms     ; clk_16ms    ; 0.000        ; 0.535      ; 2.639      ;
; 1.918 ; data_counter[3]             ; data[4]~reg0                ; clk_16ms     ; clk_16ms    ; 0.000        ; 0.534      ; 2.647      ;
; 1.961 ; command_counter[1]          ; data[0]~reg0                ; clk_16ms     ; clk_16ms    ; 0.000        ; 0.566      ; 2.722      ;
; 1.965 ; fsm_state.CONFIG_CMD1       ; fsm_state.CONFIG_CMD1       ; clk_16ms     ; clk_16ms    ; 0.000        ; 0.072      ; 2.232      ;
; 1.976 ; data_counter[2]             ; data[2]~reg0                ; clk_16ms     ; clk_16ms    ; 0.000        ; 0.535      ; 2.706      ;
; 1.977 ; data_counter[0]             ; data[6]~reg0                ; clk_16ms     ; clk_16ms    ; 0.000        ; 0.535      ; 2.707      ;
; 1.996 ; fsm_state.WR_STATIC_TEXT_1L ; data[5]~reg0                ; clk_16ms     ; clk_16ms    ; 0.000        ; 0.534      ; 2.725      ;
; 1.998 ; data_counter[3]             ; data[6]~reg0                ; clk_16ms     ; clk_16ms    ; 0.000        ; 0.535      ; 2.728      ;
; 2.004 ; data_counter[0]             ; data[2]~reg0                ; clk_16ms     ; clk_16ms    ; 0.000        ; 0.535      ; 2.734      ;
; 2.010 ; command_counter[0]          ; data[5]~reg0                ; clk_16ms     ; clk_16ms    ; 0.000        ; 0.534      ; 2.739      ;
; 2.017 ; fsm_state.WR_STATIC_TEXT_2L ; data[5]~reg0                ; clk_16ms     ; clk_16ms    ; 0.000        ; 0.533      ; 2.745      ;
; 2.036 ; fsm_state.CONFIG_CMD1       ; data[2]~reg0                ; clk_16ms     ; clk_16ms    ; 0.000        ; 0.532      ; 2.763      ;
; 2.042 ; fsm_state.IDLE              ; fsm_state.CONFIG_CMD1       ; clk_16ms     ; clk_16ms    ; 0.000        ; 0.072      ; 2.309      ;
; 2.050 ; fsm_state.CONFIG_CMD2       ; data[5]~reg0                ; clk_16ms     ; clk_16ms    ; 0.000        ; 0.533      ; 2.778      ;
; 2.056 ; data_counter[4]             ; data[6]~reg0                ; clk_16ms     ; clk_16ms    ; 0.000        ; 0.535      ; 2.786      ;
; 2.111 ; fsm_state.CONFIG_CMD1       ; data[4]~reg0                ; clk_16ms     ; clk_16ms    ; 0.000        ; 0.531      ; 2.837      ;
; 2.113 ; fsm_state.IDLE              ; data[2]~reg0                ; clk_16ms     ; clk_16ms    ; 0.000        ; 0.532      ; 2.840      ;
; 2.120 ; data_counter[2]             ; fsm_state.CONFIG_CMD2       ; clk_16ms     ; clk_16ms    ; 0.000        ; 0.076      ; 2.391      ;
; 2.120 ; command_counter[0]          ; data[3]~reg0                ; clk_16ms     ; clk_16ms    ; 0.000        ; 0.530      ; 2.845      ;
+-------+-----------------------------+-----------------------------+--------------+-------------+--------------+------------+------------+


+-----------------------------------------------------------------------------------------------------------------+
; Slow 1200mV 0C Model Hold: 'clk'                                                                                ;
+-------+-----------------+-----------------+--------------+-------------+--------------+------------+------------+
; Slack ; From Node       ; To Node         ; Launch Clock ; Latch Clock ; Relationship ; Clock Skew ; Data Delay ;
+-------+-----------------+-----------------+--------------+-------------+--------------+------------+------------+
; 0.690 ; clk_counter[9]  ; clk_counter[9]  ; clk          ; clk         ; 0.000        ; 0.073      ; 0.958      ;
; 0.693 ; clk_counter[3]  ; clk_counter[3]  ; clk          ; clk         ; 0.000        ; 0.073      ; 0.961      ;
; 0.694 ; clk_counter[16] ; clk_counter[16] ; clk          ; clk         ; 0.000        ; 0.072      ; 0.961      ;
; 0.694 ; clk_counter[1]  ; clk_counter[1]  ; clk          ; clk         ; 0.000        ; 0.073      ; 0.962      ;
; 0.696 ; clk_counter[17] ; clk_counter[17] ; clk          ; clk         ; 0.000        ; 0.072      ; 0.963      ;
; 0.696 ; clk_counter[6]  ; clk_counter[6]  ; clk          ; clk         ; 0.000        ; 0.073      ; 0.964      ;
; 0.696 ; clk_counter[4]  ; clk_counter[4]  ; clk          ; clk         ; 0.000        ; 0.073      ; 0.964      ;
; 0.697 ; clk_counter[2]  ; clk_counter[2]  ; clk          ; clk         ; 0.000        ; 0.073      ; 0.965      ;
; 0.706 ; clk_counter[15] ; clk_counter[15] ; clk          ; clk         ; 0.000        ; 0.072      ; 0.973      ;
; 0.707 ; clk_counter[11] ; clk_counter[11] ; clk          ; clk         ; 0.000        ; 0.072      ; 0.974      ;
; 0.712 ; clk_counter[14] ; clk_counter[14] ; clk          ; clk         ; 0.000        ; 0.072      ; 0.979      ;
; 0.715 ; clk_counter[0]  ; clk_counter[0]  ; clk          ; clk         ; 0.000        ; 0.073      ; 0.983      ;
; 0.870 ; clk_counter[5]  ; clk_counter[5]  ; clk          ; clk         ; 0.000        ; 0.073      ; 1.138      ;
; 0.872 ; clk_counter[7]  ; clk_counter[7]  ; clk          ; clk         ; 0.000        ; 0.073      ; 1.140      ;
; 1.013 ; clk_counter[0]  ; clk_counter[1]  ; clk          ; clk         ; 0.000        ; 0.073      ; 1.281      ;
; 1.013 ; clk_counter[16] ; clk_counter[17] ; clk          ; clk         ; 0.000        ; 0.072      ; 1.280      ;
; 1.015 ; clk_counter[4]  ; clk_counter[5]  ; clk          ; clk         ; 0.000        ; 0.073      ; 1.283      ;
; 1.015 ; clk_counter[6]  ; clk_counter[7]  ; clk          ; clk         ; 0.000        ; 0.073      ; 1.283      ;
; 1.016 ; clk_counter[2]  ; clk_counter[3]  ; clk          ; clk         ; 0.000        ; 0.073      ; 1.284      ;
; 1.017 ; clk_counter[3]  ; clk_counter[4]  ; clk          ; clk         ; 0.000        ; 0.073      ; 1.285      ;
; 1.018 ; clk_counter[1]  ; clk_counter[2]  ; clk          ; clk         ; 0.000        ; 0.073      ; 1.286      ;
; 1.019 ; clk_counter[8]  ; clk_counter[9]  ; clk          ; clk         ; 0.000        ; 0.073      ; 1.287      ;
; 1.028 ; clk_counter[15] ; clk_counter[16] ; clk          ; clk         ; 0.000        ; 0.072      ; 1.295      ;
; 1.028 ; clk_counter[0]  ; clk_counter[2]  ; clk          ; clk         ; 0.000        ; 0.073      ; 1.296      ;
; 1.029 ; clk_counter[14] ; clk_counter[15] ; clk          ; clk         ; 0.000        ; 0.072      ; 1.296      ;
; 1.030 ; clk_counter[4]  ; clk_counter[6]  ; clk          ; clk         ; 0.000        ; 0.073      ; 1.298      ;
; 1.030 ; clk_counter[13] ; clk_counter[14] ; clk          ; clk         ; 0.000        ; 0.072      ; 1.297      ;
; 1.031 ; clk_counter[10] ; clk_counter[11] ; clk          ; clk         ; 0.000        ; 0.072      ; 1.298      ;
; 1.031 ; clk_counter[2]  ; clk_counter[4]  ; clk          ; clk         ; 0.000        ; 0.073      ; 1.299      ;
; 1.046 ; clk_counter[14] ; clk_counter[16] ; clk          ; clk         ; 0.000        ; 0.072      ; 1.313      ;
; 1.047 ; clk_counter[12] ; clk_counter[14] ; clk          ; clk         ; 0.000        ; 0.072      ; 1.314      ;
; 1.059 ; clk_counter[19] ; clk_counter[19] ; clk          ; clk         ; 0.000        ; 0.072      ; 1.326      ;
; 1.064 ; clk_counter[18] ; clk_counter[18] ; clk          ; clk         ; 0.000        ; 0.072      ; 1.331      ;
; 1.067 ; clk_counter[8]  ; clk_counter[8]  ; clk          ; clk         ; 0.000        ; 0.073      ; 1.335      ;
; 1.084 ; clk_counter[10] ; clk_counter[10] ; clk          ; clk         ; 0.000        ; 0.072      ; 1.351      ;
; 1.108 ; clk_counter[9]  ; clk_counter[11] ; clk          ; clk         ; 0.000        ; 0.073      ; 1.376      ;
; 1.114 ; clk_counter[3]  ; clk_counter[5]  ; clk          ; clk         ; 0.000        ; 0.073      ; 1.382      ;
; 1.115 ; clk_counter[1]  ; clk_counter[3]  ; clk          ; clk         ; 0.000        ; 0.073      ; 1.383      ;
; 1.122 ; clk_counter[15] ; clk_counter[17] ; clk          ; clk         ; 0.000        ; 0.072      ; 1.389      ;
; 1.124 ; clk_counter[13] ; clk_counter[15] ; clk          ; clk         ; 0.000        ; 0.072      ; 1.391      ;
; 1.135 ; clk_counter[0]  ; clk_counter[3]  ; clk          ; clk         ; 0.000        ; 0.073      ; 1.403      ;
; 1.137 ; clk_counter[4]  ; clk_counter[7]  ; clk          ; clk         ; 0.000        ; 0.073      ; 1.405      ;
; 1.137 ; clk_counter[6]  ; clk_counter[9]  ; clk          ; clk         ; 0.000        ; 0.073      ; 1.405      ;
; 1.138 ; clk_counter[2]  ; clk_counter[5]  ; clk          ; clk         ; 0.000        ; 0.073      ; 1.406      ;
; 1.139 ; clk_counter[3]  ; clk_counter[6]  ; clk          ; clk         ; 0.000        ; 0.073      ; 1.407      ;
; 1.140 ; clk_counter[1]  ; clk_counter[4]  ; clk          ; clk         ; 0.000        ; 0.073      ; 1.408      ;
; 1.141 ; clk_counter[8]  ; clk_counter[11] ; clk          ; clk         ; 0.000        ; 0.073      ; 1.409      ;
; 1.150 ; clk_counter[0]  ; clk_counter[4]  ; clk          ; clk         ; 0.000        ; 0.073      ; 1.418      ;
; 1.151 ; clk_counter[14] ; clk_counter[17] ; clk          ; clk         ; 0.000        ; 0.072      ; 1.418      ;
; 1.152 ; clk_counter[13] ; clk_counter[16] ; clk          ; clk         ; 0.000        ; 0.072      ; 1.419      ;
; 1.153 ; clk_counter[11] ; clk_counter[14] ; clk          ; clk         ; 0.000        ; 0.072      ; 1.420      ;
; 1.153 ; clk_counter[12] ; clk_counter[15] ; clk          ; clk         ; 0.000        ; 0.072      ; 1.420      ;
; 1.153 ; clk_counter[2]  ; clk_counter[6]  ; clk          ; clk         ; 0.000        ; 0.073      ; 1.421      ;
; 1.168 ; clk_counter[10] ; clk_counter[14] ; clk          ; clk         ; 0.000        ; 0.072      ; 1.435      ;
; 1.169 ; clk_counter[12] ; clk_counter[16] ; clk          ; clk         ; 0.000        ; 0.072      ; 1.436      ;
; 1.221 ; clk_counter[12] ; clk_counter[12] ; clk          ; clk         ; 0.000        ; 0.072      ; 1.488      ;
; 1.231 ; clk_counter[5]  ; clk_counter[6]  ; clk          ; clk         ; 0.000        ; 0.073      ; 1.499      ;
; 1.236 ; clk_counter[3]  ; clk_counter[7]  ; clk          ; clk         ; 0.000        ; 0.073      ; 1.504      ;
; 1.237 ; clk_counter[1]  ; clk_counter[5]  ; clk          ; clk         ; 0.000        ; 0.073      ; 1.505      ;
; 1.246 ; clk_counter[13] ; clk_counter[17] ; clk          ; clk         ; 0.000        ; 0.072      ; 1.513      ;
; 1.248 ; clk_counter[11] ; clk_counter[15] ; clk          ; clk         ; 0.000        ; 0.072      ; 1.515      ;
; 1.252 ; clk_counter[16] ; clk_counter[19] ; clk          ; clk         ; 0.000        ; 0.072      ; 1.519      ;
; 1.252 ; clk_counter[16] ; clk_counter[18] ; clk          ; clk         ; 0.000        ; 0.072      ; 1.519      ;
; 1.252 ; clk_counter[16] ; clk_counter[10] ; clk          ; clk         ; 0.000        ; 0.072      ; 1.519      ;
; 1.252 ; clk_counter[16] ; clk_counter[12] ; clk          ; clk         ; 0.000        ; 0.072      ; 1.519      ;
; 1.256 ; clk_counter[9]  ; clk_counter[14] ; clk          ; clk         ; 0.000        ; 0.073      ; 1.524      ;
; 1.257 ; clk_counter[5]  ; clk_counter[7]  ; clk          ; clk         ; 0.000        ; 0.073      ; 1.525      ;
; 1.257 ; clk_counter[0]  ; clk_counter[5]  ; clk          ; clk         ; 0.000        ; 0.073      ; 1.525      ;
; 1.259 ; clk_counter[4]  ; clk_counter[9]  ; clk          ; clk         ; 0.000        ; 0.073      ; 1.527      ;
; 1.259 ; clk_counter[7]  ; clk_counter[9]  ; clk          ; clk         ; 0.000        ; 0.073      ; 1.527      ;
; 1.259 ; clk_counter[6]  ; clk_counter[11] ; clk          ; clk         ; 0.000        ; 0.073      ; 1.527      ;
; 1.260 ; clk_16ms        ; clk_16ms        ; clk_16ms     ; clk         ; 0.000        ; 2.391      ; 4.116      ;
; 1.260 ; clk_counter[2]  ; clk_counter[7]  ; clk          ; clk         ; 0.000        ; 0.073      ; 1.528      ;
; 1.262 ; clk_counter[1]  ; clk_counter[6]  ; clk          ; clk         ; 0.000        ; 0.073      ; 1.530      ;
; 1.272 ; clk_counter[0]  ; clk_counter[6]  ; clk          ; clk         ; 0.000        ; 0.073      ; 1.540      ;
; 1.275 ; clk_counter[11] ; clk_counter[16] ; clk          ; clk         ; 0.000        ; 0.072      ; 1.542      ;
; 1.275 ; clk_counter[12] ; clk_counter[17] ; clk          ; clk         ; 0.000        ; 0.072      ; 1.542      ;
; 1.275 ; clk_counter[10] ; clk_counter[15] ; clk          ; clk         ; 0.000        ; 0.072      ; 1.542      ;
; 1.278 ; clk_counter[8]  ; clk_counter[14] ; clk          ; clk         ; 0.000        ; 0.073      ; 1.546      ;
; 1.290 ; clk_counter[10] ; clk_counter[16] ; clk          ; clk         ; 0.000        ; 0.072      ; 1.557      ;
; 1.305 ; clk_counter[13] ; clk_counter[13] ; clk          ; clk         ; 0.000        ; 0.072      ; 1.572      ;
; 1.352 ; clk_counter[9]  ; clk_counter[15] ; clk          ; clk         ; 0.000        ; 0.073      ; 1.620      ;
; 1.358 ; clk_counter[3]  ; clk_counter[9]  ; clk          ; clk         ; 0.000        ; 0.073      ; 1.626      ;
; 1.359 ; clk_counter[18] ; clk_counter[19] ; clk          ; clk         ; 0.000        ; 0.072      ; 1.626      ;
; 1.359 ; clk_counter[1]  ; clk_counter[7]  ; clk          ; clk         ; 0.000        ; 0.073      ; 1.627      ;
; 1.370 ; clk_counter[11] ; clk_counter[17] ; clk          ; clk         ; 0.000        ; 0.072      ; 1.637      ;
; 1.373 ; clk_counter[9]  ; clk_counter[10] ; clk          ; clk         ; 0.000        ; 0.073      ; 1.641      ;
; 1.374 ; clk_counter[16] ; clk_counter[13] ; clk          ; clk         ; 0.000        ; 0.072      ; 1.641      ;
; 1.377 ; clk_counter[17] ; clk_counter[18] ; clk          ; clk         ; 0.000        ; 0.072      ; 1.644      ;
; 1.378 ; clk_counter[9]  ; clk_counter[16] ; clk          ; clk         ; 0.000        ; 0.073      ; 1.646      ;
; 1.379 ; clk_counter[5]  ; clk_counter[9]  ; clk          ; clk         ; 0.000        ; 0.073      ; 1.647      ;
; 1.379 ; clk_counter[0]  ; clk_counter[7]  ; clk          ; clk         ; 0.000        ; 0.073      ; 1.647      ;
; 1.381 ; clk_counter[17] ; clk_counter[19] ; clk          ; clk         ; 0.000        ; 0.072      ; 1.648      ;
; 1.381 ; clk_counter[17] ; clk_counter[10] ; clk          ; clk         ; 0.000        ; 0.072      ; 1.648      ;
; 1.381 ; clk_counter[17] ; clk_counter[12] ; clk          ; clk         ; 0.000        ; 0.072      ; 1.648      ;
; 1.381 ; clk_counter[4]  ; clk_counter[11] ; clk          ; clk         ; 0.000        ; 0.073      ; 1.649      ;
; 1.381 ; clk_counter[7]  ; clk_counter[11] ; clk          ; clk         ; 0.000        ; 0.073      ; 1.649      ;
; 1.382 ; clk_counter[2]  ; clk_counter[9]  ; clk          ; clk         ; 0.000        ; 0.073      ; 1.650      ;
; 1.385 ; clk_counter[8]  ; clk_counter[15] ; clk          ; clk         ; 0.000        ; 0.073      ; 1.653      ;
; 1.389 ; clk_counter[6]  ; clk_counter[8]  ; clk          ; clk         ; 0.000        ; 0.073      ; 1.657      ;
+-------+-----------------+-----------------+--------------+-------------+--------------+------------+------------+


----------------------------------------------
; Slow 1200mV 0C Model Metastability Summary ;
----------------------------------------------
No synchronizer chains to report.


+------------------------------------+
; Fast 1200mV 0C Model Setup Summary ;
+----------+--------+----------------+
; Clock    ; Slack  ; End Point TNS  ;
+----------+--------+----------------+
; clk_16ms ; -1.143 ; -16.721        ;
; clk      ; -1.118 ; -6.025         ;
+----------+--------+----------------+


+-----------------------------------+
; Fast 1200mV 0C Model Hold Summary ;
+----------+-------+----------------+
; Clock    ; Slack ; End Point TNS  ;
+----------+-------+----------------+
; clk_16ms ; 0.187 ; 0.000          ;
; clk      ; 0.296 ; 0.000          ;
+----------+-------+----------------+


-----------------------------------------
; Fast 1200mV 0C Model Recovery Summary ;
-----------------------------------------
No paths to report.


----------------------------------------
; Fast 1200mV 0C Model Removal Summary ;
----------------------------------------
No paths to report.


+--------------------------------------------------+
; Fast 1200mV 0C Model Minimum Pulse Width Summary ;
+----------+--------+------------------------------+
; Clock    ; Slack  ; End Point TNS                ;
+----------+--------+------------------------------+
; clk      ; -3.000 ; -25.376                      ;
; clk_16ms ; -1.000 ; -22.000                      ;
+----------+--------+------------------------------+


+---------------------------------------------------------------------------------------------------------------------------------+
; Fast 1200mV 0C Model Setup: 'clk_16ms'                                                                                          ;
+--------+-----------------------------+--------------------+--------------+-------------+--------------+------------+------------+
; Slack  ; From Node                   ; To Node            ; Launch Clock ; Latch Clock ; Relationship ; Clock Skew ; Data Delay ;
+--------+-----------------------------+--------------------+--------------+-------------+--------------+------------+------------+
; -1.143 ; data_counter[1]             ; data[3]~reg0       ; clk_16ms     ; clk_16ms    ; 1.000        ; 0.154      ; 2.284      ;
; -1.124 ; command_counter[2]          ; data[3]~reg0       ; clk_16ms     ; clk_16ms    ; 1.000        ; 0.152      ; 2.263      ;
; -1.055 ; data_counter[4]             ; data[3]~reg0       ; clk_16ms     ; clk_16ms    ; 1.000        ; 0.154      ; 2.196      ;
; -1.048 ; data_counter[0]             ; data[3]~reg0       ; clk_16ms     ; clk_16ms    ; 1.000        ; 0.154      ; 2.189      ;
; -1.012 ; command_counter[2]          ; rs~reg0            ; clk_16ms     ; clk_16ms    ; 1.000        ; -0.035     ; 1.964      ;
; -1.009 ; data_counter[2]             ; data[3]~reg0       ; clk_16ms     ; clk_16ms    ; 1.000        ; 0.154      ; 2.150      ;
; -1.006 ; command_counter[2]          ; data[4]~reg0       ; clk_16ms     ; clk_16ms    ; 1.000        ; 0.153      ; 2.146      ;
; -0.989 ; command_counter[0]          ; data[3]~reg0       ; clk_16ms     ; clk_16ms    ; 1.000        ; 0.152      ; 2.128      ;
; -0.985 ; data_counter[0]             ; data[0]~reg0       ; clk_16ms     ; clk_16ms    ; 1.000        ; 0.163      ; 2.135      ;
; -0.958 ; data_counter[4]             ; data[2]~reg0       ; clk_16ms     ; clk_16ms    ; 1.000        ; 0.155      ; 2.100      ;
; -0.944 ; command_counter[1]          ; data[3]~reg0       ; clk_16ms     ; clk_16ms    ; 1.000        ; 0.152      ; 2.083      ;
; -0.936 ; command_counter[2]          ; data[0]~reg0       ; clk_16ms     ; clk_16ms    ; 1.000        ; 0.161      ; 2.084      ;
; -0.934 ; data_counter[3]             ; data[3]~reg0       ; clk_16ms     ; clk_16ms    ; 1.000        ; 0.154      ; 2.075      ;
; -0.932 ; command_counter[2]          ; command_counter[0] ; clk_16ms     ; clk_16ms    ; 1.000        ; -0.036     ; 1.883      ;
; -0.932 ; command_counter[2]          ; command_counter[2] ; clk_16ms     ; clk_16ms    ; 1.000        ; -0.036     ; 1.883      ;
; -0.928 ; data_counter[4]             ; data[6]~reg0       ; clk_16ms     ; clk_16ms    ; 1.000        ; 0.155      ; 2.070      ;
; -0.928 ; command_counter[2]          ; command_counter[1] ; clk_16ms     ; clk_16ms    ; 1.000        ; -0.036     ; 1.879      ;
; -0.928 ; data_counter[2]             ; data[0]~reg0       ; clk_16ms     ; clk_16ms    ; 1.000        ; 0.163      ; 2.078      ;
; -0.907 ; data_counter[4]             ; data[0]~reg0       ; clk_16ms     ; clk_16ms    ; 1.000        ; 0.163      ; 2.057      ;
; -0.900 ; fsm_state.WR_STATIC_TEXT_1L ; data[3]~reg0       ; clk_16ms     ; clk_16ms    ; 1.000        ; 0.152      ; 2.039      ;
; -0.899 ; data_counter[1]             ; data[1]~reg0       ; clk_16ms     ; clk_16ms    ; 1.000        ; 0.156      ; 2.042      ;
; -0.890 ; command_counter[2]          ; data[1]~reg0       ; clk_16ms     ; clk_16ms    ; 1.000        ; 0.154      ; 2.031      ;
; -0.877 ; command_counter[0]          ; rs~reg0            ; clk_16ms     ; clk_16ms    ; 1.000        ; -0.035     ; 1.829      ;
; -0.871 ; command_counter[0]          ; data[4]~reg0       ; clk_16ms     ; clk_16ms    ; 1.000        ; 0.153      ; 2.011      ;
; -0.865 ; command_counter[2]          ; data[6]~reg0       ; clk_16ms     ; clk_16ms    ; 1.000        ; 0.153      ; 2.005      ;
; -0.853 ; data_counter[3]             ; data[0]~reg0       ; clk_16ms     ; clk_16ms    ; 1.000        ; 0.163      ; 2.003      ;
; -0.846 ; fsm_state.CONFIG_CMD1       ; data[3]~reg0       ; clk_16ms     ; clk_16ms    ; 1.000        ; 0.152      ; 1.985      ;
; -0.844 ; command_counter[2]          ; data[5]~reg0       ; clk_16ms     ; clk_16ms    ; 1.000        ; 0.151      ; 1.982      ;
; -0.843 ; data_counter[4]             ; data[4]~reg0       ; clk_16ms     ; clk_16ms    ; 1.000        ; 0.155      ; 1.985      ;
; -0.843 ; data_counter[3]             ; command_counter[0] ; clk_16ms     ; clk_16ms    ; 1.000        ; -0.034     ; 1.796      ;
; -0.843 ; data_counter[3]             ; command_counter[2] ; clk_16ms     ; clk_16ms    ; 1.000        ; -0.034     ; 1.796      ;
; -0.839 ; data_counter[3]             ; command_counter[1] ; clk_16ms     ; clk_16ms    ; 1.000        ; -0.034     ; 1.792      ;
; -0.832 ; command_counter[1]          ; rs~reg0            ; clk_16ms     ; clk_16ms    ; 1.000        ; -0.035     ; 1.784      ;
; -0.829 ; data_counter[1]             ; command_counter[0] ; clk_16ms     ; clk_16ms    ; 1.000        ; -0.034     ; 1.782      ;
; -0.829 ; data_counter[1]             ; command_counter[2] ; clk_16ms     ; clk_16ms    ; 1.000        ; -0.034     ; 1.782      ;
; -0.828 ; data_counter[4]             ; data[1]~reg0       ; clk_16ms     ; clk_16ms    ; 1.000        ; 0.156      ; 1.971      ;
; -0.827 ; data_counter[1]             ; data[0]~reg0       ; clk_16ms     ; clk_16ms    ; 1.000        ; 0.163      ; 1.977      ;
; -0.826 ; command_counter[1]          ; data[4]~reg0       ; clk_16ms     ; clk_16ms    ; 1.000        ; 0.153      ; 1.966      ;
; -0.826 ; data_counter[1]             ; data[4]~reg0       ; clk_16ms     ; clk_16ms    ; 1.000        ; 0.155      ; 1.968      ;
; -0.825 ; data_counter[1]             ; command_counter[1] ; clk_16ms     ; clk_16ms    ; 1.000        ; -0.034     ; 1.778      ;
; -0.824 ; data_counter[2]             ; data[2]~reg0       ; clk_16ms     ; clk_16ms    ; 1.000        ; 0.155      ; 1.966      ;
; -0.822 ; data_counter[3]             ; rs~reg0            ; clk_16ms     ; clk_16ms    ; 1.000        ; -0.033     ; 1.776      ;
; -0.816 ; data_counter[3]             ; data[4]~reg0       ; clk_16ms     ; clk_16ms    ; 1.000        ; 0.155      ; 1.958      ;
; -0.809 ; fsm_state.CONFIG_CMD2       ; command_counter[0] ; clk_16ms     ; clk_16ms    ; 1.000        ; -0.037     ; 1.759      ;
; -0.809 ; fsm_state.CONFIG_CMD2       ; command_counter[2] ; clk_16ms     ; clk_16ms    ; 1.000        ; -0.037     ; 1.759      ;
; -0.808 ; data_counter[1]             ; rs~reg0            ; clk_16ms     ; clk_16ms    ; 1.000        ; -0.033     ; 1.762      ;
; -0.807 ; fsm_state.CONFIG_CMD2       ; data[0]~reg0       ; clk_16ms     ; clk_16ms    ; 1.000        ; 0.160      ; 1.954      ;
; -0.805 ; fsm_state.CONFIG_CMD2       ; command_counter[1] ; clk_16ms     ; clk_16ms    ; 1.000        ; -0.037     ; 1.755      ;
; -0.804 ; data_counter[3]             ; data[2]~reg0       ; clk_16ms     ; clk_16ms    ; 1.000        ; 0.155      ; 1.946      ;
; -0.801 ; command_counter[0]          ; data[0]~reg0       ; clk_16ms     ; clk_16ms    ; 1.000        ; 0.161      ; 1.949      ;
; -0.801 ; data_counter[0]             ; command_counter[0] ; clk_16ms     ; clk_16ms    ; 1.000        ; -0.034     ; 1.754      ;
; -0.801 ; data_counter[0]             ; command_counter[2] ; clk_16ms     ; clk_16ms    ; 1.000        ; -0.034     ; 1.754      ;
; -0.800 ; data_counter[3]             ; data[6]~reg0       ; clk_16ms     ; clk_16ms    ; 1.000        ; 0.155      ; 1.942      ;
; -0.799 ; data_counter[2]             ; command_counter[0] ; clk_16ms     ; clk_16ms    ; 1.000        ; -0.034     ; 1.752      ;
; -0.799 ; data_counter[2]             ; command_counter[2] ; clk_16ms     ; clk_16ms    ; 1.000        ; -0.034     ; 1.752      ;
; -0.797 ; command_counter[0]          ; command_counter[0] ; clk_16ms     ; clk_16ms    ; 1.000        ; -0.036     ; 1.748      ;
; -0.797 ; command_counter[0]          ; command_counter[2] ; clk_16ms     ; clk_16ms    ; 1.000        ; -0.036     ; 1.748      ;
; -0.797 ; data_counter[0]             ; command_counter[1] ; clk_16ms     ; clk_16ms    ; 1.000        ; -0.034     ; 1.750      ;
; -0.797 ; command_counter[0]          ; data[1]~reg0       ; clk_16ms     ; clk_16ms    ; 1.000        ; 0.154      ; 1.938      ;
; -0.795 ; data_counter[2]             ; command_counter[1] ; clk_16ms     ; clk_16ms    ; 1.000        ; -0.034     ; 1.748      ;
; -0.793 ; command_counter[0]          ; command_counter[1] ; clk_16ms     ; clk_16ms    ; 1.000        ; -0.036     ; 1.744      ;
; -0.790 ; data_counter[1]             ; data[2]~reg0       ; clk_16ms     ; clk_16ms    ; 1.000        ; 0.155      ; 1.932      ;
; -0.788 ; fsm_state.WR_STATIC_TEXT_1L ; rs~reg0            ; clk_16ms     ; clk_16ms    ; 1.000        ; -0.035     ; 1.740      ;
; -0.788 ; data_counter[3]             ; data[1]~reg0       ; clk_16ms     ; clk_16ms    ; 1.000        ; 0.156      ; 1.931      ;
; -0.786 ; data_counter[1]             ; data[6]~reg0       ; clk_16ms     ; clk_16ms    ; 1.000        ; 0.155      ; 1.928      ;
; -0.782 ; fsm_state.WR_STATIC_TEXT_1L ; data[4]~reg0       ; clk_16ms     ; clk_16ms    ; 1.000        ; 0.153      ; 1.922      ;
; -0.780 ; data_counter[0]             ; rs~reg0            ; clk_16ms     ; clk_16ms    ; 1.000        ; -0.033     ; 1.734      ;
; -0.778 ; data_counter[2]             ; rs~reg0            ; clk_16ms     ; clk_16ms    ; 1.000        ; -0.033     ; 1.732      ;
; -0.774 ; data_counter[0]             ; data[4]~reg0       ; clk_16ms     ; clk_16ms    ; 1.000        ; 0.155      ; 1.916      ;
; -0.772 ; data_counter[2]             ; data[4]~reg0       ; clk_16ms     ; clk_16ms    ; 1.000        ; 0.155      ; 1.914      ;
; -0.770 ; fsm_state.CONFIG_CMD2       ; data[2]~reg0       ; clk_16ms     ; clk_16ms    ; 1.000        ; 0.152      ; 1.909      ;
; -0.766 ; fsm_state.CONFIG_CMD2       ; data[6]~reg0       ; clk_16ms     ; clk_16ms    ; 1.000        ; 0.152      ; 1.905      ;
; -0.762 ; data_counter[0]             ; data[2]~reg0       ; clk_16ms     ; clk_16ms    ; 1.000        ; 0.155      ; 1.904      ;
; -0.761 ; data_counter[4]             ; command_counter[0] ; clk_16ms     ; clk_16ms    ; 1.000        ; -0.034     ; 1.714      ;
; -0.761 ; data_counter[4]             ; command_counter[2] ; clk_16ms     ; clk_16ms    ; 1.000        ; -0.034     ; 1.714      ;
; -0.758 ; data_counter[0]             ; data[6]~reg0       ; clk_16ms     ; clk_16ms    ; 1.000        ; 0.155      ; 1.900      ;
; -0.757 ; data_counter[4]             ; command_counter[1] ; clk_16ms     ; clk_16ms    ; 1.000        ; -0.034     ; 1.710      ;
; -0.757 ; command_counter[1]          ; data[1]~reg0       ; clk_16ms     ; clk_16ms    ; 1.000        ; 0.154      ; 1.898      ;
; -0.756 ; command_counter[1]          ; data[0]~reg0       ; clk_16ms     ; clk_16ms    ; 1.000        ; 0.161      ; 1.904      ;
; -0.756 ; data_counter[2]             ; data[6]~reg0       ; clk_16ms     ; clk_16ms    ; 1.000        ; 0.155      ; 1.898      ;
; -0.752 ; command_counter[1]          ; command_counter[0] ; clk_16ms     ; clk_16ms    ; 1.000        ; -0.036     ; 1.703      ;
; -0.752 ; command_counter[1]          ; command_counter[2] ; clk_16ms     ; clk_16ms    ; 1.000        ; -0.036     ; 1.703      ;
; -0.752 ; fsm_state.CONFIG_CMD2       ; data[3]~reg0       ; clk_16ms     ; clk_16ms    ; 1.000        ; 0.151      ; 1.890      ;
; -0.748 ; command_counter[1]          ; command_counter[1] ; clk_16ms     ; clk_16ms    ; 1.000        ; -0.036     ; 1.699      ;
; -0.746 ; command_counter[2]          ; data[2]~reg0       ; clk_16ms     ; clk_16ms    ; 1.000        ; 0.153      ; 1.886      ;
; -0.740 ; fsm_state.WR_STATIC_TEXT_2L ; command_counter[0] ; clk_16ms     ; clk_16ms    ; 1.000        ; -0.037     ; 1.690      ;
; -0.740 ; fsm_state.WR_STATIC_TEXT_2L ; command_counter[2] ; clk_16ms     ; clk_16ms    ; 1.000        ; -0.037     ; 1.690      ;
; -0.740 ; data_counter[4]             ; rs~reg0            ; clk_16ms     ; clk_16ms    ; 1.000        ; -0.033     ; 1.694      ;
; -0.738 ; fsm_state.WR_STATIC_TEXT_2L ; data[0]~reg0       ; clk_16ms     ; clk_16ms    ; 1.000        ; 0.160      ; 1.885      ;
; -0.736 ; fsm_state.WR_STATIC_TEXT_2L ; command_counter[1] ; clk_16ms     ; clk_16ms    ; 1.000        ; -0.037     ; 1.686      ;
; -0.734 ; fsm_state.CONFIG_CMD1       ; rs~reg0            ; clk_16ms     ; clk_16ms    ; 1.000        ; -0.035     ; 1.686      ;
; -0.732 ; command_counter[2]          ; data_counter[4]    ; clk_16ms     ; clk_16ms    ; 1.000        ; -0.038     ; 1.681      ;
; -0.732 ; command_counter[2]          ; data_counter[3]    ; clk_16ms     ; clk_16ms    ; 1.000        ; -0.038     ; 1.681      ;
; -0.732 ; command_counter[2]          ; data_counter[0]    ; clk_16ms     ; clk_16ms    ; 1.000        ; -0.038     ; 1.681      ;
; -0.732 ; command_counter[2]          ; data_counter[1]    ; clk_16ms     ; clk_16ms    ; 1.000        ; -0.038     ; 1.681      ;
; -0.732 ; command_counter[2]          ; data_counter[2]    ; clk_16ms     ; clk_16ms    ; 1.000        ; -0.038     ; 1.681      ;
; -0.730 ; command_counter[0]          ; data[6]~reg0       ; clk_16ms     ; clk_16ms    ; 1.000        ; 0.153      ; 1.870      ;
; -0.729 ; data_counter[0]             ; data[1]~reg0       ; clk_16ms     ; clk_16ms    ; 1.000        ; 0.156      ; 1.872      ;
; -0.729 ; fsm_state.IDLE              ; data[3]~reg0       ; clk_16ms     ; clk_16ms    ; 1.000        ; 0.152      ; 1.868      ;
; -0.728 ; fsm_state.CONFIG_CMD1       ; data[4]~reg0       ; clk_16ms     ; clk_16ms    ; 1.000        ; 0.153      ; 1.868      ;
+--------+-----------------------------+--------------------+--------------+-------------+--------------+------------+------------+


+------------------------------------------------------------------------------------------------------------------+
; Fast 1200mV 0C Model Setup: 'clk'                                                                                ;
+--------+-----------------+-----------------+--------------+-------------+--------------+------------+------------+
; Slack  ; From Node       ; To Node         ; Launch Clock ; Latch Clock ; Relationship ; Clock Skew ; Data Delay ;
+--------+-----------------+-----------------+--------------+-------------+--------------+------------+------------+
; -1.118 ; clk_counter[10] ; clk_16ms        ; clk          ; clk         ; 1.000        ; -0.037     ; 2.068      ;
; -1.036 ; clk_counter[14] ; clk_16ms        ; clk          ; clk         ; 1.000        ; -0.037     ; 1.986      ;
; -1.010 ; clk_counter[12] ; clk_16ms        ; clk          ; clk         ; 1.000        ; -0.037     ; 1.960      ;
; -0.983 ; clk_counter[11] ; clk_16ms        ; clk          ; clk         ; 1.000        ; -0.037     ; 1.933      ;
; -0.936 ; clk_counter[19] ; clk_16ms        ; clk          ; clk         ; 1.000        ; -0.037     ; 1.886      ;
; -0.936 ; clk_counter[18] ; clk_16ms        ; clk          ; clk         ; 1.000        ; -0.037     ; 1.886      ;
; -0.928 ; clk_counter[5]  ; clk_16ms        ; clk          ; clk         ; 1.000        ; -0.036     ; 1.879      ;
; -0.924 ; clk_counter[15] ; clk_16ms        ; clk          ; clk         ; 1.000        ; -0.037     ; 1.874      ;
; -0.921 ; clk_counter[6]  ; clk_16ms        ; clk          ; clk         ; 1.000        ; -0.036     ; 1.872      ;
; -0.896 ; clk_counter[13] ; clk_16ms        ; clk          ; clk         ; 1.000        ; -0.037     ; 1.846      ;
; -0.881 ; clk_counter[9]  ; clk_16ms        ; clk          ; clk         ; 1.000        ; -0.036     ; 1.832      ;
; -0.879 ; clk_counter[8]  ; clk_16ms        ; clk          ; clk         ; 1.000        ; -0.036     ; 1.830      ;
; -0.865 ; clk_counter[7]  ; clk_16ms        ; clk          ; clk         ; 1.000        ; -0.036     ; 1.816      ;
; -0.857 ; clk_counter[0]  ; clk_16ms        ; clk          ; clk         ; 1.000        ; -0.036     ; 1.808      ;
; -0.855 ; clk_counter[2]  ; clk_16ms        ; clk          ; clk         ; 1.000        ; -0.036     ; 1.806      ;
; -0.792 ; clk_counter[1]  ; clk_16ms        ; clk          ; clk         ; 1.000        ; -0.036     ; 1.743      ;
; -0.790 ; clk_counter[17] ; clk_16ms        ; clk          ; clk         ; 1.000        ; -0.037     ; 1.740      ;
; -0.785 ; clk_counter[4]  ; clk_16ms        ; clk          ; clk         ; 1.000        ; -0.036     ; 1.736      ;
; -0.734 ; clk_counter[16] ; clk_16ms        ; clk          ; clk         ; 1.000        ; -0.037     ; 1.684      ;
; -0.721 ; clk_counter[3]  ; clk_16ms        ; clk          ; clk         ; 1.000        ; -0.036     ; 1.672      ;
; -0.604 ; clk_counter[10] ; clk_counter[18] ; clk          ; clk         ; 1.000        ; -0.037     ; 1.554      ;
; -0.604 ; clk_counter[10] ; clk_counter[19] ; clk          ; clk         ; 1.000        ; -0.037     ; 1.554      ;
; -0.604 ; clk_counter[10] ; clk_counter[13] ; clk          ; clk         ; 1.000        ; -0.037     ; 1.554      ;
; -0.604 ; clk_counter[10] ; clk_counter[10] ; clk          ; clk         ; 1.000        ; -0.037     ; 1.554      ;
; -0.597 ; clk_counter[1]  ; clk_counter[19] ; clk          ; clk         ; 1.000        ; -0.036     ; 1.548      ;
; -0.594 ; clk_counter[1]  ; clk_counter[18] ; clk          ; clk         ; 1.000        ; -0.036     ; 1.545      ;
; -0.582 ; clk_counter[0]  ; clk_counter[19] ; clk          ; clk         ; 1.000        ; -0.036     ; 1.533      ;
; -0.565 ; clk_counter[1]  ; clk_counter[13] ; clk          ; clk         ; 1.000        ; -0.036     ; 1.516      ;
; -0.550 ; clk_counter[0]  ; clk_counter[13] ; clk          ; clk         ; 1.000        ; -0.036     ; 1.501      ;
; -0.545 ; clk_counter[0]  ; clk_counter[18] ; clk          ; clk         ; 1.000        ; -0.036     ; 1.496      ;
; -0.543 ; clk_counter[5]  ; clk_counter[19] ; clk          ; clk         ; 1.000        ; -0.036     ; 1.494      ;
; -0.540 ; clk_counter[5]  ; clk_counter[18] ; clk          ; clk         ; 1.000        ; -0.036     ; 1.491      ;
; -0.528 ; clk_counter[3]  ; clk_counter[19] ; clk          ; clk         ; 1.000        ; -0.036     ; 1.479      ;
; -0.525 ; clk_counter[3]  ; clk_counter[18] ; clk          ; clk         ; 1.000        ; -0.036     ; 1.476      ;
; -0.520 ; clk_counter[10] ; clk_counter[12] ; clk          ; clk         ; 1.000        ; -0.037     ; 1.470      ;
; -0.513 ; clk_counter[2]  ; clk_counter[19] ; clk          ; clk         ; 1.000        ; -0.036     ; 1.464      ;
; -0.511 ; clk_counter[5]  ; clk_counter[13] ; clk          ; clk         ; 1.000        ; -0.036     ; 1.462      ;
; -0.507 ; clk_counter[14] ; clk_counter[10] ; clk          ; clk         ; 1.000        ; -0.037     ; 1.457      ;
; -0.507 ; clk_counter[14] ; clk_counter[19] ; clk          ; clk         ; 1.000        ; -0.037     ; 1.457      ;
; -0.507 ; clk_counter[14] ; clk_counter[18] ; clk          ; clk         ; 1.000        ; -0.037     ; 1.457      ;
; -0.507 ; clk_counter[14] ; clk_counter[13] ; clk          ; clk         ; 1.000        ; -0.037     ; 1.457      ;
; -0.496 ; clk_counter[12] ; clk_counter[18] ; clk          ; clk         ; 1.000        ; -0.037     ; 1.446      ;
; -0.496 ; clk_counter[12] ; clk_counter[19] ; clk          ; clk         ; 1.000        ; -0.037     ; 1.446      ;
; -0.496 ; clk_counter[12] ; clk_counter[13] ; clk          ; clk         ; 1.000        ; -0.037     ; 1.446      ;
; -0.496 ; clk_counter[12] ; clk_counter[10] ; clk          ; clk         ; 1.000        ; -0.037     ; 1.446      ;
; -0.496 ; clk_counter[3]  ; clk_counter[13] ; clk          ; clk         ; 1.000        ; -0.036     ; 1.447      ;
; -0.481 ; clk_counter[2]  ; clk_counter[13] ; clk          ; clk         ; 1.000        ; -0.036     ; 1.432      ;
; -0.478 ; clk_counter[2]  ; clk_counter[18] ; clk          ; clk         ; 1.000        ; -0.036     ; 1.429      ;
; -0.475 ; clk_counter[7]  ; clk_counter[19] ; clk          ; clk         ; 1.000        ; -0.036     ; 1.426      ;
; -0.472 ; clk_counter[7]  ; clk_counter[18] ; clk          ; clk         ; 1.000        ; -0.036     ; 1.423      ;
; -0.465 ; clk_counter[1]  ; clk_counter[12] ; clk          ; clk         ; 1.000        ; -0.036     ; 1.416      ;
; -0.461 ; clk_counter[11] ; clk_counter[18] ; clk          ; clk         ; 1.000        ; -0.037     ; 1.411      ;
; -0.461 ; clk_counter[11] ; clk_counter[19] ; clk          ; clk         ; 1.000        ; -0.037     ; 1.411      ;
; -0.461 ; clk_counter[11] ; clk_counter[13] ; clk          ; clk         ; 1.000        ; -0.037     ; 1.411      ;
; -0.461 ; clk_counter[11] ; clk_counter[10] ; clk          ; clk         ; 1.000        ; -0.037     ; 1.411      ;
; -0.445 ; clk_counter[4]  ; clk_counter[19] ; clk          ; clk         ; 1.000        ; -0.036     ; 1.396      ;
; -0.443 ; clk_counter[7]  ; clk_counter[13] ; clk          ; clk         ; 1.000        ; -0.036     ; 1.394      ;
; -0.441 ; clk_16ms        ; clk_16ms        ; clk_16ms     ; clk         ; 0.500        ; 1.136      ; 2.159      ;
; -0.419 ; clk_counter[14] ; clk_counter[12] ; clk          ; clk         ; 1.000        ; -0.037     ; 1.369      ;
; -0.416 ; clk_counter[0]  ; clk_counter[12] ; clk          ; clk         ; 1.000        ; -0.036     ; 1.367      ;
; -0.414 ; clk_counter[5]  ; clk_counter[10] ; clk          ; clk         ; 1.000        ; -0.036     ; 1.365      ;
; -0.413 ; clk_counter[4]  ; clk_counter[13] ; clk          ; clk         ; 1.000        ; -0.036     ; 1.364      ;
; -0.412 ; clk_counter[12] ; clk_counter[12] ; clk          ; clk         ; 1.000        ; -0.037     ; 1.362      ;
; -0.411 ; clk_counter[5]  ; clk_counter[12] ; clk          ; clk         ; 1.000        ; -0.036     ; 1.362      ;
; -0.408 ; clk_counter[4]  ; clk_counter[18] ; clk          ; clk         ; 1.000        ; -0.036     ; 1.359      ;
; -0.407 ; clk_counter[6]  ; clk_counter[18] ; clk          ; clk         ; 1.000        ; -0.036     ; 1.358      ;
; -0.407 ; clk_counter[6]  ; clk_counter[19] ; clk          ; clk         ; 1.000        ; -0.036     ; 1.358      ;
; -0.407 ; clk_counter[6]  ; clk_counter[13] ; clk          ; clk         ; 1.000        ; -0.036     ; 1.358      ;
; -0.407 ; clk_counter[6]  ; clk_counter[10] ; clk          ; clk         ; 1.000        ; -0.036     ; 1.358      ;
; -0.403 ; clk_counter[10] ; clk_counter[8]  ; clk          ; clk         ; 1.000        ; -0.037     ; 1.353      ;
; -0.396 ; clk_counter[3]  ; clk_counter[12] ; clk          ; clk         ; 1.000        ; -0.036     ; 1.347      ;
; -0.395 ; clk_counter[15] ; clk_counter[10] ; clk          ; clk         ; 1.000        ; -0.037     ; 1.345      ;
; -0.395 ; clk_counter[15] ; clk_counter[19] ; clk          ; clk         ; 1.000        ; -0.037     ; 1.345      ;
; -0.395 ; clk_counter[15] ; clk_counter[18] ; clk          ; clk         ; 1.000        ; -0.037     ; 1.345      ;
; -0.395 ; clk_counter[15] ; clk_counter[13] ; clk          ; clk         ; 1.000        ; -0.037     ; 1.345      ;
; -0.382 ; clk_counter[13] ; clk_counter[18] ; clk          ; clk         ; 1.000        ; -0.037     ; 1.332      ;
; -0.382 ; clk_counter[13] ; clk_counter[19] ; clk          ; clk         ; 1.000        ; -0.037     ; 1.332      ;
; -0.382 ; clk_counter[13] ; clk_counter[13] ; clk          ; clk         ; 1.000        ; -0.037     ; 1.332      ;
; -0.382 ; clk_counter[13] ; clk_counter[10] ; clk          ; clk         ; 1.000        ; -0.037     ; 1.332      ;
; -0.377 ; clk_counter[11] ; clk_counter[12] ; clk          ; clk         ; 1.000        ; -0.037     ; 1.327      ;
; -0.367 ; clk_counter[9]  ; clk_counter[18] ; clk          ; clk         ; 1.000        ; -0.036     ; 1.318      ;
; -0.367 ; clk_counter[9]  ; clk_counter[19] ; clk          ; clk         ; 1.000        ; -0.036     ; 1.318      ;
; -0.367 ; clk_counter[9]  ; clk_counter[13] ; clk          ; clk         ; 1.000        ; -0.036     ; 1.318      ;
; -0.367 ; clk_counter[9]  ; clk_counter[10] ; clk          ; clk         ; 1.000        ; -0.036     ; 1.318      ;
; -0.365 ; clk_counter[8]  ; clk_counter[18] ; clk          ; clk         ; 1.000        ; -0.036     ; 1.316      ;
; -0.365 ; clk_counter[8]  ; clk_counter[19] ; clk          ; clk         ; 1.000        ; -0.036     ; 1.316      ;
; -0.365 ; clk_counter[8]  ; clk_counter[13] ; clk          ; clk         ; 1.000        ; -0.036     ; 1.316      ;
; -0.365 ; clk_counter[8]  ; clk_counter[10] ; clk          ; clk         ; 1.000        ; -0.036     ; 1.316      ;
; -0.359 ; clk_counter[1]  ; clk_counter[17] ; clk          ; clk         ; 1.000        ; -0.036     ; 1.310      ;
; -0.355 ; clk_counter[1]  ; clk_counter[16] ; clk          ; clk         ; 1.000        ; -0.036     ; 1.306      ;
; -0.351 ; clk_counter[7]  ; clk_counter[10] ; clk          ; clk         ; 1.000        ; -0.036     ; 1.302      ;
; -0.349 ; clk_counter[2]  ; clk_counter[12] ; clk          ; clk         ; 1.000        ; -0.036     ; 1.300      ;
; -0.344 ; clk_counter[0]  ; clk_counter[17] ; clk          ; clk         ; 1.000        ; -0.036     ; 1.295      ;
; -0.343 ; clk_counter[0]  ; clk_counter[10] ; clk          ; clk         ; 1.000        ; -0.036     ; 1.294      ;
; -0.343 ; clk_counter[7]  ; clk_counter[12] ; clk          ; clk         ; 1.000        ; -0.036     ; 1.294      ;
; -0.341 ; clk_counter[2]  ; clk_counter[10] ; clk          ; clk         ; 1.000        ; -0.036     ; 1.292      ;
; -0.326 ; clk_counter[1]  ; clk_counter[10] ; clk          ; clk         ; 1.000        ; -0.036     ; 1.277      ;
; -0.323 ; clk_counter[6]  ; clk_counter[12] ; clk          ; clk         ; 1.000        ; -0.036     ; 1.274      ;
; -0.321 ; clk_counter[14] ; clk_counter[8]  ; clk          ; clk         ; 1.000        ; -0.037     ; 1.271      ;
; -0.307 ; clk_counter[15] ; clk_counter[12] ; clk          ; clk         ; 1.000        ; -0.037     ; 1.257      ;
+--------+-----------------+-----------------+--------------+-------------+--------------+------------+------------+


+-----------------------------------------------------------------------------------------------------------------------------------------+
; Fast 1200mV 0C Model Hold: 'clk_16ms'                                                                                                   ;
+-------+-----------------------------+-----------------------------+--------------+-------------+--------------+------------+------------+
; Slack ; From Node                   ; To Node                     ; Launch Clock ; Latch Clock ; Relationship ; Clock Skew ; Data Delay ;
+-------+-----------------------------+-----------------------------+--------------+-------------+--------------+------------+------------+
; 0.187 ; rs~reg0                     ; rs~reg0                     ; clk_16ms     ; clk_16ms    ; 0.000        ; 0.036      ; 0.307      ;
; 0.187 ; command_counter[1]          ; command_counter[1]          ; clk_16ms     ; clk_16ms    ; 0.000        ; 0.036      ; 0.307      ;
; 0.187 ; command_counter[0]          ; command_counter[0]          ; clk_16ms     ; clk_16ms    ; 0.000        ; 0.036      ; 0.307      ;
; 0.187 ; command_counter[2]          ; command_counter[2]          ; clk_16ms     ; clk_16ms    ; 0.000        ; 0.036      ; 0.307      ;
; 0.187 ; fsm_state.WR_STATIC_TEXT_2L ; fsm_state.WR_STATIC_TEXT_2L ; clk_16ms     ; clk_16ms    ; 0.000        ; 0.036      ; 0.307      ;
; 0.225 ; data_counter[4]             ; data_counter[4]             ; clk_16ms     ; clk_16ms    ; 0.000        ; 0.036      ; 0.345      ;
; 0.269 ; fsm_state.WR_STATIC_TEXT_1L ; fsm_state.CONFIG_CMD2       ; clk_16ms     ; clk_16ms    ; 0.000        ; 0.037      ; 0.390      ;
; 0.318 ; data_counter[1]             ; data_counter[1]             ; clk_16ms     ; clk_16ms    ; 0.000        ; 0.036      ; 0.438      ;
; 0.318 ; fsm_state.CONFIG_CMD2       ; fsm_state.WR_STATIC_TEXT_2L ; clk_16ms     ; clk_16ms    ; 0.000        ; 0.036      ; 0.438      ;
; 0.328 ; data_counter[2]             ; data_counter[2]             ; clk_16ms     ; clk_16ms    ; 0.000        ; 0.036      ; 0.448      ;
; 0.347 ; data_counter[0]             ; data_counter[0]             ; clk_16ms     ; clk_16ms    ; 0.000        ; 0.036      ; 0.467      ;
; 0.365 ; data_counter[2]             ; data[3]~reg0                ; clk_16ms     ; clk_16ms    ; 0.000        ; 0.234      ; 0.683      ;
; 0.395 ; command_counter[0]          ; command_counter[1]          ; clk_16ms     ; clk_16ms    ; 0.000        ; 0.036      ; 0.515      ;
; 0.396 ; data_counter[3]             ; data_counter[3]             ; clk_16ms     ; clk_16ms    ; 0.000        ; 0.036      ; 0.516      ;
; 0.435 ; fsm_state.IDLE              ; fsm_state.IDLE              ; clk_16ms     ; clk_16ms    ; 0.000        ; 0.036      ; 0.555      ;
; 0.467 ; data_counter[1]             ; data_counter[2]             ; clk_16ms     ; clk_16ms    ; 0.000        ; 0.036      ; 0.587      ;
; 0.486 ; data_counter[2]             ; data_counter[3]             ; clk_16ms     ; clk_16ms    ; 0.000        ; 0.036      ; 0.606      ;
; 0.489 ; data_counter[2]             ; data_counter[4]             ; clk_16ms     ; clk_16ms    ; 0.000        ; 0.036      ; 0.609      ;
; 0.492 ; fsm_state.WR_STATIC_TEXT_2L ; fsm_state.IDLE              ; clk_16ms     ; clk_16ms    ; 0.000        ; 0.035      ; 0.611      ;
; 0.494 ; data_counter[0]             ; data_counter[1]             ; clk_16ms     ; clk_16ms    ; 0.000        ; 0.036      ; 0.614      ;
; 0.497 ; data_counter[0]             ; data_counter[2]             ; clk_16ms     ; clk_16ms    ; 0.000        ; 0.036      ; 0.617      ;
; 0.506 ; data_counter[2]             ; data[4]~reg0                ; clk_16ms     ; clk_16ms    ; 0.000        ; 0.235      ; 0.825      ;
; 0.519 ; fsm_state.WR_STATIC_TEXT_1L ; data[7]~reg0                ; clk_16ms     ; clk_16ms    ; 0.000        ; 0.036      ; 0.639      ;
; 0.526 ; data_counter[2]             ; data[1]~reg0                ; clk_16ms     ; clk_16ms    ; 0.000        ; 0.236      ; 0.846      ;
; 0.530 ; data_counter[1]             ; data_counter[3]             ; clk_16ms     ; clk_16ms    ; 0.000        ; 0.036      ; 0.650      ;
; 0.533 ; data_counter[1]             ; data_counter[4]             ; clk_16ms     ; clk_16ms    ; 0.000        ; 0.036      ; 0.653      ;
; 0.534 ; data_counter[2]             ; data[0]~reg0                ; clk_16ms     ; clk_16ms    ; 0.000        ; 0.243      ; 0.861      ;
; 0.545 ; fsm_state.CONFIG_CMD1       ; command_counter[2]          ; clk_16ms     ; clk_16ms    ; 0.000        ; 0.036      ; 0.665      ;
; 0.545 ; data_counter[3]             ; data_counter[4]             ; clk_16ms     ; clk_16ms    ; 0.000        ; 0.036      ; 0.665      ;
; 0.547 ; fsm_state.CONFIG_CMD1       ; command_counter[0]          ; clk_16ms     ; clk_16ms    ; 0.000        ; 0.036      ; 0.667      ;
; 0.548 ; command_counter[0]          ; command_counter[2]          ; clk_16ms     ; clk_16ms    ; 0.000        ; 0.036      ; 0.668      ;
; 0.554 ; fsm_state.CONFIG_CMD1       ; command_counter[1]          ; clk_16ms     ; clk_16ms    ; 0.000        ; 0.036      ; 0.674      ;
; 0.560 ; data_counter[0]             ; data_counter[3]             ; clk_16ms     ; clk_16ms    ; 0.000        ; 0.036      ; 0.680      ;
; 0.563 ; data_counter[0]             ; data_counter[4]             ; clk_16ms     ; clk_16ms    ; 0.000        ; 0.036      ; 0.683      ;
; 0.578 ; data_counter[3]             ; data[5]~reg0                ; clk_16ms     ; clk_16ms    ; 0.000        ; 0.233      ; 0.895      ;
; 0.581 ; data_counter[0]             ; data[5]~reg0                ; clk_16ms     ; clk_16ms    ; 0.000        ; 0.233      ; 0.898      ;
; 0.619 ; command_counter[1]          ; command_counter[2]          ; clk_16ms     ; clk_16ms    ; 0.000        ; 0.036      ; 0.739      ;
; 0.625 ; fsm_state.WR_STATIC_TEXT_2L ; data[1]~reg0                ; clk_16ms     ; clk_16ms    ; 0.000        ; 0.233      ; 0.942      ;
; 0.631 ; fsm_state.CONFIG_CMD2       ; data[1]~reg0                ; clk_16ms     ; clk_16ms    ; 0.000        ; 0.233      ; 0.948      ;
; 0.632 ; data_counter[2]             ; data[5]~reg0                ; clk_16ms     ; clk_16ms    ; 0.000        ; 0.233      ; 0.949      ;
; 0.645 ; data_counter[4]             ; data[4]~reg0                ; clk_16ms     ; clk_16ms    ; 0.000        ; 0.235      ; 0.964      ;
; 0.645 ; fsm_state.IDLE              ; command_counter[2]          ; clk_16ms     ; clk_16ms    ; 0.000        ; 0.036      ; 0.765      ;
; 0.645 ; fsm_state.IDLE              ; command_counter[0]          ; clk_16ms     ; clk_16ms    ; 0.000        ; 0.036      ; 0.765      ;
; 0.646 ; data_counter[4]             ; data[5]~reg0                ; clk_16ms     ; clk_16ms    ; 0.000        ; 0.233      ; 0.963      ;
; 0.649 ; data_counter[3]             ; data[1]~reg0                ; clk_16ms     ; clk_16ms    ; 0.000        ; 0.236      ; 0.969      ;
; 0.649 ; fsm_state.WR_STATIC_TEXT_2L ; data[0]~reg0                ; clk_16ms     ; clk_16ms    ; 0.000        ; 0.240      ; 0.973      ;
; 0.651 ; fsm_state.WR_STATIC_TEXT_2L ; data[4]~reg0                ; clk_16ms     ; clk_16ms    ; 0.000        ; 0.232      ; 0.967      ;
; 0.653 ; data_counter[0]             ; data[3]~reg0                ; clk_16ms     ; clk_16ms    ; 0.000        ; 0.234      ; 0.971      ;
; 0.654 ; fsm_state.IDLE              ; command_counter[1]          ; clk_16ms     ; clk_16ms    ; 0.000        ; 0.036      ; 0.774      ;
; 0.655 ; fsm_state.CONFIG_CMD2       ; data[0]~reg0                ; clk_16ms     ; clk_16ms    ; 0.000        ; 0.240      ; 0.979      ;
; 0.657 ; fsm_state.CONFIG_CMD2       ; data[4]~reg0                ; clk_16ms     ; clk_16ms    ; 0.000        ; 0.232      ; 0.973      ;
; 0.672 ; data_counter[3]             ; data[0]~reg0                ; clk_16ms     ; clk_16ms    ; 0.000        ; 0.243      ; 0.999      ;
; 0.676 ; fsm_state.WR_STATIC_TEXT_2L ; data[3]~reg0                ; clk_16ms     ; clk_16ms    ; 0.000        ; 0.231      ; 0.991      ;
; 0.682 ; fsm_state.CONFIG_CMD2       ; data[3]~reg0                ; clk_16ms     ; clk_16ms    ; 0.000        ; 0.231      ; 0.997      ;
; 0.686 ; command_counter[1]          ; command_counter[0]          ; clk_16ms     ; clk_16ms    ; 0.000        ; 0.036      ; 0.806      ;
; 0.694 ; data_counter[1]             ; data[6]~reg0                ; clk_16ms     ; clk_16ms    ; 0.000        ; 0.235      ; 1.013      ;
; 0.699 ; data_counter[3]             ; data[3]~reg0                ; clk_16ms     ; clk_16ms    ; 0.000        ; 0.234      ; 1.017      ;
; 0.707 ; data_counter[0]             ; data[1]~reg0                ; clk_16ms     ; clk_16ms    ; 0.000        ; 0.236      ; 1.027      ;
; 0.708 ; data_counter[1]             ; data[5]~reg0                ; clk_16ms     ; clk_16ms    ; 0.000        ; 0.233      ; 1.025      ;
; 0.715 ; data_counter[1]             ; data[3]~reg0                ; clk_16ms     ; clk_16ms    ; 0.000        ; 0.234      ; 1.033      ;
; 0.730 ; fsm_state.WR_STATIC_TEXT_1L ; command_counter[1]          ; clk_16ms     ; clk_16ms    ; 0.000        ; 0.036      ; 0.850      ;
; 0.732 ; fsm_state.WR_STATIC_TEXT_1L ; command_counter[0]          ; clk_16ms     ; clk_16ms    ; 0.000        ; 0.036      ; 0.852      ;
; 0.733 ; fsm_state.WR_STATIC_TEXT_1L ; command_counter[2]          ; clk_16ms     ; clk_16ms    ; 0.000        ; 0.036      ; 0.853      ;
; 0.742 ; data_counter[1]             ; data[0]~reg0                ; clk_16ms     ; clk_16ms    ; 0.000        ; 0.243      ; 1.069      ;
; 0.768 ; fsm_state.WR_STATIC_TEXT_1L ; data[6]~reg0                ; clk_16ms     ; clk_16ms    ; 0.000        ; 0.233      ; 1.085      ;
; 0.770 ; command_counter[1]          ; data[1]~reg0                ; clk_16ms     ; clk_16ms    ; 0.000        ; 0.234      ; 1.088      ;
; 0.772 ; command_counter[0]          ; data[4]~reg0                ; clk_16ms     ; clk_16ms    ; 0.000        ; 0.233      ; 1.089      ;
; 0.777 ; command_counter[0]          ; data[2]~reg0                ; clk_16ms     ; clk_16ms    ; 0.000        ; 0.233      ; 1.094      ;
; 0.783 ; data_counter[0]             ; data[4]~reg0                ; clk_16ms     ; clk_16ms    ; 0.000        ; 0.235      ; 1.102      ;
; 0.788 ; data_counter[1]             ; data[2]~reg0                ; clk_16ms     ; clk_16ms    ; 0.000        ; 0.235      ; 1.107      ;
; 0.789 ; command_counter[1]          ; data[2]~reg0                ; clk_16ms     ; clk_16ms    ; 0.000        ; 0.233      ; 1.106      ;
; 0.809 ; data_counter[1]             ; data[4]~reg0                ; clk_16ms     ; clk_16ms    ; 0.000        ; 0.235      ; 1.128      ;
; 0.818 ; command_counter[2]          ; command_counter[0]          ; clk_16ms     ; clk_16ms    ; 0.000        ; 0.036      ; 0.938      ;
; 0.820 ; command_counter[0]          ; data[0]~reg0                ; clk_16ms     ; clk_16ms    ; 0.000        ; 0.241      ; 1.145      ;
; 0.837 ; command_counter[2]          ; command_counter[1]          ; clk_16ms     ; clk_16ms    ; 0.000        ; 0.036      ; 0.957      ;
; 0.838 ; fsm_state.CONFIG_CMD1       ; fsm_state.CONFIG_CMD1       ; clk_16ms     ; clk_16ms    ; 0.000        ; 0.036      ; 0.958      ;
; 0.842 ; data_counter[2]             ; data[6]~reg0                ; clk_16ms     ; clk_16ms    ; 0.000        ; 0.235      ; 1.161      ;
; 0.845 ; data_counter[1]             ; data[1]~reg0                ; clk_16ms     ; clk_16ms    ; 0.000        ; 0.236      ; 1.165      ;
; 0.852 ; data_counter[3]             ; data[4]~reg0                ; clk_16ms     ; clk_16ms    ; 0.000        ; 0.235      ; 1.171      ;
; 0.871 ; data_counter[0]             ; data[0]~reg0                ; clk_16ms     ; clk_16ms    ; 0.000        ; 0.243      ; 1.198      ;
; 0.872 ; command_counter[1]          ; data[4]~reg0                ; clk_16ms     ; clk_16ms    ; 0.000        ; 0.233      ; 1.189      ;
; 0.879 ; fsm_state.CONFIG_CMD1       ; data[5]~reg0                ; clk_16ms     ; clk_16ms    ; 0.000        ; 0.231      ; 1.194      ;
; 0.880 ; data_counter[3]             ; data[2]~reg0                ; clk_16ms     ; clk_16ms    ; 0.000        ; 0.235      ; 1.199      ;
; 0.886 ; fsm_state.CONFIG_CMD1       ; data[2]~reg0                ; clk_16ms     ; clk_16ms    ; 0.000        ; 0.233      ; 1.203      ;
; 0.888 ; data_counter[0]             ; data[2]~reg0                ; clk_16ms     ; clk_16ms    ; 0.000        ; 0.235      ; 1.207      ;
; 0.889 ; data_counter[0]             ; data[6]~reg0                ; clk_16ms     ; clk_16ms    ; 0.000        ; 0.235      ; 1.208      ;
; 0.891 ; command_counter[1]          ; data[0]~reg0                ; clk_16ms     ; clk_16ms    ; 0.000        ; 0.241      ; 1.216      ;
; 0.892 ; data_counter[2]             ; data[2]~reg0                ; clk_16ms     ; clk_16ms    ; 0.000        ; 0.235      ; 1.211      ;
; 0.899 ; command_counter[0]          ; data[1]~reg0                ; clk_16ms     ; clk_16ms    ; 0.000        ; 0.234      ; 1.217      ;
; 0.909 ; data_counter[3]             ; data[6]~reg0                ; clk_16ms     ; clk_16ms    ; 0.000        ; 0.235      ; 1.228      ;
; 0.912 ; command_counter[0]          ; data[5]~reg0                ; clk_16ms     ; clk_16ms    ; 0.000        ; 0.231      ; 1.227      ;
; 0.917 ; fsm_state.WR_STATIC_TEXT_1L ; data[5]~reg0                ; clk_16ms     ; clk_16ms    ; 0.000        ; 0.231      ; 1.232      ;
; 0.927 ; fsm_state.WR_STATIC_TEXT_2L ; data[5]~reg0                ; clk_16ms     ; clk_16ms    ; 0.000        ; 0.230      ; 1.241      ;
; 0.927 ; data_counter[4]             ; data[6]~reg0                ; clk_16ms     ; clk_16ms    ; 0.000        ; 0.235      ; 1.246      ;
; 0.938 ; fsm_state.IDLE              ; fsm_state.CONFIG_CMD1       ; clk_16ms     ; clk_16ms    ; 0.000        ; 0.036      ; 1.058      ;
; 0.939 ; fsm_state.CONFIG_CMD1       ; data[4]~reg0                ; clk_16ms     ; clk_16ms    ; 0.000        ; 0.233      ; 1.256      ;
; 0.944 ; data_counter[4]             ; data[2]~reg0                ; clk_16ms     ; clk_16ms    ; 0.000        ; 0.235      ; 1.263      ;
; 0.959 ; data_counter[4]             ; fsm_state.CONFIG_CMD2       ; clk_16ms     ; clk_16ms    ; 0.000        ; 0.039      ; 1.082      ;
; 0.959 ; fsm_state.CONFIG_CMD2       ; data[5]~reg0                ; clk_16ms     ; clk_16ms    ; 0.000        ; 0.230      ; 1.273      ;
; 0.968 ; data_counter[4]             ; fsm_state.WR_STATIC_TEXT_2L ; clk_16ms     ; clk_16ms    ; 0.000        ; 0.039      ; 1.091      ;
+-------+-----------------------------+-----------------------------+--------------+-------------+--------------+------------+------------+


+-----------------------------------------------------------------------------------------------------------------+
; Fast 1200mV 0C Model Hold: 'clk'                                                                                ;
+-------+-----------------+-----------------+--------------+-------------+--------------+------------+------------+
; Slack ; From Node       ; To Node         ; Launch Clock ; Latch Clock ; Relationship ; Clock Skew ; Data Delay ;
+-------+-----------------+-----------------+--------------+-------------+--------------+------------+------------+
; 0.296 ; clk_counter[9]  ; clk_counter[9]  ; clk          ; clk         ; 0.000        ; 0.036      ; 0.416      ;
; 0.298 ; clk_counter[16] ; clk_counter[16] ; clk          ; clk         ; 0.000        ; 0.037      ; 0.419      ;
; 0.298 ; clk_counter[17] ; clk_counter[17] ; clk          ; clk         ; 0.000        ; 0.037      ; 0.419      ;
; 0.298 ; clk_counter[3]  ; clk_counter[3]  ; clk          ; clk         ; 0.000        ; 0.036      ; 0.418      ;
; 0.299 ; clk_counter[6]  ; clk_counter[6]  ; clk          ; clk         ; 0.000        ; 0.036      ; 0.419      ;
; 0.299 ; clk_counter[4]  ; clk_counter[4]  ; clk          ; clk         ; 0.000        ; 0.036      ; 0.419      ;
; 0.299 ; clk_counter[1]  ; clk_counter[1]  ; clk          ; clk         ; 0.000        ; 0.036      ; 0.419      ;
; 0.300 ; clk_counter[2]  ; clk_counter[2]  ; clk          ; clk         ; 0.000        ; 0.036      ; 0.420      ;
; 0.304 ; clk_counter[15] ; clk_counter[15] ; clk          ; clk         ; 0.000        ; 0.037      ; 0.425      ;
; 0.304 ; clk_counter[11] ; clk_counter[11] ; clk          ; clk         ; 0.000        ; 0.037      ; 0.425      ;
; 0.306 ; clk_counter[14] ; clk_counter[14] ; clk          ; clk         ; 0.000        ; 0.037      ; 0.427      ;
; 0.308 ; clk_counter[0]  ; clk_counter[0]  ; clk          ; clk         ; 0.000        ; 0.036      ; 0.428      ;
; 0.372 ; clk_counter[7]  ; clk_counter[7]  ; clk          ; clk         ; 0.000        ; 0.036      ; 0.492      ;
; 0.373 ; clk_counter[5]  ; clk_counter[5]  ; clk          ; clk         ; 0.000        ; 0.036      ; 0.493      ;
; 0.437 ; clk_16ms        ; clk_16ms        ; clk_16ms     ; clk         ; 0.000        ; 1.180      ; 1.836      ;
; 0.447 ; clk_counter[3]  ; clk_counter[4]  ; clk          ; clk         ; 0.000        ; 0.036      ; 0.567      ;
; 0.448 ; clk_counter[1]  ; clk_counter[2]  ; clk          ; clk         ; 0.000        ; 0.036      ; 0.568      ;
; 0.450 ; clk_counter[19] ; clk_counter[19] ; clk          ; clk         ; 0.000        ; 0.037      ; 0.571      ;
; 0.453 ; clk_counter[18] ; clk_counter[18] ; clk          ; clk         ; 0.000        ; 0.037      ; 0.574      ;
; 0.453 ; clk_counter[15] ; clk_counter[16] ; clk          ; clk         ; 0.000        ; 0.037      ; 0.574      ;
; 0.455 ; clk_counter[13] ; clk_counter[14] ; clk          ; clk         ; 0.000        ; 0.037      ; 0.576      ;
; 0.456 ; clk_counter[16] ; clk_counter[17] ; clk          ; clk         ; 0.000        ; 0.037      ; 0.577      ;
; 0.457 ; clk_counter[8]  ; clk_counter[8]  ; clk          ; clk         ; 0.000        ; 0.036      ; 0.577      ;
; 0.457 ; clk_counter[0]  ; clk_counter[1]  ; clk          ; clk         ; 0.000        ; 0.036      ; 0.577      ;
; 0.457 ; clk_counter[6]  ; clk_counter[7]  ; clk          ; clk         ; 0.000        ; 0.036      ; 0.577      ;
; 0.457 ; clk_counter[4]  ; clk_counter[5]  ; clk          ; clk         ; 0.000        ; 0.036      ; 0.577      ;
; 0.458 ; clk_counter[2]  ; clk_counter[3]  ; clk          ; clk         ; 0.000        ; 0.036      ; 0.578      ;
; 0.460 ; clk_counter[4]  ; clk_counter[6]  ; clk          ; clk         ; 0.000        ; 0.036      ; 0.580      ;
; 0.460 ; clk_counter[0]  ; clk_counter[2]  ; clk          ; clk         ; 0.000        ; 0.036      ; 0.580      ;
; 0.461 ; clk_counter[8]  ; clk_counter[9]  ; clk          ; clk         ; 0.000        ; 0.036      ; 0.581      ;
; 0.461 ; clk_counter[2]  ; clk_counter[4]  ; clk          ; clk         ; 0.000        ; 0.036      ; 0.581      ;
; 0.463 ; clk_counter[10] ; clk_counter[10] ; clk          ; clk         ; 0.000        ; 0.037      ; 0.584      ;
; 0.464 ; clk_counter[14] ; clk_counter[15] ; clk          ; clk         ; 0.000        ; 0.037      ; 0.585      ;
; 0.466 ; clk_counter[10] ; clk_counter[11] ; clk          ; clk         ; 0.000        ; 0.037      ; 0.587      ;
; 0.467 ; clk_counter[14] ; clk_counter[16] ; clk          ; clk         ; 0.000        ; 0.037      ; 0.588      ;
; 0.469 ; clk_counter[12] ; clk_counter[14] ; clk          ; clk         ; 0.000        ; 0.037      ; 0.590      ;
; 0.507 ; clk_counter[9]  ; clk_counter[11] ; clk          ; clk         ; 0.000        ; 0.037      ; 0.628      ;
; 0.510 ; clk_counter[3]  ; clk_counter[5]  ; clk          ; clk         ; 0.000        ; 0.036      ; 0.630      ;
; 0.511 ; clk_counter[1]  ; clk_counter[3]  ; clk          ; clk         ; 0.000        ; 0.036      ; 0.631      ;
; 0.513 ; clk_counter[3]  ; clk_counter[6]  ; clk          ; clk         ; 0.000        ; 0.036      ; 0.633      ;
; 0.514 ; clk_counter[1]  ; clk_counter[4]  ; clk          ; clk         ; 0.000        ; 0.036      ; 0.634      ;
; 0.516 ; clk_counter[15] ; clk_counter[17] ; clk          ; clk         ; 0.000        ; 0.037      ; 0.637      ;
; 0.518 ; clk_counter[13] ; clk_counter[15] ; clk          ; clk         ; 0.000        ; 0.037      ; 0.639      ;
; 0.519 ; clk_counter[11] ; clk_counter[14] ; clk          ; clk         ; 0.000        ; 0.037      ; 0.640      ;
; 0.521 ; clk_counter[12] ; clk_counter[12] ; clk          ; clk         ; 0.000        ; 0.037      ; 0.642      ;
; 0.521 ; clk_counter[13] ; clk_counter[16] ; clk          ; clk         ; 0.000        ; 0.037      ; 0.642      ;
; 0.522 ; clk_counter[5]  ; clk_counter[6]  ; clk          ; clk         ; 0.000        ; 0.036      ; 0.642      ;
; 0.523 ; clk_counter[4]  ; clk_counter[7]  ; clk          ; clk         ; 0.000        ; 0.036      ; 0.643      ;
; 0.523 ; clk_counter[6]  ; clk_counter[9]  ; clk          ; clk         ; 0.000        ; 0.036      ; 0.643      ;
; 0.523 ; clk_counter[0]  ; clk_counter[3]  ; clk          ; clk         ; 0.000        ; 0.036      ; 0.643      ;
; 0.524 ; clk_counter[2]  ; clk_counter[5]  ; clk          ; clk         ; 0.000        ; 0.036      ; 0.644      ;
; 0.526 ; clk_counter[8]  ; clk_counter[11] ; clk          ; clk         ; 0.000        ; 0.037      ; 0.647      ;
; 0.526 ; clk_counter[0]  ; clk_counter[4]  ; clk          ; clk         ; 0.000        ; 0.036      ; 0.646      ;
; 0.527 ; clk_counter[2]  ; clk_counter[6]  ; clk          ; clk         ; 0.000        ; 0.036      ; 0.647      ;
; 0.530 ; clk_counter[14] ; clk_counter[17] ; clk          ; clk         ; 0.000        ; 0.037      ; 0.651      ;
; 0.532 ; clk_counter[12] ; clk_counter[15] ; clk          ; clk         ; 0.000        ; 0.037      ; 0.653      ;
; 0.535 ; clk_counter[10] ; clk_counter[14] ; clk          ; clk         ; 0.000        ; 0.037      ; 0.656      ;
; 0.535 ; clk_counter[12] ; clk_counter[16] ; clk          ; clk         ; 0.000        ; 0.037      ; 0.656      ;
; 0.560 ; clk_counter[13] ; clk_counter[13] ; clk          ; clk         ; 0.000        ; 0.037      ; 0.681      ;
; 0.576 ; clk_counter[3]  ; clk_counter[7]  ; clk          ; clk         ; 0.000        ; 0.036      ; 0.696      ;
; 0.576 ; clk_counter[9]  ; clk_counter[14] ; clk          ; clk         ; 0.000        ; 0.037      ; 0.697      ;
; 0.577 ; clk_counter[1]  ; clk_counter[5]  ; clk          ; clk         ; 0.000        ; 0.036      ; 0.697      ;
; 0.580 ; clk_counter[1]  ; clk_counter[6]  ; clk          ; clk         ; 0.000        ; 0.036      ; 0.700      ;
; 0.582 ; clk_counter[11] ; clk_counter[15] ; clk          ; clk         ; 0.000        ; 0.037      ; 0.703      ;
; 0.584 ; clk_counter[7]  ; clk_counter[9]  ; clk          ; clk         ; 0.000        ; 0.036      ; 0.704      ;
; 0.584 ; clk_counter[13] ; clk_counter[17] ; clk          ; clk         ; 0.000        ; 0.037      ; 0.705      ;
; 0.585 ; clk_counter[5]  ; clk_counter[7]  ; clk          ; clk         ; 0.000        ; 0.036      ; 0.705      ;
; 0.585 ; clk_counter[11] ; clk_counter[16] ; clk          ; clk         ; 0.000        ; 0.037      ; 0.706      ;
; 0.588 ; clk_counter[6]  ; clk_counter[11] ; clk          ; clk         ; 0.000        ; 0.037      ; 0.709      ;
; 0.589 ; clk_counter[4]  ; clk_counter[9]  ; clk          ; clk         ; 0.000        ; 0.036      ; 0.709      ;
; 0.589 ; clk_counter[0]  ; clk_counter[5]  ; clk          ; clk         ; 0.000        ; 0.036      ; 0.709      ;
; 0.590 ; clk_counter[2]  ; clk_counter[7]  ; clk          ; clk         ; 0.000        ; 0.036      ; 0.710      ;
; 0.592 ; clk_counter[0]  ; clk_counter[6]  ; clk          ; clk         ; 0.000        ; 0.036      ; 0.712      ;
; 0.595 ; clk_counter[8]  ; clk_counter[14] ; clk          ; clk         ; 0.000        ; 0.037      ; 0.716      ;
; 0.598 ; clk_counter[10] ; clk_counter[15] ; clk          ; clk         ; 0.000        ; 0.037      ; 0.719      ;
; 0.598 ; clk_counter[12] ; clk_counter[17] ; clk          ; clk         ; 0.000        ; 0.037      ; 0.719      ;
; 0.599 ; clk_counter[17] ; clk_counter[18] ; clk          ; clk         ; 0.000        ; 0.037      ; 0.720      ;
; 0.599 ; clk_counter[9]  ; clk_counter[10] ; clk          ; clk         ; 0.000        ; 0.037      ; 0.720      ;
; 0.600 ; clk_counter[16] ; clk_counter[18] ; clk          ; clk         ; 0.000        ; 0.037      ; 0.721      ;
; 0.600 ; clk_counter[16] ; clk_counter[10] ; clk          ; clk         ; 0.000        ; 0.037      ; 0.721      ;
; 0.600 ; clk_counter[16] ; clk_counter[19] ; clk          ; clk         ; 0.000        ; 0.037      ; 0.721      ;
; 0.600 ; clk_counter[16] ; clk_counter[12] ; clk          ; clk         ; 0.000        ; 0.037      ; 0.721      ;
; 0.601 ; clk_counter[10] ; clk_counter[16] ; clk          ; clk         ; 0.000        ; 0.037      ; 0.722      ;
; 0.611 ; clk_counter[18] ; clk_counter[19] ; clk          ; clk         ; 0.000        ; 0.037      ; 0.732      ;
; 0.614 ; clk_counter[6]  ; clk_counter[8]  ; clk          ; clk         ; 0.000        ; 0.036      ; 0.734      ;
; 0.618 ; clk_counter[8]  ; clk_counter[10] ; clk          ; clk         ; 0.000        ; 0.037      ; 0.739      ;
; 0.639 ; clk_counter[9]  ; clk_counter[15] ; clk          ; clk         ; 0.000        ; 0.037      ; 0.760      ;
; 0.642 ; clk_counter[3]  ; clk_counter[9]  ; clk          ; clk         ; 0.000        ; 0.036      ; 0.762      ;
; 0.642 ; clk_counter[9]  ; clk_counter[16] ; clk          ; clk         ; 0.000        ; 0.037      ; 0.763      ;
; 0.643 ; clk_counter[1]  ; clk_counter[7]  ; clk          ; clk         ; 0.000        ; 0.036      ; 0.763      ;
; 0.648 ; clk_counter[11] ; clk_counter[17] ; clk          ; clk         ; 0.000        ; 0.037      ; 0.769      ;
; 0.648 ; clk_counter[17] ; clk_counter[19] ; clk          ; clk         ; 0.000        ; 0.037      ; 0.769      ;
; 0.648 ; clk_counter[17] ; clk_counter[10] ; clk          ; clk         ; 0.000        ; 0.037      ; 0.769      ;
; 0.648 ; clk_counter[17] ; clk_counter[12] ; clk          ; clk         ; 0.000        ; 0.037      ; 0.769      ;
; 0.649 ; clk_counter[7]  ; clk_counter[11] ; clk          ; clk         ; 0.000        ; 0.037      ; 0.770      ;
; 0.651 ; clk_counter[5]  ; clk_counter[9]  ; clk          ; clk         ; 0.000        ; 0.036      ; 0.771      ;
; 0.654 ; clk_counter[4]  ; clk_counter[11] ; clk          ; clk         ; 0.000        ; 0.037      ; 0.775      ;
; 0.655 ; clk_counter[0]  ; clk_counter[7]  ; clk          ; clk         ; 0.000        ; 0.036      ; 0.775      ;
; 0.656 ; clk_counter[2]  ; clk_counter[9]  ; clk          ; clk         ; 0.000        ; 0.036      ; 0.776      ;
; 0.657 ; clk_counter[6]  ; clk_counter[14] ; clk          ; clk         ; 0.000        ; 0.037      ; 0.778      ;
+-------+-----------------+-----------------+--------------+-------------+--------------+------------+------------+


----------------------------------------------
; Fast 1200mV 0C Model Metastability Summary ;
----------------------------------------------
No synchronizer chains to report.


+--------------------------------------------------------------------------------+
; Multicorner Timing Analysis Summary                                            ;
+------------------+----------+-------+----------+---------+---------------------+
; Clock            ; Setup    ; Hold  ; Recovery ; Removal ; Minimum Pulse Width ;
+------------------+----------+-------+----------+---------+---------------------+
; Worst-case Slack ; -3.848   ; 0.187 ; N/A      ; N/A     ; -3.000              ;
;  clk             ; -3.848   ; 0.296 ; N/A      ; N/A     ; -3.000              ;
;  clk_16ms        ; -3.809   ; 0.187 ; N/A      ; N/A     ; -1.487              ;
; Design-wide TNS  ; -105.681 ; 0.0   ; 0.0      ; 0.0     ; -66.941             ;
;  clk             ; -38.435  ; 0.000 ; N/A      ; N/A     ; -34.227             ;
;  clk_16ms        ; -67.246  ; 0.000 ; N/A      ; N/A     ; -32.714             ;
+------------------+----------+-------+----------+---------+---------------------+


+------------------------------------------------------------------------------------------------------------------------------------------------------------------------------------------------------------------------------------------------------------------------------------------------------------------------------------------------------------------------------------------------------------------+
; Board Trace Model Assignments                                                                                                                                                                                                                                                                                                                                                                                    ;
+---------------+--------------+-------------------+-------------------------+-------------------------+---------------+---------------------+----------------+------------------+--------+------------------+------------------------+------------------------+--------------+---------------+-----------------+-------+---------------------+--------------------+---------------+-----------------+-------------+
; Pin           ; I/O Standard ; Near Tline Length ; Near Tline L per Length ; Near Tline C per Length ; Near Series R ; Near Differential R ; Near Pull-up R ; Near Pull-down R ; Near C ; Far Tline Length ; Far Tline L per Length ; Far Tline C per Length ; Far Series R ; Far Pull-up R ; Far Pull-down R ; Far C ; Termination Voltage ; Far Differential R ; EBD File Name ; EBD Signal Name ; EBD Far-end ;
+---------------+--------------+-------------------+-------------------------+-------------------------+---------------+---------------------+----------------+------------------+--------+------------------+------------------------+------------------------+--------------+---------------+-----------------+-------+---------------------+--------------------+---------------+-----------------+-------------+
; rs            ; 2.5 V        ; 0 in              ; 0 H/in                  ; 0 F/in                  ; short         ; -                   ; open           ; open             ; open   ; 0 in             ; 0 H/in                 ; 0 F/in                 ; short        ; open          ; open            ; open  ; 0 V                 ; -                  ; n/a           ; n/a             ; n/a         ;
; rw            ; 2.5 V        ; 0 in              ; 0 H/in                  ; 0 F/in                  ; short         ; -                   ; open           ; open             ; open   ; 0 in             ; 0 H/in                 ; 0 F/in                 ; short        ; open          ; open            ; open  ; 0 V                 ; -                  ; n/a           ; n/a             ; n/a         ;
; enable        ; 2.5 V        ; 0 in              ; 0 H/in                  ; 0 F/in                  ; short         ; -                   ; open           ; open             ; open   ; 0 in             ; 0 H/in                 ; 0 F/in                 ; short        ; open          ; open            ; open  ; 0 V                 ; -                  ; n/a           ; n/a             ; n/a         ;
; data[0]       ; 2.5 V        ; 0 in              ; 0 H/in                  ; 0 F/in                  ; short         ; -                   ; open           ; open             ; open   ; 0 in             ; 0 H/in                 ; 0 F/in                 ; short        ; open          ; open            ; open  ; 0 V                 ; -                  ; n/a           ; n/a             ; n/a         ;
; data[1]       ; 2.5 V        ; 0 in              ; 0 H/in                  ; 0 F/in                  ; short         ; -                   ; open           ; open             ; open   ; 0 in             ; 0 H/in                 ; 0 F/in                 ; short        ; open          ; open            ; open  ; 0 V                 ; -                  ; n/a           ; n/a             ; n/a         ;
; data[2]       ; 2.5 V        ; 0 in              ; 0 H/in                  ; 0 F/in                  ; short         ; -                   ; open           ; open             ; open   ; 0 in             ; 0 H/in                 ; 0 F/in                 ; short        ; open          ; open            ; open  ; 0 V                 ; -                  ; n/a           ; n/a             ; n/a         ;
; data[3]       ; 2.5 V        ; 0 in              ; 0 H/in                  ; 0 F/in                  ; short         ; -                   ; open           ; open             ; open   ; 0 in             ; 0 H/in                 ; 0 F/in                 ; short        ; open          ; open            ; open  ; 0 V                 ; -                  ; n/a           ; n/a             ; n/a         ;
; data[4]       ; 2.5 V        ; 0 in              ; 0 H/in                  ; 0 F/in                  ; short         ; -                   ; open           ; open             ; open   ; 0 in             ; 0 H/in                 ; 0 F/in                 ; short        ; open          ; open            ; open  ; 0 V                 ; -                  ; n/a           ; n/a             ; n/a         ;
; data[5]       ; 2.5 V        ; 0 in              ; 0 H/in                  ; 0 F/in                  ; short         ; -                   ; open           ; open             ; open   ; 0 in             ; 0 H/in                 ; 0 F/in                 ; short        ; open          ; open            ; open  ; 0 V                 ; -                  ; n/a           ; n/a             ; n/a         ;
; data[6]       ; 2.5 V        ; 0 in              ; 0 H/in                  ; 0 F/in                  ; short         ; -                   ; open           ; open             ; open   ; 0 in             ; 0 H/in                 ; 0 F/in                 ; short        ; open          ; open            ; open  ; 0 V                 ; -                  ; n/a           ; n/a             ; n/a         ;
; data[7]       ; 2.5 V        ; 0 in              ; 0 H/in                  ; 0 F/in                  ; short         ; -                   ; open           ; open             ; open   ; 0 in             ; 0 H/in                 ; 0 F/in                 ; short        ; open          ; open            ; open  ; 0 V                 ; -                  ; n/a           ; n/a             ; n/a         ;
; ~ALTERA_DCLK~ ; 2.5 V        ; 0 in              ; 0 H/in                  ; 0 F/in                  ; short         ; -                   ; open           ; open             ; open   ; 0 in             ; 0 H/in                 ; 0 F/in                 ; short        ; open          ; open            ; open  ; 0 V                 ; -                  ; n/a           ; n/a             ; n/a         ;
+---------------+--------------+-------------------+-------------------------+-------------------------+---------------+---------------------+----------------+------------------+--------+------------------+------------------------+------------------------+--------------+---------------+-----------------+-------+---------------------+--------------------+---------------+-----------------+-------------+


+----------------------------------------------------------------------------+
; Input Transition Times                                                     ;
+-------------------------+--------------+-----------------+-----------------+
; Pin                     ; I/O Standard ; 10-90 Rise Time ; 90-10 Fall Time ;
+-------------------------+--------------+-----------------+-----------------+
; reset                   ; 2.5 V        ; 2000 ps         ; 2000 ps         ;
; clk                     ; 2.5 V        ; 2000 ps         ; 2000 ps         ;
; text2                   ; 2.5 V        ; 2000 ps         ; 2000 ps         ;
; text1                   ; 2.5 V        ; 2000 ps         ; 2000 ps         ;
; ready_i                 ; 2.5 V        ; 2000 ps         ; 2000 ps         ;
; ~ALTERA_ASDO_DATA1~     ; 2.5 V        ; 2000 ps         ; 2000 ps         ;
; ~ALTERA_FLASH_nCE_nCSO~ ; 2.5 V        ; 2000 ps         ; 2000 ps         ;
; ~ALTERA_DATA0~          ; 2.5 V        ; 2000 ps         ; 2000 ps         ;
+-------------------------+--------------+-----------------+-----------------+


+--------------------------------------------------------------------------------------------------------------------------------------------------------------------------------------------------------------------------------------------------------------------------------------------------------------------------------------------------------------------------------------------------------------------------------------------------------------------------------------------------------------------------------------------------------------------------------------------------------------------------------------------------------------------------------------------+
; Signal Integrity Metrics (Slow 1200mv 0c Model)                                                                                                                                                                                                                                                                                                                                                                                                                                                                                                                                                                                                                                            ;
+---------------+--------------+---------------------+---------------------+------------------------------+------------------------------+---------------------+---------------------+--------------------------------------+--------------------------------------+-----------------------------+-----------------------------+----------------------------+----------------------------+-----------------------------+-----------------------------+--------------------+--------------------+-------------------------------------+-------------------------------------+----------------------------+----------------------------+---------------------------+---------------------------+
; Pin           ; I/O Standard ; Board Delay on Rise ; Board Delay on Fall ; Steady State Voh at FPGA Pin ; Steady State Vol at FPGA Pin ; Voh Max at FPGA Pin ; Vol Min at FPGA Pin ; Ringback Voltage on Rise at FPGA Pin ; Ringback Voltage on Fall at FPGA Pin ; 10-90 Rise Time at FPGA Pin ; 90-10 Fall Time at FPGA Pin ; Monotonic Rise at FPGA Pin ; Monotonic Fall at FPGA Pin ; Steady State Voh at Far-end ; Steady State Vol at Far-end ; Voh Max at Far-end ; Vol Min at Far-end ; Ringback Voltage on Rise at Far-end ; Ringback Voltage on Fall at Far-end ; 10-90 Rise Time at Far-end ; 90-10 Fall Time at Far-end ; Monotonic Rise at Far-end ; Monotonic Fall at Far-end ;
+---------------+--------------+---------------------+---------------------+------------------------------+------------------------------+---------------------+---------------------+--------------------------------------+--------------------------------------+-----------------------------+-----------------------------+----------------------------+----------------------------+-----------------------------+-----------------------------+--------------------+--------------------+-------------------------------------+-------------------------------------+----------------------------+----------------------------+---------------------------+---------------------------+
; rs            ; 2.5 V        ; 0 s                 ; 0 s                 ; 2.32 V                       ; 2.07e-09 V                   ; 2.36 V              ; -0.00737 V          ; 0.209 V                              ; 0.012 V                              ; 5.22e-10 s                  ; 5.33e-10 s                  ; Yes                        ; Yes                        ; 2.32 V                      ; 2.07e-09 V                  ; 2.36 V             ; -0.00737 V         ; 0.209 V                             ; 0.012 V                             ; 5.22e-10 s                 ; 5.33e-10 s                 ; Yes                       ; Yes                       ;
; rw            ; 2.5 V        ; 0 s                 ; 0 s                 ; 2.32 V                       ; 2.07e-09 V                   ; 2.36 V              ; -0.00737 V          ; 0.209 V                              ; 0.012 V                              ; 5.22e-10 s                  ; 5.33e-10 s                  ; Yes                        ; Yes                        ; 2.32 V                      ; 2.07e-09 V                  ; 2.36 V             ; -0.00737 V         ; 0.209 V                             ; 0.012 V                             ; 5.22e-10 s                 ; 5.33e-10 s                 ; Yes                       ; Yes                       ;
; enable        ; 2.5 V        ; 0 s                 ; 0 s                 ; 2.32 V                       ; 2.07e-09 V                   ; 2.38 V              ; -0.0073 V           ; 0.097 V                              ; 0.018 V                              ; 4.24e-10 s                  ; 3.65e-10 s                  ; No                         ; Yes                        ; 2.32 V                      ; 2.07e-09 V                  ; 2.38 V             ; -0.0073 V          ; 0.097 V                             ; 0.018 V                             ; 4.24e-10 s                 ; 3.65e-10 s                 ; No                        ; Yes                       ;
; data[0]       ; 2.5 V        ; 0 s                 ; 0 s                 ; 2.32 V                       ; 2.07e-09 V                   ; 2.36 V              ; -0.00737 V          ; 0.209 V                              ; 0.012 V                              ; 5.22e-10 s                  ; 5.33e-10 s                  ; Yes                        ; Yes                        ; 2.32 V                      ; 2.07e-09 V                  ; 2.36 V             ; -0.00737 V         ; 0.209 V                             ; 0.012 V                             ; 5.22e-10 s                 ; 5.33e-10 s                 ; Yes                       ; Yes                       ;
; data[1]       ; 2.5 V        ; 0 s                 ; 0 s                 ; 2.32 V                       ; 2.07e-09 V                   ; 2.36 V              ; -0.00737 V          ; 0.209 V                              ; 0.012 V                              ; 5.22e-10 s                  ; 5.33e-10 s                  ; Yes                        ; Yes                        ; 2.32 V                      ; 2.07e-09 V                  ; 2.36 V             ; -0.00737 V         ; 0.209 V                             ; 0.012 V                             ; 5.22e-10 s                 ; 5.33e-10 s                 ; Yes                       ; Yes                       ;
; data[2]       ; 2.5 V        ; 0 s                 ; 0 s                 ; 2.32 V                       ; 2.07e-09 V                   ; 2.38 V              ; -0.0073 V           ; 0.097 V                              ; 0.018 V                              ; 4.24e-10 s                  ; 3.65e-10 s                  ; No                         ; Yes                        ; 2.32 V                      ; 2.07e-09 V                  ; 2.38 V             ; -0.0073 V          ; 0.097 V                             ; 0.018 V                             ; 4.24e-10 s                 ; 3.65e-10 s                 ; No                        ; Yes                       ;
; data[3]       ; 2.5 V        ; 0 s                 ; 0 s                 ; 2.32 V                       ; 2.07e-09 V                   ; 2.33 V              ; -0.00421 V          ; 0.165 V                              ; 0.078 V                              ; 3.11e-09 s                  ; 2.85e-09 s                  ; Yes                        ; Yes                        ; 2.32 V                      ; 2.07e-09 V                  ; 2.33 V             ; -0.00421 V         ; 0.165 V                             ; 0.078 V                             ; 3.11e-09 s                 ; 2.85e-09 s                 ; Yes                       ; Yes                       ;
; data[4]       ; 2.5 V        ; 0 s                 ; 0 s                 ; 2.32 V                       ; 2.07e-09 V                   ; 2.36 V              ; -0.00737 V          ; 0.209 V                              ; 0.012 V                              ; 5.22e-10 s                  ; 5.33e-10 s                  ; Yes                        ; Yes                        ; 2.32 V                      ; 2.07e-09 V                  ; 2.36 V             ; -0.00737 V         ; 0.209 V                             ; 0.012 V                             ; 5.22e-10 s                 ; 5.33e-10 s                 ; Yes                       ; Yes                       ;
; data[5]       ; 2.5 V        ; 0 s                 ; 0 s                 ; 2.32 V                       ; 2.8e-09 V                    ; 2.37 V              ; -0.00373 V          ; 0.104 V                              ; 0.011 V                              ; 4.34e-10 s                  ; 3.82e-10 s                  ; Yes                        ; Yes                        ; 2.32 V                      ; 2.8e-09 V                   ; 2.37 V             ; -0.00373 V         ; 0.104 V                             ; 0.011 V                             ; 4.34e-10 s                 ; 3.82e-10 s                 ; Yes                       ; Yes                       ;
; data[6]       ; 2.5 V        ; 0 s                 ; 0 s                 ; 2.32 V                       ; 2.8e-09 V                    ; 2.37 V              ; -0.00373 V          ; 0.104 V                              ; 0.011 V                              ; 4.34e-10 s                  ; 3.82e-10 s                  ; Yes                        ; Yes                        ; 2.32 V                      ; 2.8e-09 V                   ; 2.37 V             ; -0.00373 V         ; 0.104 V                             ; 0.011 V                             ; 4.34e-10 s                 ; 3.82e-10 s                 ; Yes                       ; Yes                       ;
; data[7]       ; 2.5 V        ; 0 s                 ; 0 s                 ; 2.32 V                       ; 2.8e-09 V                    ; 2.37 V              ; -0.00373 V          ; 0.104 V                              ; 0.011 V                              ; 4.34e-10 s                  ; 3.82e-10 s                  ; Yes                        ; Yes                        ; 2.32 V                      ; 2.8e-09 V                   ; 2.37 V             ; -0.00373 V         ; 0.104 V                             ; 0.011 V                             ; 4.34e-10 s                 ; 3.82e-10 s                 ; Yes                       ; Yes                       ;
; ~ALTERA_DCLK~ ; 2.5 V        ; 0 s                 ; 0 s                 ; 2.32 V                       ; 1.74e-09 V                   ; 2.37 V              ; -0.0346 V           ; 0.198 V                              ; 0.094 V                              ; 3.14e-10 s                  ; 2.92e-10 s                  ; Yes                        ; Yes                        ; 2.32 V                      ; 1.74e-09 V                  ; 2.37 V             ; -0.0346 V          ; 0.198 V                             ; 0.094 V                             ; 3.14e-10 s                 ; 2.92e-10 s                 ; Yes                       ; Yes                       ;
+---------------+--------------+---------------------+---------------------+------------------------------+------------------------------+---------------------+---------------------+--------------------------------------+--------------------------------------+-----------------------------+-----------------------------+----------------------------+----------------------------+-----------------------------+-----------------------------+--------------------+--------------------+-------------------------------------+-------------------------------------+----------------------------+----------------------------+---------------------------+---------------------------+


+--------------------------------------------------------------------------------------------------------------------------------------------------------------------------------------------------------------------------------------------------------------------------------------------------------------------------------------------------------------------------------------------------------------------------------------------------------------------------------------------------------------------------------------------------------------------------------------------------------------------------------------------------------------------------------------------+
; Signal Integrity Metrics (Slow 1200mv 85c Model)                                                                                                                                                                                                                                                                                                                                                                                                                                                                                                                                                                                                                                           ;
+---------------+--------------+---------------------+---------------------+------------------------------+------------------------------+---------------------+---------------------+--------------------------------------+--------------------------------------+-----------------------------+-----------------------------+----------------------------+----------------------------+-----------------------------+-----------------------------+--------------------+--------------------+-------------------------------------+-------------------------------------+----------------------------+----------------------------+---------------------------+---------------------------+
; Pin           ; I/O Standard ; Board Delay on Rise ; Board Delay on Fall ; Steady State Voh at FPGA Pin ; Steady State Vol at FPGA Pin ; Voh Max at FPGA Pin ; Vol Min at FPGA Pin ; Ringback Voltage on Rise at FPGA Pin ; Ringback Voltage on Fall at FPGA Pin ; 10-90 Rise Time at FPGA Pin ; 90-10 Fall Time at FPGA Pin ; Monotonic Rise at FPGA Pin ; Monotonic Fall at FPGA Pin ; Steady State Voh at Far-end ; Steady State Vol at Far-end ; Voh Max at Far-end ; Vol Min at Far-end ; Ringback Voltage on Rise at Far-end ; Ringback Voltage on Fall at Far-end ; 10-90 Rise Time at Far-end ; 90-10 Fall Time at Far-end ; Monotonic Rise at Far-end ; Monotonic Fall at Far-end ;
+---------------+--------------+---------------------+---------------------+------------------------------+------------------------------+---------------------+---------------------+--------------------------------------+--------------------------------------+-----------------------------+-----------------------------+----------------------------+----------------------------+-----------------------------+-----------------------------+--------------------+--------------------+-------------------------------------+-------------------------------------+----------------------------+----------------------------+---------------------------+---------------------------+
; rs            ; 2.5 V        ; 0 s                 ; 0 s                 ; 2.32 V                       ; 1.93e-07 V                   ; 2.34 V              ; -0.00869 V          ; 0.14 V                               ; 0.046 V                              ; 6.89e-10 s                  ; 6.56e-10 s                  ; Yes                        ; Yes                        ; 2.32 V                      ; 1.93e-07 V                  ; 2.34 V             ; -0.00869 V         ; 0.14 V                              ; 0.046 V                             ; 6.89e-10 s                 ; 6.56e-10 s                 ; Yes                       ; Yes                       ;
; rw            ; 2.5 V        ; 0 s                 ; 0 s                 ; 2.32 V                       ; 1.93e-07 V                   ; 2.34 V              ; -0.00869 V          ; 0.14 V                               ; 0.046 V                              ; 6.89e-10 s                  ; 6.56e-10 s                  ; Yes                        ; Yes                        ; 2.32 V                      ; 1.93e-07 V                  ; 2.34 V             ; -0.00869 V         ; 0.14 V                              ; 0.046 V                             ; 6.89e-10 s                 ; 6.56e-10 s                 ; Yes                       ; Yes                       ;
; enable        ; 2.5 V        ; 0 s                 ; 0 s                 ; 2.32 V                       ; 1.93e-07 V                   ; 2.35 V              ; -0.00834 V          ; 0.127 V                              ; 0.035 V                              ; 4.7e-10 s                   ; 4.64e-10 s                  ; Yes                        ; Yes                        ; 2.32 V                      ; 1.93e-07 V                  ; 2.35 V             ; -0.00834 V         ; 0.127 V                             ; 0.035 V                             ; 4.7e-10 s                  ; 4.64e-10 s                 ; Yes                       ; Yes                       ;
; data[0]       ; 2.5 V        ; 0 s                 ; 0 s                 ; 2.32 V                       ; 1.93e-07 V                   ; 2.34 V              ; -0.00869 V          ; 0.14 V                               ; 0.046 V                              ; 6.89e-10 s                  ; 6.56e-10 s                  ; Yes                        ; Yes                        ; 2.32 V                      ; 1.93e-07 V                  ; 2.34 V             ; -0.00869 V         ; 0.14 V                              ; 0.046 V                             ; 6.89e-10 s                 ; 6.56e-10 s                 ; Yes                       ; Yes                       ;
; data[1]       ; 2.5 V        ; 0 s                 ; 0 s                 ; 2.32 V                       ; 1.93e-07 V                   ; 2.34 V              ; -0.00869 V          ; 0.14 V                               ; 0.046 V                              ; 6.89e-10 s                  ; 6.56e-10 s                  ; Yes                        ; Yes                        ; 2.32 V                      ; 1.93e-07 V                  ; 2.34 V             ; -0.00869 V         ; 0.14 V                              ; 0.046 V                             ; 6.89e-10 s                 ; 6.56e-10 s                 ; Yes                       ; Yes                       ;
; data[2]       ; 2.5 V        ; 0 s                 ; 0 s                 ; 2.32 V                       ; 1.93e-07 V                   ; 2.35 V              ; -0.00834 V          ; 0.127 V                              ; 0.035 V                              ; 4.7e-10 s                   ; 4.64e-10 s                  ; Yes                        ; Yes                        ; 2.32 V                      ; 1.93e-07 V                  ; 2.35 V             ; -0.00834 V         ; 0.127 V                             ; 0.035 V                             ; 4.7e-10 s                  ; 4.64e-10 s                 ; Yes                       ; Yes                       ;
; data[3]       ; 2.5 V        ; 0 s                 ; 0 s                 ; 2.32 V                       ; 1.93e-07 V                   ; 2.33 V              ; -0.0022 V           ; 0.088 V                              ; 0.056 V                              ; 3.76e-09 s                  ; 3.48e-09 s                  ; Yes                        ; Yes                        ; 2.32 V                      ; 1.93e-07 V                  ; 2.33 V             ; -0.0022 V          ; 0.088 V                             ; 0.056 V                             ; 3.76e-09 s                 ; 3.48e-09 s                 ; Yes                       ; Yes                       ;
; data[4]       ; 2.5 V        ; 0 s                 ; 0 s                 ; 2.32 V                       ; 1.93e-07 V                   ; 2.34 V              ; -0.00869 V          ; 0.14 V                               ; 0.046 V                              ; 6.89e-10 s                  ; 6.56e-10 s                  ; Yes                        ; Yes                        ; 2.32 V                      ; 1.93e-07 V                  ; 2.34 V             ; -0.00869 V         ; 0.14 V                              ; 0.046 V                             ; 6.89e-10 s                 ; 6.56e-10 s                 ; Yes                       ; Yes                       ;
; data[5]       ; 2.5 V        ; 0 s                 ; 0 s                 ; 2.32 V                       ; 2.85e-07 V                   ; 2.35 V              ; -0.0123 V           ; 0.144 V                              ; 0.042 V                              ; 4.81e-10 s                  ; 4.81e-10 s                  ; Yes                        ; Yes                        ; 2.32 V                      ; 2.85e-07 V                  ; 2.35 V             ; -0.0123 V          ; 0.144 V                             ; 0.042 V                             ; 4.81e-10 s                 ; 4.81e-10 s                 ; Yes                       ; Yes                       ;
; data[6]       ; 2.5 V        ; 0 s                 ; 0 s                 ; 2.32 V                       ; 2.85e-07 V                   ; 2.35 V              ; -0.0123 V           ; 0.144 V                              ; 0.042 V                              ; 4.81e-10 s                  ; 4.81e-10 s                  ; Yes                        ; Yes                        ; 2.32 V                      ; 2.85e-07 V                  ; 2.35 V             ; -0.0123 V          ; 0.144 V                             ; 0.042 V                             ; 4.81e-10 s                 ; 4.81e-10 s                 ; Yes                       ; Yes                       ;
; data[7]       ; 2.5 V        ; 0 s                 ; 0 s                 ; 2.32 V                       ; 2.85e-07 V                   ; 2.35 V              ; -0.0123 V           ; 0.144 V                              ; 0.042 V                              ; 4.81e-10 s                  ; 4.81e-10 s                  ; Yes                        ; Yes                        ; 2.32 V                      ; 2.85e-07 V                  ; 2.35 V             ; -0.0123 V          ; 0.144 V                             ; 0.042 V                             ; 4.81e-10 s                 ; 4.81e-10 s                 ; Yes                       ; Yes                       ;
; ~ALTERA_DCLK~ ; 2.5 V        ; 0 s                 ; 0 s                 ; 2.32 V                       ; 1.55e-07 V                   ; 2.35 V              ; -0.00221 V          ; 0.097 V                              ; 0.005 V                              ; 4.49e-10 s                  ; 3.85e-10 s                  ; Yes                        ; Yes                        ; 2.32 V                      ; 1.55e-07 V                  ; 2.35 V             ; -0.00221 V         ; 0.097 V                             ; 0.005 V                             ; 4.49e-10 s                 ; 3.85e-10 s                 ; Yes                       ; Yes                       ;
+---------------+--------------+---------------------+---------------------+------------------------------+------------------------------+---------------------+---------------------+--------------------------------------+--------------------------------------+-----------------------------+-----------------------------+----------------------------+----------------------------+-----------------------------+-----------------------------+--------------------+--------------------+-------------------------------------+-------------------------------------+----------------------------+----------------------------+---------------------------+---------------------------+


+--------------------------------------------------------------------------------------------------------------------------------------------------------------------------------------------------------------------------------------------------------------------------------------------------------------------------------------------------------------------------------------------------------------------------------------------------------------------------------------------------------------------------------------------------------------------------------------------------------------------------------------------------------------------------------------------+
; Signal Integrity Metrics (Fast 1200mv 0c Model)                                                                                                                                                                                                                                                                                                                                                                                                                                                                                                                                                                                                                                            ;
+---------------+--------------+---------------------+---------------------+------------------------------+------------------------------+---------------------+---------------------+--------------------------------------+--------------------------------------+-----------------------------+-----------------------------+----------------------------+----------------------------+-----------------------------+-----------------------------+--------------------+--------------------+-------------------------------------+-------------------------------------+----------------------------+----------------------------+---------------------------+---------------------------+
; Pin           ; I/O Standard ; Board Delay on Rise ; Board Delay on Fall ; Steady State Voh at FPGA Pin ; Steady State Vol at FPGA Pin ; Voh Max at FPGA Pin ; Vol Min at FPGA Pin ; Ringback Voltage on Rise at FPGA Pin ; Ringback Voltage on Fall at FPGA Pin ; 10-90 Rise Time at FPGA Pin ; 90-10 Fall Time at FPGA Pin ; Monotonic Rise at FPGA Pin ; Monotonic Fall at FPGA Pin ; Steady State Voh at Far-end ; Steady State Vol at Far-end ; Voh Max at Far-end ; Vol Min at Far-end ; Ringback Voltage on Rise at Far-end ; Ringback Voltage on Fall at Far-end ; 10-90 Rise Time at Far-end ; 90-10 Fall Time at Far-end ; Monotonic Rise at Far-end ; Monotonic Fall at Far-end ;
+---------------+--------------+---------------------+---------------------+------------------------------+------------------------------+---------------------+---------------------+--------------------------------------+--------------------------------------+-----------------------------+-----------------------------+----------------------------+----------------------------+-----------------------------+-----------------------------+--------------------+--------------------+-------------------------------------+-------------------------------------+----------------------------+----------------------------+---------------------------+---------------------------+
; rs            ; 2.5 V        ; 0 s                 ; 0 s                 ; 2.62 V                       ; 2.74e-08 V                   ; 2.71 V              ; -0.0317 V           ; 0.148 V                              ; 0.064 V                              ; 4.51e-10 s                  ; 4.15e-10 s                  ; No                         ; Yes                        ; 2.62 V                      ; 2.74e-08 V                  ; 2.71 V             ; -0.0317 V          ; 0.148 V                             ; 0.064 V                             ; 4.51e-10 s                 ; 4.15e-10 s                 ; No                        ; Yes                       ;
; rw            ; 2.5 V        ; 0 s                 ; 0 s                 ; 2.62 V                       ; 2.74e-08 V                   ; 2.71 V              ; -0.0317 V           ; 0.148 V                              ; 0.064 V                              ; 4.51e-10 s                  ; 4.15e-10 s                  ; No                         ; Yes                        ; 2.62 V                      ; 2.74e-08 V                  ; 2.71 V             ; -0.0317 V          ; 0.148 V                             ; 0.064 V                             ; 4.51e-10 s                 ; 4.15e-10 s                 ; No                        ; Yes                       ;
; enable        ; 2.5 V        ; 0 s                 ; 0 s                 ; 2.62 V                       ; 2.74e-08 V                   ; 2.73 V              ; -0.0384 V           ; 0.169 V                              ; 0.089 V                              ; 2.7e-10 s                   ; 2.62e-10 s                  ; Yes                        ; Yes                        ; 2.62 V                      ; 2.74e-08 V                  ; 2.73 V             ; -0.0384 V          ; 0.169 V                             ; 0.089 V                             ; 2.7e-10 s                  ; 2.62e-10 s                 ; Yes                       ; Yes                       ;
; data[0]       ; 2.5 V        ; 0 s                 ; 0 s                 ; 2.62 V                       ; 2.74e-08 V                   ; 2.71 V              ; -0.0317 V           ; 0.148 V                              ; 0.064 V                              ; 4.51e-10 s                  ; 4.15e-10 s                  ; No                         ; Yes                        ; 2.62 V                      ; 2.74e-08 V                  ; 2.71 V             ; -0.0317 V          ; 0.148 V                             ; 0.064 V                             ; 4.51e-10 s                 ; 4.15e-10 s                 ; No                        ; Yes                       ;
; data[1]       ; 2.5 V        ; 0 s                 ; 0 s                 ; 2.62 V                       ; 2.74e-08 V                   ; 2.71 V              ; -0.0317 V           ; 0.148 V                              ; 0.064 V                              ; 4.51e-10 s                  ; 4.15e-10 s                  ; No                         ; Yes                        ; 2.62 V                      ; 2.74e-08 V                  ; 2.71 V             ; -0.0317 V          ; 0.148 V                             ; 0.064 V                             ; 4.51e-10 s                 ; 4.15e-10 s                 ; No                        ; Yes                       ;
; data[2]       ; 2.5 V        ; 0 s                 ; 0 s                 ; 2.62 V                       ; 2.74e-08 V                   ; 2.73 V              ; -0.0384 V           ; 0.169 V                              ; 0.089 V                              ; 2.7e-10 s                   ; 2.62e-10 s                  ; Yes                        ; Yes                        ; 2.62 V                      ; 2.74e-08 V                  ; 2.73 V             ; -0.0384 V          ; 0.169 V                             ; 0.089 V                             ; 2.7e-10 s                  ; 2.62e-10 s                 ; Yes                       ; Yes                       ;
; data[3]       ; 2.5 V        ; 0 s                 ; 0 s                 ; 2.62 V                       ; 2.74e-08 V                   ; 2.64 V              ; -0.0117 V           ; 0.202 V                              ; 0.176 V                              ; 2.38e-09 s                  ; 2.22e-09 s                  ; No                         ; Yes                        ; 2.62 V                      ; 2.74e-08 V                  ; 2.64 V             ; -0.0117 V          ; 0.202 V                             ; 0.176 V                             ; 2.38e-09 s                 ; 2.22e-09 s                 ; No                        ; Yes                       ;
; data[4]       ; 2.5 V        ; 0 s                 ; 0 s                 ; 2.62 V                       ; 2.74e-08 V                   ; 2.71 V              ; -0.0317 V           ; 0.148 V                              ; 0.064 V                              ; 4.51e-10 s                  ; 4.15e-10 s                  ; No                         ; Yes                        ; 2.62 V                      ; 2.74e-08 V                  ; 2.71 V             ; -0.0317 V          ; 0.148 V                             ; 0.064 V                             ; 4.51e-10 s                 ; 4.15e-10 s                 ; No                        ; Yes                       ;
; data[5]       ; 2.5 V        ; 0 s                 ; 0 s                 ; 2.62 V                       ; 4.05e-08 V                   ; 2.72 V              ; -0.0349 V           ; 0.173 V                              ; 0.1 V                                ; 2.72e-10 s                  ; 2.69e-10 s                  ; Yes                        ; Yes                        ; 2.62 V                      ; 4.05e-08 V                  ; 2.72 V             ; -0.0349 V          ; 0.173 V                             ; 0.1 V                               ; 2.72e-10 s                 ; 2.69e-10 s                 ; Yes                       ; Yes                       ;
; data[6]       ; 2.5 V        ; 0 s                 ; 0 s                 ; 2.62 V                       ; 4.05e-08 V                   ; 2.72 V              ; -0.0349 V           ; 0.173 V                              ; 0.1 V                                ; 2.72e-10 s                  ; 2.69e-10 s                  ; Yes                        ; Yes                        ; 2.62 V                      ; 4.05e-08 V                  ; 2.72 V             ; -0.0349 V          ; 0.173 V                             ; 0.1 V                               ; 2.72e-10 s                 ; 2.69e-10 s                 ; Yes                       ; Yes                       ;
; data[7]       ; 2.5 V        ; 0 s                 ; 0 s                 ; 2.62 V                       ; 4.05e-08 V                   ; 2.72 V              ; -0.0349 V           ; 0.173 V                              ; 0.1 V                                ; 2.72e-10 s                  ; 2.69e-10 s                  ; Yes                        ; Yes                        ; 2.62 V                      ; 4.05e-08 V                  ; 2.72 V             ; -0.0349 V          ; 0.173 V                             ; 0.1 V                               ; 2.72e-10 s                 ; 2.69e-10 s                 ; Yes                       ; Yes                       ;
; ~ALTERA_DCLK~ ; 2.5 V        ; 0 s                 ; 0 s                 ; 2.62 V                       ; 2.22e-08 V                   ; 2.74 V              ; -0.06 V             ; 0.158 V                              ; 0.08 V                               ; 2.68e-10 s                  ; 2.19e-10 s                  ; Yes                        ; Yes                        ; 2.62 V                      ; 2.22e-08 V                  ; 2.74 V             ; -0.06 V            ; 0.158 V                             ; 0.08 V                              ; 2.68e-10 s                 ; 2.19e-10 s                 ; Yes                       ; Yes                       ;
+---------------+--------------+---------------------+---------------------+------------------------------+------------------------------+---------------------+---------------------+--------------------------------------+--------------------------------------+-----------------------------+-----------------------------+----------------------------+----------------------------+-----------------------------+-----------------------------+--------------------+--------------------+-------------------------------------+-------------------------------------+----------------------------+----------------------------+---------------------------+---------------------------+


+-------------------------------------------------------------------+
; Setup Transfers                                                   ;
+------------+----------+----------+----------+----------+----------+
; From Clock ; To Clock ; RR Paths ; FR Paths ; RF Paths ; FF Paths ;
+------------+----------+----------+----------+----------+----------+
; clk        ; clk      ; 350      ; 0        ; 0        ; 0        ;
; clk_16ms   ; clk      ; 1        ; 1        ; 0        ; 0        ;
; clk_16ms   ; clk_16ms ; 906      ; 0        ; 0        ; 0        ;
+------------+----------+----------+----------+----------+----------+
Entries labeled "false path" only account for clock-to-clock false paths and not path-based false paths. As a result, actual path counts may be lower than reported.


+-------------------------------------------------------------------+
; Hold Transfers                                                    ;
+------------+----------+----------+----------+----------+----------+
; From Clock ; To Clock ; RR Paths ; FR Paths ; RF Paths ; FF Paths ;
+------------+----------+----------+----------+----------+----------+
; clk        ; clk      ; 350      ; 0        ; 0        ; 0        ;
; clk_16ms   ; clk      ; 1        ; 1        ; 0        ; 0        ;
; clk_16ms   ; clk_16ms ; 906      ; 0        ; 0        ; 0        ;
+------------+----------+----------+----------+----------+----------+
Entries labeled "false path" only account for clock-to-clock false paths and not path-based false paths. As a result, actual path counts may be lower than reported.


---------------
; Report TCCS ;
---------------
No dedicated SERDES Transmitter circuitry present in device or used in design


---------------
; Report RSKM ;
---------------
No non-DPA dedicated SERDES Receiver circuitry present in device or used in design


+------------------------------------------------+
; Unconstrained Paths Summary                    ;
+---------------------------------+-------+------+
; Property                        ; Setup ; Hold ;
+---------------------------------+-------+------+
; Illegal Clocks                  ; 0     ; 0    ;
; Unconstrained Clocks            ; 0     ; 0    ;
; Unconstrained Input Ports       ; 4     ; 4    ;
; Unconstrained Input Port Paths  ; 52    ; 52   ;
; Unconstrained Output Ports      ; 10    ; 10   ;
; Unconstrained Output Port Paths ; 10    ; 10   ;
+---------------------------------+-------+------+


+------------------------------------------+
; Clock Status Summary                     ;
+----------+----------+------+-------------+
; Target   ; Clock    ; Type ; Status      ;
+----------+----------+------+-------------+
; clk      ; clk      ; Base ; Constrained ;
; clk_16ms ; clk_16ms ; Base ; Constrained ;
+----------+----------+------+-------------+


+---------------------------------------------------------------------------------------------------+
; Unconstrained Input Ports                                                                         ;
+------------+--------------------------------------------------------------------------------------+
; Input Port ; Comment                                                                              ;
+------------+--------------------------------------------------------------------------------------+
; ready_i    ; No input delay, min/max delays, false-path exceptions, or max skew assignments found ;
; reset      ; No input delay, min/max delays, false-path exceptions, or max skew assignments found ;
; text1      ; No input delay, min/max delays, false-path exceptions, or max skew assignments found ;
; text2      ; No input delay, min/max delays, false-path exceptions, or max skew assignments found ;
+------------+--------------------------------------------------------------------------------------+


+-----------------------------------------------------------------------------------------------------+
; Unconstrained Output Ports                                                                          ;
+-------------+---------------------------------------------------------------------------------------+
; Output Port ; Comment                                                                               ;
+-------------+---------------------------------------------------------------------------------------+
; data[0]     ; No output delay, min/max delays, false-path exceptions, or max skew assignments found ;
; data[1]     ; No output delay, min/max delays, false-path exceptions, or max skew assignments found ;
; data[2]     ; No output delay, min/max delays, false-path exceptions, or max skew assignments found ;
; data[3]     ; No output delay, min/max delays, false-path exceptions, or max skew assignments found ;
; data[4]     ; No output delay, min/max delays, false-path exceptions, or max skew assignments found ;
; data[5]     ; No output delay, min/max delays, false-path exceptions, or max skew assignments found ;
; data[6]     ; No output delay, min/max delays, false-path exceptions, or max skew assignments found ;
; data[7]     ; No output delay, min/max delays, false-path exceptions, or max skew assignments found ;
; enable      ; No output delay, min/max delays, false-path exceptions, or max skew assignments found ;
; rs          ; No output delay, min/max delays, false-path exceptions, or max skew assignments found ;
+-------------+---------------------------------------------------------------------------------------+


+---------------------------------------------------------------------------------------------------+
; Unconstrained Input Ports                                                                         ;
+------------+--------------------------------------------------------------------------------------+
; Input Port ; Comment                                                                              ;
+------------+--------------------------------------------------------------------------------------+
; ready_i    ; No input delay, min/max delays, false-path exceptions, or max skew assignments found ;
; reset      ; No input delay, min/max delays, false-path exceptions, or max skew assignments found ;
; text1      ; No input delay, min/max delays, false-path exceptions, or max skew assignments found ;
; text2      ; No input delay, min/max delays, false-path exceptions, or max skew assignments found ;
+------------+--------------------------------------------------------------------------------------+


+-----------------------------------------------------------------------------------------------------+
; Unconstrained Output Ports                                                                          ;
+-------------+---------------------------------------------------------------------------------------+
; Output Port ; Comment                                                                               ;
+-------------+---------------------------------------------------------------------------------------+
; data[0]     ; No output delay, min/max delays, false-path exceptions, or max skew assignments found ;
; data[1]     ; No output delay, min/max delays, false-path exceptions, or max skew assignments found ;
; data[2]     ; No output delay, min/max delays, false-path exceptions, or max skew assignments found ;
; data[3]     ; No output delay, min/max delays, false-path exceptions, or max skew assignments found ;
; data[4]     ; No output delay, min/max delays, false-path exceptions, or max skew assignments found ;
; data[5]     ; No output delay, min/max delays, false-path exceptions, or max skew assignments found ;
; data[6]     ; No output delay, min/max delays, false-path exceptions, or max skew assignments found ;
; data[7]     ; No output delay, min/max delays, false-path exceptions, or max skew assignments found ;
; enable      ; No output delay, min/max delays, false-path exceptions, or max skew assignments found ;
; rs          ; No output delay, min/max delays, false-path exceptions, or max skew assignments found ;
+-------------+---------------------------------------------------------------------------------------+


+--------------------------+
; Timing Analyzer Messages ;
+--------------------------+
Info: *******************************************************************
Info: Running Quartus Prime Timing Analyzer
    Info: Version 23.1std.1 Build 993 05/14/2024 SC Lite Edition
    Info: Processing started: Sat Jun  6 04:08:54 2026
Info: Command: quartus_sta LCD_texto_dinamico -c LCD_texto_dinamico
Info: qsta_default_script.tcl version: #1
Warning (18236): Number of processors has not been specified which may cause overloading on shared machines.  Set the global assignment NUM_PARALLEL_PROCESSORS in your QSF to an appropriate value for best performance.
Info (20030): Parallel compilation is enabled and will use 4 of the 4 processors detected
Info (21077): Low junction temperature is 0 degrees C
Info (21077): High junction temperature is 85 degrees C
Critical Warning (332012): Synopsys Design Constraints File file not found: 'LCD_texto_dinamico.sdc'. A Synopsys Design Constraints File is required by the Timing Analyzer to get proper timing constraints. Without it, the Compiler will not properly optimize the design.
Info (332142): No user constrained base clocks found in the design. Calling "derive_clocks -period 1.0"
Info (332105): Deriving Clocks
    Info (332105): create_clock -period 1.000 -name clk_16ms clk_16ms
    Info (332105): create_clock -period 1.000 -name clk clk
Info (332143): No user constrained clock uncertainty found in the design. Calling "derive_clock_uncertainty"
Info (332123): Deriving Clock Uncertainty. Please refer to report_sdc in the Timing Analyzer to see clock uncertainties.
Info: Found TIMING_ANALYZER_REPORT_SCRIPT_INCLUDE_DEFAULT_ANALYSIS = ON
Info: Analyzing Slow 1200mV 85C Model
Critical Warning (332148): Timing requirements not met
    Info (11105): For recommendations on closing timing, run Report Timing Closure Recommendations in the Timing Analyzer.
Info (332146): Worst-case setup slack is -3.848
    Info (332119):     Slack       End Point TNS Clock 
    Info (332119): ========= =================== =====================
    Info (332119):    -3.848             -38.435 clk 
    Info (332119):    -3.809             -67.246 clk_16ms 
Info (332146): Worst-case hold slack is 0.454
    Info (332119):     Slack       End Point TNS Clock 
    Info (332119): ========= =================== =====================
    Info (332119):     0.454               0.000 clk_16ms 
    Info (332119):     0.742               0.000 clk 
Info (332140): No Recovery paths to report
Info (332140): No Removal paths to report
Info (332146): Worst-case minimum pulse width slack is -3.000
    Info (332119):     Slack       End Point TNS Clock 
    Info (332119): ========= =================== =====================
    Info (332119):    -3.000             -34.227 clk 
    Info (332119):    -1.487             -32.714 clk_16ms 
Info: Analyzing Slow 1200mV 0C Model
Info (334003): Started post-fitting delay annotation
Info (334004): Delay annotation completed successfully
Info (332123): Deriving Clock Uncertainty. Please refer to report_sdc in the Timing Analyzer to see clock uncertainties.
Critical Warning (332148): Timing requirements not met
    Info (11105): For recommendations on closing timing, run Report Timing Closure Recommendations in the Timing Analyzer.
Info (332146): Worst-case setup slack is -3.644
    Info (332119):     Slack       End Point TNS Clock 
    Info (332119): ========= =================== =====================
    Info (332119):    -3.644             -33.674 clk 
    Info (332119):    -3.525             -61.664 clk_16ms 
Info (332146): Worst-case hold slack is 0.402
    Info (332119):     Slack       End Point TNS Clock 
    Info (332119): ========= =================== =====================
    Info (332119):     0.402               0.000 clk_16ms 
    Info (332119):     0.690               0.000 clk 
Info (332140): No Recovery paths to report
Info (332140): No Removal paths to report
Info (332146): Worst-case minimum pulse width slack is -3.000
    Info (332119):     Slack       End Point TNS Clock 
    Info (332119): ========= =================== =====================
    Info (332119):    -3.000             -34.227 clk 
    Info (332119):    -1.487             -32.714 clk_16ms 
Info: Analyzing Fast 1200mV 0C Model
Info (332123): Deriving Clock Uncertainty. Please refer to report_sdc in the Timing Analyzer to see clock uncertainties.
Critical Warning (332148): Timing requirements not met
    Info (11105): For recommendations on closing timing, run Report Timing Closure Recommendations in the Timing Analyzer.
Info (332146): Worst-case setup slack is -1.143
    Info (332119):     Slack       End Point TNS Clock 
    Info (332119): ========= =================== =====================
    Info (332119):    -1.143             -16.721 clk_16ms 
    Info (332119):    -1.118              -6.025 clk 
Info (332146): Worst-case hold slack is 0.187
    Info (332119):     Slack       End Point TNS Clock 
    Info (332119): ========= =================== =====================
    Info (332119):     0.187               0.000 clk_16ms 
    Info (332119):     0.296               0.000 clk 
Info (332140): No Recovery paths to report
Info (332140): No Removal paths to report
Info (332146): Worst-case minimum pulse width slack is -3.000
    Info (332119):     Slack       End Point TNS Clock 
    Info (332119): ========= =================== =====================
    Info (332119):    -3.000             -25.376 clk 
    Info (332119):    -1.000             -22.000 clk_16ms 
Info (332102): Design is not fully constrained for setup requirements
Info (332102): Design is not fully constrained for hold requirements
Info: Quartus Prime Timing Analyzer was successful. 0 errors, 5 warnings
    Info: Peak virtual memory: 4757 megabytes
    Info: Processing ended: Sat Jun  6 04:08:56 2026
    Info: Elapsed time: 00:00:02
    Info: Total CPU time (on all processors): 00:00:02


