Timing Analyzer report for LCD_texto_estatico
Sat Jun  6 01:42:00 2026
Quartus Prime Version 23.1std.1 Build 993 05/14/2024 SC Lite Edition


---------------------
; Table of Contents ;
---------------------
  1. Legal Notice
  2. Timing Analyzer Summary
  3. Parallel Compilation
  4. Clocks
  5. Slow 1200mV 85C Model Fmax Summary
  6. Timing Closure Recommendations
  7. Slow 1200mV 85C Model Setup Summary
  8. Slow 1200mV 85C Model Hold Summary
  9. Slow 1200mV 85C Model Recovery Summary
 10. Slow 1200mV 85C Model Removal Summary
 11. Slow 1200mV 85C Model Minimum Pulse Width Summary
 12. Slow 1200mV 85C Model Setup: 'clk'
 13. Slow 1200mV 85C Model Setup: 'clk_16ms'
 14. Slow 1200mV 85C Model Hold: 'clk_16ms'
 15. Slow 1200mV 85C Model Hold: 'clk'
 16. Slow 1200mV 85C Model Metastability Summary
 17. Slow 1200mV 0C Model Fmax Summary
 18. Slow 1200mV 0C Model Setup Summary
 19. Slow 1200mV 0C Model Hold Summary
 20. Slow 1200mV 0C Model Recovery Summary
 21. Slow 1200mV 0C Model Removal Summary
 22. Slow 1200mV 0C Model Minimum Pulse Width Summary
 23. Slow 1200mV 0C Model Setup: 'clk'
 24. Slow 1200mV 0C Model Setup: 'clk_16ms'
 25. Slow 1200mV 0C Model Hold: 'clk_16ms'
 26. Slow 1200mV 0C Model Hold: 'clk'
 27. Slow 1200mV 0C Model Metastability Summary
 28. Fast 1200mV 0C Model Setup Summary
 29. Fast 1200mV 0C Model Hold Summary
 30. Fast 1200mV 0C Model Recovery Summary
 31. Fast 1200mV 0C Model Removal Summary
 32. Fast 1200mV 0C Model Minimum Pulse Width Summary
 33. Fast 1200mV 0C Model Setup: 'clk'
 34. Fast 1200mV 0C Model Setup: 'clk_16ms'
 35. Fast 1200mV 0C Model Hold: 'clk_16ms'
 36. Fast 1200mV 0C Model Hold: 'clk'
 37. Fast 1200mV 0C Model Metastability Summary
 38. Multicorner Timing Analysis Summary
 39. Board Trace Model Assignments
 40. Input Transition Times
 41. Signal Integrity Metrics (Slow 1200mv 0c Model)
 42. Signal Integrity Metrics (Slow 1200mv 85c Model)
 43. Signal Integrity Metrics (Fast 1200mv 0c Model)
 44. Setup Transfers
 45. Hold Transfers
 46. Report TCCS
 47. Report RSKM
 48. Unconstrained Paths Summary
 49. Clock Status Summary
 50. Unconstrained Input Ports
 51. Unconstrained Output Ports
 52. Unconstrained Input Ports
 53. Unconstrained Output Ports
 54. Timing Analyzer Messages



----------------
; Legal Notice ;
----------------
Copyright (C) 2024  Intel Corporation. All rights reserved.
Your use of Intel Corporation's design tools, logic functions 
and other software and tools, and any partner logic 
functions, and any output files from any of the foregoing 
(including device programming or simulation files), and any 
associated documentation or information are expressly subject 
to the terms and conditions of the Intel Program License 
Subscription Agreement, the Intel Quartus Prime License Agreement,
the Intel FPGA IP License Agreement, or other applicable license
agreement, including, without limitation, that your use is for
the sole purpose of programming logic devices manufactured by
Intel and sold by Intel or its authorized distributors.  Please
refer to the applicable agreement for further details, at
https://fpgasoftware.intel.com/eula.



+--------------------------------------------------------------------------------+
; Timing Analyzer Summary                                                        ;
+-----------------------+--------------------------------------------------------+
; Quartus Prime Version ; Version 23.1std.1 Build 993 05/14/2024 SC Lite Edition ;
; Timing Analyzer       ; Legacy Timing Analyzer                                 ;
; Revision Name         ; LCD_texto_estatico                                     ;
; Device Family         ; Cyclone IV E                                           ;
; Device Name           ; EP4CE10E22C8                                           ;
; Timing Models         ; Final                                                  ;
; Delay Model           ; Combined                                               ;
; Rise/Fall Delays      ; Enabled                                                ;
+-----------------------+--------------------------------------------------------+


+------------------------------------------+
; Parallel Compilation                     ;
+----------------------------+-------------+
; Processors                 ; Number      ;
+----------------------------+-------------+
; Number detected on machine ; 4           ;
; Maximum allowed            ; 4           ;
;                            ;             ;
; Average used               ; 1.01        ;
; Maximum used               ; 4           ;
;                            ;             ;
; Usage by Processor         ; % Time Used ;
;     Processor 1            ; 100.0%      ;
;     Processors 2-4         ;   0.4%      ;
+----------------------------+-------------+


+--------------------------------------------------------------------------------------------------------------------------------------------------------------------------------------+
; Clocks                                                                                                                                                                               ;
+------------+------+--------+------------+-------+-------+------------+-----------+-------------+-------+--------+-----------+------------+----------+--------+--------+--------------+
; Clock Name ; Type ; Period ; Frequency  ; Rise  ; Fall  ; Duty Cycle ; Divide by ; Multiply by ; Phase ; Offset ; Edge List ; Edge Shift ; Inverted ; Master ; Source ; Targets      ;
+------------+------+--------+------------+-------+-------+------------+-----------+-------------+-------+--------+-----------+------------+----------+--------+--------+--------------+
; clk        ; Base ; 1.000  ; 1000.0 MHz ; 0.000 ; 0.500 ;            ;           ;             ;       ;        ;           ;            ;          ;        ;        ; { clk }      ;
; clk_16ms   ; Base ; 1.000  ; 1000.0 MHz ; 0.000 ; 0.500 ;            ;           ;             ;       ;        ;           ;            ;          ;        ;        ; { clk_16ms } ;
+------------+------+--------+------------+-------+-------+------------+-----------+-------------+-------+--------+-----------+------------+----------+--------+--------+--------------+


+--------------------------------------------------+
; Slow 1200mV 85C Model Fmax Summary               ;
+------------+-----------------+------------+------+
; Fmax       ; Restricted Fmax ; Clock Name ; Note ;
+------------+-----------------+------------+------+
; 205.55 MHz ; 205.55 MHz      ; clk        ;      ;
; 242.66 MHz ; 242.66 MHz      ; clk_16ms   ;      ;
+------------+-----------------+------------+------+
This panel reports FMAX for every clock in the design, regardless of the user-specified clock periods.  FMAX is only computed for paths where the source and destination registers or ports are driven by the same clock.  Paths of different clocks, including generated clocks, are ignored.  For paths between a clock and its inversion, FMAX is computed as if the rising and falling edges are scaled along with FMAX, such that the duty cycle (in terms of a percentage) is maintained. Altera recommends that you always use clock constraints and other slack reports for sign-off analysis.


----------------------------------
; Timing Closure Recommendations ;
----------------------------------
HTML report is unavailable in plain text report export.


+-------------------------------------+
; Slow 1200mV 85C Model Setup Summary ;
+----------+--------+-----------------+
; Clock    ; Slack  ; End Point TNS   ;
+----------+--------+-----------------+
; clk      ; -3.865 ; -38.714         ;
; clk_16ms ; -3.121 ; -55.560         ;
+----------+--------+-----------------+


+------------------------------------+
; Slow 1200mV 85C Model Hold Summary ;
+----------+-------+-----------------+
; Clock    ; Slack ; End Point TNS   ;
+----------+-------+-----------------+
; clk_16ms ; 0.435 ; 0.000           ;
; clk      ; 0.743 ; 0.000           ;
+----------+-------+-----------------+


------------------------------------------
; Slow 1200mV 85C Model Recovery Summary ;
------------------------------------------
No paths to report.


-----------------------------------------
; Slow 1200mV 85C Model Removal Summary ;
-----------------------------------------
No paths to report.


+---------------------------------------------------+
; Slow 1200mV 85C Model Minimum Pulse Width Summary ;
+----------+--------+-------------------------------+
; Clock    ; Slack  ; End Point TNS                 ;
+----------+--------+-------------------------------+
; clk      ; -3.000 ; -34.227                       ;
; clk_16ms ; -1.487 ; -32.714                       ;
+----------+--------+-------------------------------+


+------------------------------------------------------------------------------------------------------------------+
; Slow 1200mV 85C Model Setup: 'clk'                                                                               ;
+--------+-----------------+-----------------+--------------+-------------+--------------+------------+------------+
; Slack  ; From Node       ; To Node         ; Launch Clock ; Latch Clock ; Relationship ; Clock Skew ; Data Delay ;
+--------+-----------------+-----------------+--------------+-------------+--------------+------------+------------+
; -3.865 ; clk_counter[15] ; clk_16ms        ; clk          ; clk         ; 1.000        ; -0.081     ; 4.785      ;
; -3.829 ; clk_counter[14] ; clk_16ms        ; clk          ; clk         ; 1.000        ; -0.081     ; 4.749      ;
; -3.799 ; clk_counter[13] ; clk_16ms        ; clk          ; clk         ; 1.000        ; -0.081     ; 4.719      ;
; -3.608 ; clk_counter[12] ; clk_16ms        ; clk          ; clk         ; 1.000        ; -0.081     ; 4.528      ;
; -3.597 ; clk_counter[1]  ; clk_16ms        ; clk          ; clk         ; 1.000        ; -0.080     ; 4.518      ;
; -3.580 ; clk_counter[10] ; clk_16ms        ; clk          ; clk         ; 1.000        ; -0.081     ; 4.500      ;
; -3.475 ; clk_counter[0]  ; clk_16ms        ; clk          ; clk         ; 1.000        ; -0.080     ; 4.396      ;
; -3.446 ; clk_counter[5]  ; clk_16ms        ; clk          ; clk         ; 1.000        ; -0.080     ; 4.367      ;
; -3.431 ; clk_counter[4]  ; clk_16ms        ; clk          ; clk         ; 1.000        ; -0.080     ; 4.352      ;
; -3.424 ; clk_counter[11] ; clk_16ms        ; clk          ; clk         ; 1.000        ; -0.081     ; 4.344      ;
; -3.417 ; clk_counter[2]  ; clk_16ms        ; clk          ; clk         ; 1.000        ; -0.080     ; 4.338      ;
; -3.320 ; clk_counter[7]  ; clk_16ms        ; clk          ; clk         ; 1.000        ; -0.080     ; 4.241      ;
; -3.243 ; clk_counter[19] ; clk_16ms        ; clk          ; clk         ; 1.000        ; -0.081     ; 4.163      ;
; -3.239 ; clk_counter[9]  ; clk_16ms        ; clk          ; clk         ; 1.000        ; -0.080     ; 4.160      ;
; -3.235 ; clk_counter[18] ; clk_16ms        ; clk          ; clk         ; 1.000        ; -0.081     ; 4.155      ;
; -3.225 ; clk_counter[8]  ; clk_16ms        ; clk          ; clk         ; 1.000        ; -0.080     ; 4.146      ;
; -3.136 ; clk_counter[6]  ; clk_16ms        ; clk          ; clk         ; 1.000        ; -0.080     ; 4.057      ;
; -3.123 ; clk_counter[3]  ; clk_16ms        ; clk          ; clk         ; 1.000        ; -0.080     ; 4.044      ;
; -3.105 ; clk_counter[17] ; clk_16ms        ; clk          ; clk         ; 1.000        ; -0.081     ; 4.025      ;
; -2.972 ; clk_counter[16] ; clk_16ms        ; clk          ; clk         ; 1.000        ; -0.081     ; 3.892      ;
; -2.765 ; clk_counter[15] ; clk_counter[18] ; clk          ; clk         ; 1.000        ; -0.081     ; 3.685      ;
; -2.764 ; clk_counter[15] ; clk_counter[19] ; clk          ; clk         ; 1.000        ; -0.081     ; 3.684      ;
; -2.717 ; clk_counter[14] ; clk_counter[18] ; clk          ; clk         ; 1.000        ; -0.081     ; 3.637      ;
; -2.716 ; clk_counter[14] ; clk_counter[19] ; clk          ; clk         ; 1.000        ; -0.081     ; 3.636      ;
; -2.699 ; clk_counter[13] ; clk_counter[18] ; clk          ; clk         ; 1.000        ; -0.081     ; 3.619      ;
; -2.698 ; clk_counter[13] ; clk_counter[19] ; clk          ; clk         ; 1.000        ; -0.081     ; 3.618      ;
; -2.658 ; clk_counter[0]  ; clk_counter[19] ; clk          ; clk         ; 1.000        ; -0.080     ; 3.579      ;
; -2.630 ; clk_counter[1]  ; clk_counter[18] ; clk          ; clk         ; 1.000        ; -0.080     ; 3.551      ;
; -2.580 ; clk_counter[1]  ; clk_counter[19] ; clk          ; clk         ; 1.000        ; -0.080     ; 3.501      ;
; -2.577 ; clk_counter[0]  ; clk_counter[13] ; clk          ; clk         ; 1.000        ; -0.080     ; 3.498      ;
; -2.539 ; clk_counter[0]  ; clk_counter[18] ; clk          ; clk         ; 1.000        ; -0.080     ; 3.460      ;
; -2.533 ; clk_counter[1]  ; clk_counter[13] ; clk          ; clk         ; 1.000        ; -0.080     ; 3.454      ;
; -2.508 ; clk_counter[12] ; clk_counter[18] ; clk          ; clk         ; 1.000        ; -0.081     ; 3.428      ;
; -2.507 ; clk_counter[12] ; clk_counter[19] ; clk          ; clk         ; 1.000        ; -0.081     ; 3.427      ;
; -2.497 ; clk_counter[2]  ; clk_counter[19] ; clk          ; clk         ; 1.000        ; -0.080     ; 3.418      ;
; -2.480 ; clk_counter[10] ; clk_counter[18] ; clk          ; clk         ; 1.000        ; -0.081     ; 3.400      ;
; -2.479 ; clk_counter[10] ; clk_counter[19] ; clk          ; clk         ; 1.000        ; -0.081     ; 3.399      ;
; -2.469 ; clk_counter[3]  ; clk_counter[18] ; clk          ; clk         ; 1.000        ; -0.080     ; 3.390      ;
; -2.447 ; clk_counter[1]  ; clk_counter[10] ; clk          ; clk         ; 1.000        ; -0.080     ; 3.368      ;
; -2.419 ; clk_counter[3]  ; clk_counter[19] ; clk          ; clk         ; 1.000        ; -0.080     ; 3.340      ;
; -2.416 ; clk_counter[2]  ; clk_counter[13] ; clk          ; clk         ; 1.000        ; -0.080     ; 3.337      ;
; -2.412 ; clk_counter[15] ; clk_counter[12] ; clk          ; clk         ; 1.000        ; -0.081     ; 3.332      ;
; -2.412 ; clk_counter[15] ; clk_counter[10] ; clk          ; clk         ; 1.000        ; -0.081     ; 3.332      ;
; -2.412 ; clk_counter[15] ; clk_counter[13] ; clk          ; clk         ; 1.000        ; -0.081     ; 3.332      ;
; -2.374 ; clk_counter[2]  ; clk_counter[18] ; clk          ; clk         ; 1.000        ; -0.080     ; 3.295      ;
; -2.372 ; clk_counter[3]  ; clk_counter[13] ; clk          ; clk         ; 1.000        ; -0.080     ; 3.293      ;
; -2.364 ; clk_counter[14] ; clk_counter[12] ; clk          ; clk         ; 1.000        ; -0.081     ; 3.284      ;
; -2.364 ; clk_counter[14] ; clk_counter[10] ; clk          ; clk         ; 1.000        ; -0.081     ; 3.284      ;
; -2.364 ; clk_counter[14] ; clk_counter[13] ; clk          ; clk         ; 1.000        ; -0.081     ; 3.284      ;
; -2.356 ; clk_counter[0]  ; clk_counter[10] ; clk          ; clk         ; 1.000        ; -0.080     ; 3.277      ;
; -2.350 ; clk_counter[4]  ; clk_counter[19] ; clk          ; clk         ; 1.000        ; -0.080     ; 3.271      ;
; -2.346 ; clk_counter[13] ; clk_counter[12] ; clk          ; clk         ; 1.000        ; -0.081     ; 3.266      ;
; -2.346 ; clk_counter[13] ; clk_counter[10] ; clk          ; clk         ; 1.000        ; -0.081     ; 3.266      ;
; -2.346 ; clk_counter[13] ; clk_counter[13] ; clk          ; clk         ; 1.000        ; -0.081     ; 3.266      ;
; -2.345 ; clk_counter[1]  ; clk_counter[12] ; clk          ; clk         ; 1.000        ; -0.080     ; 3.266      ;
; -2.324 ; clk_counter[11] ; clk_counter[18] ; clk          ; clk         ; 1.000        ; -0.081     ; 3.244      ;
; -2.323 ; clk_counter[11] ; clk_counter[19] ; clk          ; clk         ; 1.000        ; -0.081     ; 3.243      ;
; -2.321 ; clk_counter[5]  ; clk_counter[18] ; clk          ; clk         ; 1.000        ; -0.080     ; 3.242      ;
; -2.286 ; clk_counter[3]  ; clk_counter[10] ; clk          ; clk         ; 1.000        ; -0.080     ; 3.207      ;
; -2.271 ; clk_counter[5]  ; clk_counter[19] ; clk          ; clk         ; 1.000        ; -0.080     ; 3.192      ;
; -2.269 ; clk_counter[4]  ; clk_counter[13] ; clk          ; clk         ; 1.000        ; -0.080     ; 3.190      ;
; -2.254 ; clk_counter[0]  ; clk_counter[12] ; clk          ; clk         ; 1.000        ; -0.080     ; 3.175      ;
; -2.244 ; clk_counter[4]  ; clk_counter[18] ; clk          ; clk         ; 1.000        ; -0.080     ; 3.165      ;
; -2.224 ; clk_counter[5]  ; clk_counter[13] ; clk          ; clk         ; 1.000        ; -0.080     ; 3.145      ;
; -2.204 ; clk_counter[6]  ; clk_counter[19] ; clk          ; clk         ; 1.000        ; -0.080     ; 3.125      ;
; -2.191 ; clk_counter[2]  ; clk_counter[10] ; clk          ; clk         ; 1.000        ; -0.080     ; 3.112      ;
; -2.184 ; clk_counter[3]  ; clk_counter[12] ; clk          ; clk         ; 1.000        ; -0.080     ; 3.105      ;
; -2.172 ; clk_counter[7]  ; clk_counter[18] ; clk          ; clk         ; 1.000        ; -0.080     ; 3.093      ;
; -2.155 ; clk_counter[12] ; clk_counter[12] ; clk          ; clk         ; 1.000        ; -0.081     ; 3.075      ;
; -2.155 ; clk_counter[12] ; clk_counter[10] ; clk          ; clk         ; 1.000        ; -0.081     ; 3.075      ;
; -2.155 ; clk_counter[12] ; clk_counter[13] ; clk          ; clk         ; 1.000        ; -0.081     ; 3.075      ;
; -2.139 ; clk_counter[9]  ; clk_counter[18] ; clk          ; clk         ; 1.000        ; -0.080     ; 3.060      ;
; -2.138 ; clk_counter[9]  ; clk_counter[19] ; clk          ; clk         ; 1.000        ; -0.080     ; 3.059      ;
; -2.138 ; clk_counter[5]  ; clk_counter[10] ; clk          ; clk         ; 1.000        ; -0.080     ; 3.059      ;
; -2.138 ; clk_counter[7]  ; clk_counter[19] ; clk          ; clk         ; 1.000        ; -0.080     ; 3.059      ;
; -2.129 ; clk_counter[15] ; clk_counter[8]  ; clk          ; clk         ; 1.000        ; -0.081     ; 3.049      ;
; -2.127 ; clk_counter[10] ; clk_counter[12] ; clk          ; clk         ; 1.000        ; -0.081     ; 3.047      ;
; -2.127 ; clk_counter[10] ; clk_counter[10] ; clk          ; clk         ; 1.000        ; -0.081     ; 3.047      ;
; -2.127 ; clk_counter[10] ; clk_counter[13] ; clk          ; clk         ; 1.000        ; -0.081     ; 3.047      ;
; -2.125 ; clk_counter[8]  ; clk_counter[18] ; clk          ; clk         ; 1.000        ; -0.080     ; 3.046      ;
; -2.124 ; clk_counter[8]  ; clk_counter[19] ; clk          ; clk         ; 1.000        ; -0.080     ; 3.045      ;
; -2.123 ; clk_counter[6]  ; clk_counter[13] ; clk          ; clk         ; 1.000        ; -0.080     ; 3.044      ;
; -2.111 ; clk_counter[14] ; clk_counter[8]  ; clk          ; clk         ; 1.000        ; -0.081     ; 3.031      ;
; -2.097 ; clk_counter[0]  ; clk_counter[17] ; clk          ; clk         ; 1.000        ; -0.080     ; 3.018      ;
; -2.089 ; clk_counter[2]  ; clk_counter[12] ; clk          ; clk         ; 1.000        ; -0.080     ; 3.010      ;
; -2.076 ; clk_counter[6]  ; clk_counter[18] ; clk          ; clk         ; 1.000        ; -0.080     ; 2.997      ;
; -2.075 ; clk_counter[7]  ; clk_counter[13] ; clk          ; clk         ; 1.000        ; -0.080     ; 2.996      ;
; -2.069 ; clk_counter[1]  ; clk_counter[16] ; clk          ; clk         ; 1.000        ; -0.080     ; 2.990      ;
; -2.044 ; clk_counter[4]  ; clk_counter[10] ; clk          ; clk         ; 1.000        ; -0.080     ; 2.965      ;
; -2.040 ; clk_counter[13] ; clk_counter[8]  ; clk          ; clk         ; 1.000        ; -0.081     ; 2.960      ;
; -2.039 ; clk_counter[1]  ; clk_counter[17] ; clk          ; clk         ; 1.000        ; -0.080     ; 2.960      ;
; -2.036 ; clk_counter[5]  ; clk_counter[12] ; clk          ; clk         ; 1.000        ; -0.080     ; 2.957      ;
; -1.989 ; clk_counter[7]  ; clk_counter[10] ; clk          ; clk         ; 1.000        ; -0.080     ; 2.910      ;
; -1.980 ; clk_counter[8]  ; clk_counter[13] ; clk          ; clk         ; 1.000        ; -0.080     ; 2.901      ;
; -1.978 ; clk_counter[0]  ; clk_counter[16] ; clk          ; clk         ; 1.000        ; -0.080     ; 2.899      ;
; -1.971 ; clk_counter[11] ; clk_counter[12] ; clk          ; clk         ; 1.000        ; -0.081     ; 2.891      ;
; -1.971 ; clk_counter[11] ; clk_counter[10] ; clk          ; clk         ; 1.000        ; -0.081     ; 2.891      ;
; -1.971 ; clk_counter[11] ; clk_counter[13] ; clk          ; clk         ; 1.000        ; -0.081     ; 2.891      ;
; -1.964 ; clk_counter[4]  ; clk_counter[12] ; clk          ; clk         ; 1.000        ; -0.080     ; 2.885      ;
; -1.951 ; clk_counter[0]  ; clk_counter[15] ; clk          ; clk         ; 1.000        ; -0.080     ; 2.872      ;
+--------+-----------------+-----------------+--------------+-------------+--------------+------------+------------+


+------------------------------------------------------------------------------------------------------------------------------------------+
; Slow 1200mV 85C Model Setup: 'clk_16ms'                                                                                                  ;
+--------+-----------------------------+-----------------------------+--------------+-------------+--------------+------------+------------+
; Slack  ; From Node                   ; To Node                     ; Launch Clock ; Latch Clock ; Relationship ; Clock Skew ; Data Delay ;
+--------+-----------------------------+-----------------------------+--------------+-------------+--------------+------------+------------+
; -3.121 ; data_counter[3]             ; command_counter[0]          ; clk_16ms     ; clk_16ms    ; 1.000        ; -0.080     ; 4.042      ;
; -3.105 ; data_counter[1]             ; command_counter[0]          ; clk_16ms     ; clk_16ms    ; 1.000        ; -0.080     ; 4.026      ;
; -2.987 ; command_counter[0]          ; data_counter[4]             ; clk_16ms     ; clk_16ms    ; 1.000        ; -0.081     ; 3.907      ;
; -2.987 ; command_counter[0]          ; data_counter[3]             ; clk_16ms     ; clk_16ms    ; 1.000        ; -0.081     ; 3.907      ;
; -2.987 ; command_counter[0]          ; data_counter[2]             ; clk_16ms     ; clk_16ms    ; 1.000        ; -0.081     ; 3.907      ;
; -2.987 ; command_counter[0]          ; data_counter[1]             ; clk_16ms     ; clk_16ms    ; 1.000        ; -0.081     ; 3.907      ;
; -2.987 ; command_counter[0]          ; data_counter[0]             ; clk_16ms     ; clk_16ms    ; 1.000        ; -0.081     ; 3.907      ;
; -2.920 ; data_counter[2]             ; command_counter[0]          ; clk_16ms     ; clk_16ms    ; 1.000        ; -0.080     ; 3.841      ;
; -2.882 ; data_counter[3]             ; data[4]~reg0                ; clk_16ms     ; clk_16ms    ; 1.000        ; 0.356      ; 4.239      ;
; -2.867 ; data_counter[3]             ; data[3]~reg0                ; clk_16ms     ; clk_16ms    ; 1.000        ; 0.350      ; 4.218      ;
; -2.866 ; data_counter[1]             ; data[4]~reg0                ; clk_16ms     ; clk_16ms    ; 1.000        ; 0.356      ; 4.223      ;
; -2.851 ; data_counter[1]             ; data[3]~reg0                ; clk_16ms     ; clk_16ms    ; 1.000        ; 0.350      ; 4.202      ;
; -2.844 ; fsm_state.IDLE              ; data_counter[4]             ; clk_16ms     ; clk_16ms    ; 1.000        ; -0.081     ; 3.764      ;
; -2.844 ; fsm_state.IDLE              ; data_counter[3]             ; clk_16ms     ; clk_16ms    ; 1.000        ; -0.081     ; 3.764      ;
; -2.844 ; fsm_state.IDLE              ; data_counter[2]             ; clk_16ms     ; clk_16ms    ; 1.000        ; -0.081     ; 3.764      ;
; -2.844 ; fsm_state.IDLE              ; data_counter[1]             ; clk_16ms     ; clk_16ms    ; 1.000        ; -0.081     ; 3.764      ;
; -2.844 ; fsm_state.IDLE              ; data_counter[0]             ; clk_16ms     ; clk_16ms    ; 1.000        ; -0.081     ; 3.764      ;
; -2.840 ; data_counter[3]             ; data[1]~reg0                ; clk_16ms     ; clk_16ms    ; 1.000        ; 0.356      ; 4.197      ;
; -2.815 ; data_counter[1]             ; data[1]~reg0                ; clk_16ms     ; clk_16ms    ; 1.000        ; 0.356      ; 4.172      ;
; -2.808 ; data_counter[3]             ; command_counter[1]          ; clk_16ms     ; clk_16ms    ; 1.000        ; -0.080     ; 3.729      ;
; -2.792 ; data_counter[1]             ; command_counter[1]          ; clk_16ms     ; clk_16ms    ; 1.000        ; -0.080     ; 3.713      ;
; -2.762 ; data_counter[0]             ; command_counter[0]          ; clk_16ms     ; clk_16ms    ; 1.000        ; -0.080     ; 3.683      ;
; -2.727 ; data_counter[3]             ; data[5]~reg0                ; clk_16ms     ; clk_16ms    ; 1.000        ; 0.356      ; 4.084      ;
; -2.724 ; command_counter[2]          ; data_counter[4]             ; clk_16ms     ; clk_16ms    ; 1.000        ; -0.536     ; 3.189      ;
; -2.724 ; command_counter[2]          ; data_counter[3]             ; clk_16ms     ; clk_16ms    ; 1.000        ; -0.536     ; 3.189      ;
; -2.724 ; command_counter[2]          ; data_counter[2]             ; clk_16ms     ; clk_16ms    ; 1.000        ; -0.536     ; 3.189      ;
; -2.724 ; command_counter[2]          ; data_counter[1]             ; clk_16ms     ; clk_16ms    ; 1.000        ; -0.536     ; 3.189      ;
; -2.724 ; command_counter[2]          ; data_counter[0]             ; clk_16ms     ; clk_16ms    ; 1.000        ; -0.536     ; 3.189      ;
; -2.702 ; data_counter[1]             ; data[5]~reg0                ; clk_16ms     ; clk_16ms    ; 1.000        ; 0.356      ; 4.059      ;
; -2.681 ; data_counter[2]             ; data[4]~reg0                ; clk_16ms     ; clk_16ms    ; 1.000        ; 0.356      ; 4.038      ;
; -2.679 ; fsm_state.CONFIG_CMD1       ; data_counter[4]             ; clk_16ms     ; clk_16ms    ; 1.000        ; -0.081     ; 3.599      ;
; -2.679 ; fsm_state.CONFIG_CMD1       ; data_counter[3]             ; clk_16ms     ; clk_16ms    ; 1.000        ; -0.081     ; 3.599      ;
; -2.679 ; fsm_state.CONFIG_CMD1       ; data_counter[2]             ; clk_16ms     ; clk_16ms    ; 1.000        ; -0.081     ; 3.599      ;
; -2.679 ; fsm_state.CONFIG_CMD1       ; data_counter[1]             ; clk_16ms     ; clk_16ms    ; 1.000        ; -0.081     ; 3.599      ;
; -2.679 ; fsm_state.CONFIG_CMD1       ; data_counter[0]             ; clk_16ms     ; clk_16ms    ; 1.000        ; -0.081     ; 3.599      ;
; -2.677 ; data_counter[3]             ; data[0]~reg0                ; clk_16ms     ; clk_16ms    ; 1.000        ; 0.356      ; 4.034      ;
; -2.666 ; data_counter[2]             ; data[3]~reg0                ; clk_16ms     ; clk_16ms    ; 1.000        ; 0.350      ; 4.017      ;
; -2.652 ; data_counter[1]             ; data[0]~reg0                ; clk_16ms     ; clk_16ms    ; 1.000        ; 0.356      ; 4.009      ;
; -2.644 ; data_counter[4]             ; command_counter[0]          ; clk_16ms     ; clk_16ms    ; 1.000        ; -0.080     ; 3.565      ;
; -2.633 ; command_counter[0]          ; command_counter[0]          ; clk_16ms     ; clk_16ms    ; 1.000        ; -0.080     ; 3.554      ;
; -2.615 ; data_counter[3]             ; rs~reg0                     ; clk_16ms     ; clk_16ms    ; 1.000        ; -0.081     ; 3.535      ;
; -2.613 ; data_counter[2]             ; data[1]~reg0                ; clk_16ms     ; clk_16ms    ; 1.000        ; 0.356      ; 3.970      ;
; -2.608 ; data_counter[3]             ; data[2]~reg0                ; clk_16ms     ; clk_16ms    ; 1.000        ; -0.081     ; 3.528      ;
; -2.607 ; data_counter[2]             ; command_counter[1]          ; clk_16ms     ; clk_16ms    ; 1.000        ; -0.080     ; 3.528      ;
; -2.603 ; command_counter[0]          ; data[4]~reg0                ; clk_16ms     ; clk_16ms    ; 1.000        ; 0.356      ; 3.960      ;
; -2.591 ; command_counter[1]          ; command_counter[0]          ; clk_16ms     ; clk_16ms    ; 1.000        ; -0.080     ; 3.512      ;
; -2.590 ; data_counter[1]             ; rs~reg0                     ; clk_16ms     ; clk_16ms    ; 1.000        ; -0.081     ; 3.510      ;
; -2.590 ; data_counter[1]             ; data[2]~reg0                ; clk_16ms     ; clk_16ms    ; 1.000        ; -0.081     ; 3.510      ;
; -2.588 ; command_counter[0]          ; data[3]~reg0                ; clk_16ms     ; clk_16ms    ; 1.000        ; 0.350      ; 3.939      ;
; -2.523 ; data_counter[0]             ; data[4]~reg0                ; clk_16ms     ; clk_16ms    ; 1.000        ; 0.356      ; 3.880      ;
; -2.513 ; command_counter[0]          ; command_counter[1]          ; clk_16ms     ; clk_16ms    ; 1.000        ; -0.080     ; 3.434      ;
; -2.508 ; data_counter[0]             ; data[3]~reg0                ; clk_16ms     ; clk_16ms    ; 1.000        ; 0.350      ; 3.859      ;
; -2.502 ; data_counter[4]             ; data[4]~reg0                ; clk_16ms     ; clk_16ms    ; 1.000        ; 0.356      ; 3.859      ;
; -2.500 ; data_counter[2]             ; data[5]~reg0                ; clk_16ms     ; clk_16ms    ; 1.000        ; 0.356      ; 3.857      ;
; -2.487 ; data_counter[4]             ; data[3]~reg0                ; clk_16ms     ; clk_16ms    ; 1.000        ; 0.350      ; 3.838      ;
; -2.479 ; command_counter[0]          ; data[2]~reg0                ; clk_16ms     ; clk_16ms    ; 1.000        ; -0.081     ; 3.399      ;
; -2.470 ; data_counter[4]             ; data[1]~reg0                ; clk_16ms     ; clk_16ms    ; 1.000        ; 0.356      ; 3.827      ;
; -2.459 ; command_counter[0]          ; data[1]~reg0                ; clk_16ms     ; clk_16ms    ; 1.000        ; 0.356      ; 3.816      ;
; -2.458 ; data_counter[3]             ; data[6]~reg0                ; clk_16ms     ; clk_16ms    ; 1.000        ; 0.356      ; 3.815      ;
; -2.458 ; data_counter[0]             ; data[2]~reg0                ; clk_16ms     ; clk_16ms    ; 1.000        ; -0.081     ; 3.378      ;
; -2.450 ; data_counter[2]             ; data[0]~reg0                ; clk_16ms     ; clk_16ms    ; 1.000        ; 0.356      ; 3.807      ;
; -2.449 ; data_counter[0]             ; command_counter[1]          ; clk_16ms     ; clk_16ms    ; 1.000        ; -0.080     ; 3.370      ;
; -2.449 ; command_counter[1]          ; data[4]~reg0                ; clk_16ms     ; clk_16ms    ; 1.000        ; 0.356      ; 3.806      ;
; -2.443 ; data_counter[0]             ; data[1]~reg0                ; clk_16ms     ; clk_16ms    ; 1.000        ; 0.356      ; 3.800      ;
; -2.442 ; data_counter[1]             ; data[6]~reg0                ; clk_16ms     ; clk_16ms    ; 1.000        ; 0.356      ; 3.799      ;
; -2.435 ; data_counter[3]             ; fsm_state.WR_STATIC_TEXT_1L ; clk_16ms     ; clk_16ms    ; 1.000        ; -0.081     ; 3.355      ;
; -2.434 ; command_counter[1]          ; data[3]~reg0                ; clk_16ms     ; clk_16ms    ; 1.000        ; 0.350      ; 3.785      ;
; -2.417 ; command_counter[1]          ; data[1]~reg0                ; clk_16ms     ; clk_16ms    ; 1.000        ; 0.356      ; 3.774      ;
; -2.410 ; data_counter[1]             ; fsm_state.WR_STATIC_TEXT_1L ; clk_16ms     ; clk_16ms    ; 1.000        ; -0.081     ; 3.330      ;
; -2.405 ; data_counter[2]             ; data[2]~reg0                ; clk_16ms     ; clk_16ms    ; 1.000        ; -0.081     ; 3.325      ;
; -2.400 ; data_counter[4]             ; data[2]~reg0                ; clk_16ms     ; clk_16ms    ; 1.000        ; -0.081     ; 3.320      ;
; -2.389 ; data_counter[2]             ; rs~reg0                     ; clk_16ms     ; clk_16ms    ; 1.000        ; -0.081     ; 3.309      ;
; -2.379 ; command_counter[2]          ; command_counter[0]          ; clk_16ms     ; clk_16ms    ; 1.000        ; -0.535     ; 2.845      ;
; -2.374 ; data_counter[0]             ; data[0]~reg0                ; clk_16ms     ; clk_16ms    ; 1.000        ; 0.356      ; 3.731      ;
; -2.373 ; data_counter[3]             ; command_counter[2]          ; clk_16ms     ; clk_16ms    ; 1.000        ; 0.356      ; 3.730      ;
; -2.366 ; command_counter[0]          ; data[0]~reg0                ; clk_16ms     ; clk_16ms    ; 1.000        ; 0.356      ; 3.723      ;
; -2.357 ; data_counter[4]             ; data[5]~reg0                ; clk_16ms     ; clk_16ms    ; 1.000        ; 0.356      ; 3.714      ;
; -2.357 ; data_counter[1]             ; command_counter[2]          ; clk_16ms     ; clk_16ms    ; 1.000        ; 0.356      ; 3.714      ;
; -2.346 ; command_counter[0]          ; data[5]~reg0                ; clk_16ms     ; clk_16ms    ; 1.000        ; 0.356      ; 3.703      ;
; -2.337 ; fsm_state.WR_STATIC_TEXT_1L ; command_counter[0]          ; clk_16ms     ; clk_16ms    ; 1.000        ; -0.080     ; 3.258      ;
; -2.337 ; fsm_state.IDLE              ; data[4]~reg0                ; clk_16ms     ; clk_16ms    ; 1.000        ; 0.356      ; 3.694      ;
; -2.331 ; data_counter[4]             ; command_counter[1]          ; clk_16ms     ; clk_16ms    ; 1.000        ; -0.080     ; 3.252      ;
; -2.330 ; data_counter[0]             ; data[5]~reg0                ; clk_16ms     ; clk_16ms    ; 1.000        ; 0.356      ; 3.687      ;
; -2.322 ; fsm_state.IDLE              ; data[3]~reg0                ; clk_16ms     ; clk_16ms    ; 1.000        ; 0.350      ; 3.673      ;
; -2.307 ; data_counter[4]             ; data[0]~reg0                ; clk_16ms     ; clk_16ms    ; 1.000        ; 0.356      ; 3.664      ;
; -2.304 ; command_counter[1]          ; data[5]~reg0                ; clk_16ms     ; clk_16ms    ; 1.000        ; 0.356      ; 3.661      ;
; -2.295 ; command_counter[2]          ; data[4]~reg0                ; clk_16ms     ; clk_16ms    ; 1.000        ; -0.099     ; 3.197      ;
; -2.288 ; fsm_state.CONFIG_CMD1       ; data[4]~reg0                ; clk_16ms     ; clk_16ms    ; 1.000        ; 0.356      ; 3.645      ;
; -2.283 ; fsm_state.IDLE              ; command_counter[1]          ; clk_16ms     ; clk_16ms    ; 1.000        ; -0.080     ; 3.204      ;
; -2.280 ; command_counter[2]          ; data[3]~reg0                ; clk_16ms     ; clk_16ms    ; 1.000        ; -0.105     ; 3.176      ;
; -2.278 ; command_counter[1]          ; command_counter[1]          ; clk_16ms     ; clk_16ms    ; 1.000        ; -0.080     ; 3.199      ;
; -2.273 ; fsm_state.CONFIG_CMD1       ; data[3]~reg0                ; clk_16ms     ; clk_16ms    ; 1.000        ; 0.350      ; 3.624      ;
; -2.267 ; fsm_state.WR_STATIC_TEXT_1L ; data[4]~reg0                ; clk_16ms     ; clk_16ms    ; 1.000        ; 0.356      ; 3.624      ;
; -2.257 ; data_counter[2]             ; data[6]~reg0                ; clk_16ms     ; clk_16ms    ; 1.000        ; 0.356      ; 3.614      ;
; -2.254 ; command_counter[1]          ; data[0]~reg0                ; clk_16ms     ; clk_16ms    ; 1.000        ; 0.356      ; 3.611      ;
; -2.252 ; fsm_state.WR_STATIC_TEXT_1L ; data[3]~reg0                ; clk_16ms     ; clk_16ms    ; 1.000        ; 0.350      ; 3.603      ;
; -2.251 ; fsm_state.IDLE              ; data[2]~reg0                ; clk_16ms     ; clk_16ms    ; 1.000        ; -0.081     ; 3.171      ;
; -2.245 ; data_counter[4]             ; rs~reg0                     ; clk_16ms     ; clk_16ms    ; 1.000        ; -0.081     ; 3.165      ;
; -2.234 ; command_counter[0]          ; rs~reg0                     ; clk_16ms     ; clk_16ms    ; 1.000        ; -0.081     ; 3.154      ;
; -2.231 ; data_counter[0]             ; rs~reg0                     ; clk_16ms     ; clk_16ms    ; 1.000        ; -0.081     ; 3.151      ;
+--------+-----------------------------+-----------------------------+--------------+-------------+--------------+------------+------------+


+-----------------------------------------------------------------------------------------------------------------------------------------+
; Slow 1200mV 85C Model Hold: 'clk_16ms'                                                                                                  ;
+-------+-----------------------------+-----------------------------+--------------+-------------+--------------+------------+------------+
; Slack ; From Node                   ; To Node                     ; Launch Clock ; Latch Clock ; Relationship ; Clock Skew ; Data Delay ;
+-------+-----------------------------+-----------------------------+--------------+-------------+--------------+------------+------------+
; 0.435 ; command_counter[2]          ; command_counter[2]          ; clk_16ms     ; clk_16ms    ; 0.000        ; 0.099      ; 0.746      ;
; 0.453 ; rs~reg0                     ; rs~reg0                     ; clk_16ms     ; clk_16ms    ; 0.000        ; 0.081      ; 0.746      ;
; 0.454 ; command_counter[1]          ; command_counter[1]          ; clk_16ms     ; clk_16ms    ; 0.000        ; 0.080      ; 0.746      ;
; 0.454 ; command_counter[0]          ; command_counter[0]          ; clk_16ms     ; clk_16ms    ; 0.000        ; 0.080      ; 0.746      ;
; 0.573 ; data_counter[4]             ; data_counter[4]             ; clk_16ms     ; clk_16ms    ; 0.000        ; 0.081      ; 0.866      ;
; 0.667 ; fsm_state.WR_STATIC_TEXT_1L ; fsm_state.CONFIG_CMD2       ; clk_16ms     ; clk_16ms    ; 0.000        ; 0.081      ; 0.960      ;
; 0.819 ; command_counter[1]          ; data[1]~reg0                ; clk_16ms     ; clk_16ms    ; 0.000        ; 0.535      ; 1.566      ;
; 0.832 ; data_counter[4]             ; fsm_state.CONFIG_CMD2       ; clk_16ms     ; clk_16ms    ; 0.000        ; 0.081      ; 1.125      ;
; 0.836 ; data_counter[4]             ; data[1]~reg0                ; clk_16ms     ; clk_16ms    ; 0.000        ; 0.536      ; 1.584      ;
; 0.859 ; data_counter[4]             ; data[0]~reg0                ; clk_16ms     ; clk_16ms    ; 0.000        ; 0.536      ; 1.607      ;
; 0.873 ; data_counter[2]             ; data[0]~reg0                ; clk_16ms     ; clk_16ms    ; 0.000        ; 0.536      ; 1.621      ;
; 0.943 ; data_counter[1]             ; data[1]~reg0                ; clk_16ms     ; clk_16ms    ; 0.000        ; 0.536      ; 1.691      ;
; 0.980 ; fsm_state.CONFIG_CMD1       ; command_counter[0]          ; clk_16ms     ; clk_16ms    ; 0.000        ; 0.080      ; 1.272      ;
; 0.981 ; fsm_state.CONFIG_CMD1       ; fsm_state.CONFIG_CMD1       ; clk_16ms     ; clk_16ms    ; 0.000        ; 0.080      ; 1.273      ;
; 0.985 ; data_counter[1]             ; data_counter[1]             ; clk_16ms     ; clk_16ms    ; 0.000        ; 0.081      ; 1.278      ;
; 1.001 ; data_counter[2]             ; data_counter[2]             ; clk_16ms     ; clk_16ms    ; 0.000        ; 0.081      ; 1.294      ;
; 1.004 ; data_counter[3]             ; data_counter[3]             ; clk_16ms     ; clk_16ms    ; 0.000        ; 0.081      ; 1.297      ;
; 1.007 ; command_counter[0]          ; command_counter[1]          ; clk_16ms     ; clk_16ms    ; 0.000        ; 0.080      ; 1.299      ;
; 1.018 ; data_counter[0]             ; data_counter[0]             ; clk_16ms     ; clk_16ms    ; 0.000        ; 0.081      ; 1.311      ;
; 1.024 ; command_counter[0]          ; data[1]~reg0                ; clk_16ms     ; clk_16ms    ; 0.000        ; 0.535      ; 1.771      ;
; 1.029 ; data_counter[1]             ; data[3]~reg0                ; clk_16ms     ; clk_16ms    ; 0.000        ; 0.530      ; 1.771      ;
; 1.066 ; data_counter[3]             ; data[0]~reg0                ; clk_16ms     ; clk_16ms    ; 0.000        ; 0.536      ; 1.814      ;
; 1.109 ; data_counter[3]             ; data[1]~reg0                ; clk_16ms     ; clk_16ms    ; 0.000        ; 0.536      ; 1.857      ;
; 1.122 ; command_counter[1]          ; command_counter[0]          ; clk_16ms     ; clk_16ms    ; 0.000        ; 0.080      ; 1.414      ;
; 1.123 ; command_counter[1]          ; fsm_state.CONFIG_CMD1       ; clk_16ms     ; clk_16ms    ; 0.000        ; 0.080      ; 1.415      ;
; 1.157 ; data_counter[2]             ; data[2]~reg0                ; clk_16ms     ; clk_16ms    ; 0.000        ; 0.081      ; 1.450      ;
; 1.189 ; command_counter[1]          ; command_counter[2]          ; clk_16ms     ; clk_16ms    ; 0.000        ; 0.535      ; 1.936      ;
; 1.191 ; data_counter[1]             ; data[4]~reg0                ; clk_16ms     ; clk_16ms    ; 0.000        ; 0.536      ; 1.939      ;
; 1.194 ; data_counter[4]             ; data[3]~reg0                ; clk_16ms     ; clk_16ms    ; 0.000        ; 0.530      ; 1.936      ;
; 1.198 ; data_counter[1]             ; data[0]~reg0                ; clk_16ms     ; clk_16ms    ; 0.000        ; 0.536      ; 1.946      ;
; 1.217 ; data_counter[2]             ; data[1]~reg0                ; clk_16ms     ; clk_16ms    ; 0.000        ; 0.536      ; 1.965      ;
; 1.218 ; data_counter[3]             ; data[3]~reg0                ; clk_16ms     ; clk_16ms    ; 0.000        ; 0.530      ; 1.960      ;
; 1.249 ; fsm_state.IDLE              ; fsm_state.IDLE              ; clk_16ms     ; clk_16ms    ; 0.000        ; 0.080      ; 1.541      ;
; 1.262 ; fsm_state.WR_STATIC_TEXT_2L ; fsm_state.IDLE              ; clk_16ms     ; clk_16ms    ; 0.000        ; 0.081      ; 1.555      ;
; 1.266 ; data_counter[2]             ; data[6]~reg0                ; clk_16ms     ; clk_16ms    ; 0.000        ; 0.536      ; 2.014      ;
; 1.278 ; data_counter[2]             ; data[3]~reg0                ; clk_16ms     ; clk_16ms    ; 0.000        ; 0.530      ; 2.020      ;
; 1.282 ; fsm_state.CONFIG_CMD2       ; rs~reg0                     ; clk_16ms     ; clk_16ms    ; 0.000        ; 0.081      ; 1.575      ;
; 1.305 ; command_counter[1]          ; data[4]~reg0                ; clk_16ms     ; clk_16ms    ; 0.000        ; 0.535      ; 2.052      ;
; 1.320 ; data_counter[2]             ; data[5]~reg0                ; clk_16ms     ; clk_16ms    ; 0.000        ; 0.536      ; 2.068      ;
; 1.324 ; data_counter[0]             ; fsm_state.CONFIG_CMD2       ; clk_16ms     ; clk_16ms    ; 0.000        ; 0.081      ; 1.617      ;
; 1.327 ; data_counter[0]             ; data_counter[1]             ; clk_16ms     ; clk_16ms    ; 0.000        ; 0.081      ; 1.620      ;
; 1.336 ; command_counter[0]          ; data[3]~reg0                ; clk_16ms     ; clk_16ms    ; 0.000        ; 0.529      ; 2.077      ;
; 1.339 ; data_counter[1]             ; data_counter[2]             ; clk_16ms     ; clk_16ms    ; 0.000        ; 0.081      ; 1.632      ;
; 1.341 ; data_counter[2]             ; data_counter[3]             ; clk_16ms     ; clk_16ms    ; 0.000        ; 0.081      ; 1.634      ;
; 1.341 ; data_counter[4]             ; fsm_state.IDLE              ; clk_16ms     ; clk_16ms    ; 0.000        ; 0.081      ; 1.634      ;
; 1.345 ; fsm_state.CONFIG_CMD2       ; data[3]~reg0                ; clk_16ms     ; clk_16ms    ; 0.000        ; 0.530      ; 2.087      ;
; 1.359 ; data_counter[3]             ; data_counter[4]             ; clk_16ms     ; clk_16ms    ; 0.000        ; 0.081      ; 1.652      ;
; 1.365 ; data_counter[0]             ; data_counter[2]             ; clk_16ms     ; clk_16ms    ; 0.000        ; 0.081      ; 1.658      ;
; 1.371 ; data_counter[2]             ; data_counter[4]             ; clk_16ms     ; clk_16ms    ; 0.000        ; 0.081      ; 1.664      ;
; 1.379 ; fsm_state.CONFIG_CMD1       ; command_counter[2]          ; clk_16ms     ; clk_16ms    ; 0.000        ; 0.535      ; 2.126      ;
; 1.384 ; command_counter[0]          ; data[4]~reg0                ; clk_16ms     ; clk_16ms    ; 0.000        ; 0.535      ; 2.131      ;
; 1.407 ; command_counter[1]          ; data[0]~reg0                ; clk_16ms     ; clk_16ms    ; 0.000        ; 0.535      ; 2.154      ;
; 1.423 ; fsm_state.WR_STATIC_TEXT_2L ; rs~reg0                     ; clk_16ms     ; clk_16ms    ; 0.000        ; 0.081      ; 1.716      ;
; 1.441 ; data_counter[1]             ; data_counter[3]             ; clk_16ms     ; clk_16ms    ; 0.000        ; 0.081      ; 1.734      ;
; 1.446 ; data_counter[0]             ; fsm_state.IDLE              ; clk_16ms     ; clk_16ms    ; 0.000        ; 0.081      ; 1.739      ;
; 1.448 ; command_counter[0]          ; data[0]~reg0                ; clk_16ms     ; clk_16ms    ; 0.000        ; 0.535      ; 2.195      ;
; 1.456 ; fsm_state.CONFIG_CMD1       ; data[4]~reg0                ; clk_16ms     ; clk_16ms    ; 0.000        ; 0.535      ; 2.203      ;
; 1.465 ; data_counter[0]             ; data[0]~reg0                ; clk_16ms     ; clk_16ms    ; 0.000        ; 0.536      ; 2.213      ;
; 1.467 ; data_counter[0]             ; data_counter[3]             ; clk_16ms     ; clk_16ms    ; 0.000        ; 0.081      ; 1.760      ;
; 1.479 ; data_counter[1]             ; data_counter[4]             ; clk_16ms     ; clk_16ms    ; 0.000        ; 0.081      ; 1.772      ;
; 1.487 ; command_counter[0]          ; command_counter[2]          ; clk_16ms     ; clk_16ms    ; 0.000        ; 0.535      ; 2.234      ;
; 1.487 ; data_counter[2]             ; fsm_state.CONFIG_CMD2       ; clk_16ms     ; clk_16ms    ; 0.000        ; 0.081      ; 1.780      ;
; 1.494 ; fsm_state.WR_STATIC_TEXT_2L ; data[3]~reg0                ; clk_16ms     ; clk_16ms    ; 0.000        ; 0.530      ; 2.236      ;
; 1.501 ; fsm_state.WR_STATIC_TEXT_1L ; data[7]~reg0                ; clk_16ms     ; clk_16ms    ; 0.000        ; 0.081      ; 1.794      ;
; 1.505 ; data_counter[0]             ; data_counter[4]             ; clk_16ms     ; clk_16ms    ; 0.000        ; 0.081      ; 1.798      ;
; 1.506 ; fsm_state.CONFIG_CMD2       ; data[6]~reg0                ; clk_16ms     ; clk_16ms    ; 0.000        ; 0.536      ; 2.254      ;
; 1.513 ; fsm_state.CONFIG_CMD2       ; data[5]~reg0                ; clk_16ms     ; clk_16ms    ; 0.000        ; 0.536      ; 2.261      ;
; 1.515 ; fsm_state.CONFIG_CMD1       ; data[5]~reg0                ; clk_16ms     ; clk_16ms    ; 0.000        ; 0.535      ; 2.262      ;
; 1.519 ; fsm_state.CONFIG_CMD2       ; fsm_state.WR_STATIC_TEXT_2L ; clk_16ms     ; clk_16ms    ; 0.000        ; 0.081      ; 1.812      ;
; 1.528 ; data_counter[0]             ; data[1]~reg0                ; clk_16ms     ; clk_16ms    ; 0.000        ; 0.536      ; 2.276      ;
; 1.528 ; data_counter[3]             ; data[6]~reg0                ; clk_16ms     ; clk_16ms    ; 0.000        ; 0.536      ; 2.276      ;
; 1.530 ; data_counter[3]             ; data[2]~reg0                ; clk_16ms     ; clk_16ms    ; 0.000        ; 0.081      ; 1.823      ;
; 1.537 ; data_counter[4]             ; data[6]~reg0                ; clk_16ms     ; clk_16ms    ; 0.000        ; 0.536      ; 2.285      ;
; 1.553 ; fsm_state.CONFIG_CMD1       ; data[6]~reg0                ; clk_16ms     ; clk_16ms    ; 0.000        ; 0.535      ; 2.300      ;
; 1.563 ; data_counter[4]             ; data[5]~reg0                ; clk_16ms     ; clk_16ms    ; 0.000        ; 0.536      ; 2.311      ;
; 1.569 ; data_counter[0]             ; data[3]~reg0                ; clk_16ms     ; clk_16ms    ; 0.000        ; 0.530      ; 2.311      ;
; 1.577 ; fsm_state.CONFIG_CMD2       ; data[0]~reg0                ; clk_16ms     ; clk_16ms    ; 0.000        ; 0.536      ; 2.325      ;
; 1.577 ; fsm_state.CONFIG_CMD2       ; data[1]~reg0                ; clk_16ms     ; clk_16ms    ; 0.000        ; 0.536      ; 2.325      ;
; 1.579 ; data_counter[1]             ; data[6]~reg0                ; clk_16ms     ; clk_16ms    ; 0.000        ; 0.536      ; 2.327      ;
; 1.585 ; data_counter[0]             ; rs~reg0                     ; clk_16ms     ; clk_16ms    ; 0.000        ; 0.081      ; 1.878      ;
; 1.588 ; data_counter[3]             ; data[5]~reg0                ; clk_16ms     ; clk_16ms    ; 0.000        ; 0.536      ; 2.336      ;
; 1.609 ; data_counter[2]             ; fsm_state.IDLE              ; clk_16ms     ; clk_16ms    ; 0.000        ; 0.081      ; 1.902      ;
; 1.612 ; data_counter[1]             ; data[5]~reg0                ; clk_16ms     ; clk_16ms    ; 0.000        ; 0.536      ; 2.360      ;
; 1.615 ; data_counter[4]             ; rs~reg0                     ; clk_16ms     ; clk_16ms    ; 0.000        ; 0.081      ; 1.908      ;
; 1.631 ; fsm_state.WR_STATIC_TEXT_2L ; data[6]~reg0                ; clk_16ms     ; clk_16ms    ; 0.000        ; 0.536      ; 2.379      ;
; 1.638 ; fsm_state.WR_STATIC_TEXT_2L ; data[5]~reg0                ; clk_16ms     ; clk_16ms    ; 0.000        ; 0.536      ; 2.386      ;
; 1.640 ; data_counter[4]             ; data_counter[3]             ; clk_16ms     ; clk_16ms    ; 0.000        ; 0.081      ; 1.933      ;
; 1.640 ; data_counter[4]             ; data_counter[2]             ; clk_16ms     ; clk_16ms    ; 0.000        ; 0.081      ; 1.933      ;
; 1.640 ; data_counter[4]             ; data_counter[1]             ; clk_16ms     ; clk_16ms    ; 0.000        ; 0.081      ; 1.933      ;
; 1.640 ; data_counter[4]             ; data_counter[0]             ; clk_16ms     ; clk_16ms    ; 0.000        ; 0.081      ; 1.933      ;
; 1.649 ; fsm_state.CONFIG_CMD2       ; command_counter[2]          ; clk_16ms     ; clk_16ms    ; 0.000        ; 0.536      ; 2.397      ;
; 1.650 ; fsm_state.CONFIG_CMD2       ; data[4]~reg0                ; clk_16ms     ; clk_16ms    ; 0.000        ; 0.536      ; 2.398      ;
; 1.657 ; command_counter[1]          ; data[5]~reg0                ; clk_16ms     ; clk_16ms    ; 0.000        ; 0.535      ; 2.404      ;
; 1.665 ; command_counter[2]          ; command_counter[0]          ; clk_16ms     ; clk_16ms    ; 0.000        ; -0.356     ; 1.521      ;
; 1.666 ; command_counter[2]          ; fsm_state.CONFIG_CMD1       ; clk_16ms     ; clk_16ms    ; 0.000        ; -0.356     ; 1.522      ;
; 1.668 ; fsm_state.WR_STATIC_TEXT_2L ; fsm_state.WR_STATIC_TEXT_2L ; clk_16ms     ; clk_16ms    ; 0.000        ; 0.081      ; 1.961      ;
; 1.677 ; data_counter[4]             ; data[7]~reg0                ; clk_16ms     ; clk_16ms    ; 0.000        ; 0.081      ; 1.970      ;
; 1.681 ; data_counter[1]             ; fsm_state.CONFIG_CMD2       ; clk_16ms     ; clk_16ms    ; 0.000        ; 0.081      ; 1.974      ;
; 1.704 ; data_counter[3]             ; fsm_state.CONFIG_CMD2       ; clk_16ms     ; clk_16ms    ; 0.000        ; 0.081      ; 1.997      ;
; 1.715 ; data_counter[2]             ; data[4]~reg0                ; clk_16ms     ; clk_16ms    ; 0.000        ; 0.536      ; 2.463      ;
+-------+-----------------------------+-----------------------------+--------------+-------------+--------------+------------+------------+


+-----------------------------------------------------------------------------------------------------------------+
; Slow 1200mV 85C Model Hold: 'clk'                                                                               ;
+-------+-----------------+-----------------+--------------+-------------+--------------+------------+------------+
; Slack ; From Node       ; To Node         ; Launch Clock ; Latch Clock ; Relationship ; Clock Skew ; Data Delay ;
+-------+-----------------+-----------------+--------------+-------------+--------------+------------+------------+
; 0.743 ; clk_counter[9]  ; clk_counter[9]  ; clk          ; clk         ; 0.000        ; 0.080      ; 1.035      ;
; 0.743 ; clk_counter[7]  ; clk_counter[7]  ; clk          ; clk         ; 0.000        ; 0.080      ; 1.035      ;
; 0.744 ; clk_counter[5]  ; clk_counter[5]  ; clk          ; clk         ; 0.000        ; 0.080      ; 1.036      ;
; 0.746 ; clk_counter[17] ; clk_counter[17] ; clk          ; clk         ; 0.000        ; 0.081      ; 1.039      ;
; 0.747 ; clk_counter[16] ; clk_counter[16] ; clk          ; clk         ; 0.000        ; 0.081      ; 1.040      ;
; 0.747 ; clk_counter[6]  ; clk_counter[6]  ; clk          ; clk         ; 0.000        ; 0.080      ; 1.039      ;
; 0.747 ; clk_counter[3]  ; clk_counter[3]  ; clk          ; clk         ; 0.000        ; 0.080      ; 1.039      ;
; 0.748 ; clk_counter[4]  ; clk_counter[4]  ; clk          ; clk         ; 0.000        ; 0.080      ; 1.040      ;
; 0.748 ; clk_counter[2]  ; clk_counter[2]  ; clk          ; clk         ; 0.000        ; 0.080      ; 1.040      ;
; 0.762 ; clk_counter[15] ; clk_counter[15] ; clk          ; clk         ; 0.000        ; 0.081      ; 1.055      ;
; 0.762 ; clk_counter[11] ; clk_counter[11] ; clk          ; clk         ; 0.000        ; 0.081      ; 1.055      ;
; 0.764 ; clk_counter[1]  ; clk_counter[1]  ; clk          ; clk         ; 0.000        ; 0.080      ; 1.056      ;
; 0.765 ; clk_counter[14] ; clk_counter[14] ; clk          ; clk         ; 0.000        ; 0.081      ; 1.058      ;
; 0.781 ; clk_counter[0]  ; clk_counter[0]  ; clk          ; clk         ; 0.000        ; 0.080      ; 1.073      ;
; 1.099 ; clk_counter[5]  ; clk_counter[6]  ; clk          ; clk         ; 0.000        ; 0.080      ; 1.391      ;
; 1.101 ; clk_counter[3]  ; clk_counter[4]  ; clk          ; clk         ; 0.000        ; 0.080      ; 1.393      ;
; 1.108 ; clk_counter[6]  ; clk_counter[7]  ; clk          ; clk         ; 0.000        ; 0.080      ; 1.400      ;
; 1.108 ; clk_counter[16] ; clk_counter[17] ; clk          ; clk         ; 0.000        ; 0.081      ; 1.401      ;
; 1.109 ; clk_counter[4]  ; clk_counter[5]  ; clk          ; clk         ; 0.000        ; 0.080      ; 1.401      ;
; 1.109 ; clk_counter[2]  ; clk_counter[3]  ; clk          ; clk         ; 0.000        ; 0.080      ; 1.401      ;
; 1.111 ; clk_counter[8]  ; clk_counter[9]  ; clk          ; clk         ; 0.000        ; 0.080      ; 1.403      ;
; 1.117 ; clk_counter[15] ; clk_counter[16] ; clk          ; clk         ; 0.000        ; 0.081      ; 1.410      ;
; 1.118 ; clk_counter[1]  ; clk_counter[2]  ; clk          ; clk         ; 0.000        ; 0.080      ; 1.410      ;
; 1.118 ; clk_counter[13] ; clk_counter[14] ; clk          ; clk         ; 0.000        ; 0.081      ; 1.411      ;
; 1.118 ; clk_counter[4]  ; clk_counter[6]  ; clk          ; clk         ; 0.000        ; 0.080      ; 1.410      ;
; 1.118 ; clk_counter[2]  ; clk_counter[4]  ; clk          ; clk         ; 0.000        ; 0.080      ; 1.410      ;
; 1.125 ; clk_counter[0]  ; clk_counter[1]  ; clk          ; clk         ; 0.000        ; 0.080      ; 1.417      ;
; 1.126 ; clk_counter[14] ; clk_counter[15] ; clk          ; clk         ; 0.000        ; 0.081      ; 1.419      ;
; 1.128 ; clk_counter[10] ; clk_counter[11] ; clk          ; clk         ; 0.000        ; 0.081      ; 1.421      ;
; 1.134 ; clk_counter[0]  ; clk_counter[2]  ; clk          ; clk         ; 0.000        ; 0.080      ; 1.426      ;
; 1.135 ; clk_counter[14] ; clk_counter[16] ; clk          ; clk         ; 0.000        ; 0.081      ; 1.428      ;
; 1.137 ; clk_counter[12] ; clk_counter[14] ; clk          ; clk         ; 0.000        ; 0.081      ; 1.430      ;
; 1.144 ; clk_counter[19] ; clk_counter[19] ; clk          ; clk         ; 0.000        ; 0.081      ; 1.437      ;
; 1.146 ; clk_counter[18] ; clk_counter[18] ; clk          ; clk         ; 0.000        ; 0.081      ; 1.439      ;
; 1.150 ; clk_counter[8]  ; clk_counter[8]  ; clk          ; clk         ; 0.000        ; 0.080      ; 1.442      ;
; 1.228 ; clk_counter[9]  ; clk_counter[11] ; clk          ; clk         ; 0.000        ; 0.081      ; 1.521      ;
; 1.229 ; clk_counter[7]  ; clk_counter[9]  ; clk          ; clk         ; 0.000        ; 0.080      ; 1.521      ;
; 1.230 ; clk_counter[5]  ; clk_counter[7]  ; clk          ; clk         ; 0.000        ; 0.080      ; 1.522      ;
; 1.232 ; clk_counter[3]  ; clk_counter[5]  ; clk          ; clk         ; 0.000        ; 0.080      ; 1.524      ;
; 1.236 ; clk_counter[16] ; clk_counter[12] ; clk          ; clk         ; 0.000        ; 0.081      ; 1.529      ;
; 1.236 ; clk_counter[16] ; clk_counter[10] ; clk          ; clk         ; 0.000        ; 0.081      ; 1.529      ;
; 1.237 ; clk_counter[16] ; clk_counter[19] ; clk          ; clk         ; 0.000        ; 0.081      ; 1.530      ;
; 1.237 ; clk_counter[16] ; clk_counter[18] ; clk          ; clk         ; 0.000        ; 0.081      ; 1.530      ;
; 1.241 ; clk_counter[3]  ; clk_counter[6]  ; clk          ; clk         ; 0.000        ; 0.080      ; 1.533      ;
; 1.248 ; clk_counter[15] ; clk_counter[17] ; clk          ; clk         ; 0.000        ; 0.081      ; 1.541      ;
; 1.248 ; clk_counter[6]  ; clk_counter[9]  ; clk          ; clk         ; 0.000        ; 0.080      ; 1.540      ;
; 1.249 ; clk_counter[1]  ; clk_counter[3]  ; clk          ; clk         ; 0.000        ; 0.080      ; 1.541      ;
; 1.249 ; clk_counter[13] ; clk_counter[15] ; clk          ; clk         ; 0.000        ; 0.081      ; 1.542      ;
; 1.249 ; clk_counter[4]  ; clk_counter[7]  ; clk          ; clk         ; 0.000        ; 0.080      ; 1.541      ;
; 1.249 ; clk_counter[2]  ; clk_counter[5]  ; clk          ; clk         ; 0.000        ; 0.080      ; 1.541      ;
; 1.250 ; clk_counter[8]  ; clk_counter[11] ; clk          ; clk         ; 0.000        ; 0.081      ; 1.543      ;
; 1.256 ; clk_counter[11] ; clk_counter[14] ; clk          ; clk         ; 0.000        ; 0.081      ; 1.549      ;
; 1.258 ; clk_counter[1]  ; clk_counter[4]  ; clk          ; clk         ; 0.000        ; 0.080      ; 1.550      ;
; 1.258 ; clk_counter[13] ; clk_counter[16] ; clk          ; clk         ; 0.000        ; 0.081      ; 1.551      ;
; 1.258 ; clk_counter[2]  ; clk_counter[6]  ; clk          ; clk         ; 0.000        ; 0.080      ; 1.550      ;
; 1.265 ; clk_counter[0]  ; clk_counter[3]  ; clk          ; clk         ; 0.000        ; 0.080      ; 1.557      ;
; 1.266 ; clk_counter[14] ; clk_counter[17] ; clk          ; clk         ; 0.000        ; 0.081      ; 1.559      ;
; 1.268 ; clk_counter[12] ; clk_counter[15] ; clk          ; clk         ; 0.000        ; 0.081      ; 1.561      ;
; 1.274 ; clk_counter[16] ; clk_counter[13] ; clk          ; clk         ; 0.000        ; 0.081      ; 1.567      ;
; 1.274 ; clk_counter[0]  ; clk_counter[4]  ; clk          ; clk         ; 0.000        ; 0.080      ; 1.566      ;
; 1.277 ; clk_counter[10] ; clk_counter[14] ; clk          ; clk         ; 0.000        ; 0.081      ; 1.570      ;
; 1.277 ; clk_counter[12] ; clk_counter[16] ; clk          ; clk         ; 0.000        ; 0.081      ; 1.570      ;
; 1.308 ; clk_counter[12] ; clk_counter[12] ; clk          ; clk         ; 0.000        ; 0.081      ; 1.601      ;
; 1.368 ; clk_counter[7]  ; clk_counter[11] ; clk          ; clk         ; 0.000        ; 0.081      ; 1.661      ;
; 1.370 ; clk_counter[5]  ; clk_counter[9]  ; clk          ; clk         ; 0.000        ; 0.080      ; 1.662      ;
; 1.372 ; clk_counter[3]  ; clk_counter[7]  ; clk          ; clk         ; 0.000        ; 0.080      ; 1.664      ;
; 1.374 ; clk_16ms        ; clk_16ms        ; clk_16ms     ; clk         ; 0.000        ; 2.596      ; 4.473      ;
; 1.375 ; clk_counter[17] ; clk_counter[12] ; clk          ; clk         ; 0.000        ; 0.081      ; 1.668      ;
; 1.375 ; clk_counter[17] ; clk_counter[10] ; clk          ; clk         ; 0.000        ; 0.081      ; 1.668      ;
; 1.376 ; clk_counter[17] ; clk_counter[19] ; clk          ; clk         ; 0.000        ; 0.081      ; 1.669      ;
; 1.376 ; clk_counter[17] ; clk_counter[18] ; clk          ; clk         ; 0.000        ; 0.081      ; 1.669      ;
; 1.377 ; clk_counter[9]  ; clk_counter[14] ; clk          ; clk         ; 0.000        ; 0.081      ; 1.670      ;
; 1.387 ; clk_counter[11] ; clk_counter[15] ; clk          ; clk         ; 0.000        ; 0.081      ; 1.680      ;
; 1.387 ; clk_counter[6]  ; clk_counter[11] ; clk          ; clk         ; 0.000        ; 0.081      ; 1.680      ;
; 1.389 ; clk_counter[1]  ; clk_counter[5]  ; clk          ; clk         ; 0.000        ; 0.080      ; 1.681      ;
; 1.389 ; clk_counter[13] ; clk_counter[17] ; clk          ; clk         ; 0.000        ; 0.081      ; 1.682      ;
; 1.389 ; clk_counter[4]  ; clk_counter[9]  ; clk          ; clk         ; 0.000        ; 0.080      ; 1.681      ;
; 1.389 ; clk_counter[2]  ; clk_counter[7]  ; clk          ; clk         ; 0.000        ; 0.080      ; 1.681      ;
; 1.396 ; clk_counter[11] ; clk_counter[16] ; clk          ; clk         ; 0.000        ; 0.081      ; 1.689      ;
; 1.398 ; clk_counter[1]  ; clk_counter[6]  ; clk          ; clk         ; 0.000        ; 0.080      ; 1.690      ;
; 1.399 ; clk_counter[8]  ; clk_counter[14] ; clk          ; clk         ; 0.000        ; 0.081      ; 1.692      ;
; 1.405 ; clk_counter[0]  ; clk_counter[5]  ; clk          ; clk         ; 0.000        ; 0.080      ; 1.697      ;
; 1.408 ; clk_counter[10] ; clk_counter[15] ; clk          ; clk         ; 0.000        ; 0.081      ; 1.701      ;
; 1.408 ; clk_counter[12] ; clk_counter[17] ; clk          ; clk         ; 0.000        ; 0.081      ; 1.701      ;
; 1.413 ; clk_counter[17] ; clk_counter[13] ; clk          ; clk         ; 0.000        ; 0.081      ; 1.706      ;
; 1.414 ; clk_counter[0]  ; clk_counter[6]  ; clk          ; clk         ; 0.000        ; 0.080      ; 1.706      ;
; 1.417 ; clk_counter[10] ; clk_counter[16] ; clk          ; clk         ; 0.000        ; 0.081      ; 1.710      ;
; 1.421 ; clk_counter[13] ; clk_counter[13] ; clk          ; clk         ; 0.000        ; 0.081      ; 1.714      ;
; 1.488 ; clk_counter[18] ; clk_counter[19] ; clk          ; clk         ; 0.000        ; 0.081      ; 1.781      ;
; 1.498 ; clk_counter[7]  ; clk_counter[8]  ; clk          ; clk         ; 0.000        ; 0.080      ; 1.790      ;
; 1.508 ; clk_counter[9]  ; clk_counter[15] ; clk          ; clk         ; 0.000        ; 0.081      ; 1.801      ;
; 1.509 ; clk_counter[5]  ; clk_counter[11] ; clk          ; clk         ; 0.000        ; 0.081      ; 1.802      ;
; 1.512 ; clk_counter[3]  ; clk_counter[9]  ; clk          ; clk         ; 0.000        ; 0.080      ; 1.804      ;
; 1.517 ; clk_counter[7]  ; clk_counter[14] ; clk          ; clk         ; 0.000        ; 0.081      ; 1.810      ;
; 1.517 ; clk_counter[9]  ; clk_counter[16] ; clk          ; clk         ; 0.000        ; 0.081      ; 1.810      ;
; 1.517 ; clk_counter[6]  ; clk_counter[8]  ; clk          ; clk         ; 0.000        ; 0.080      ; 1.809      ;
; 1.526 ; clk_counter[19] ; clk_counter[10] ; clk          ; clk         ; 0.000        ; 0.081      ; 1.819      ;
; 1.527 ; clk_counter[19] ; clk_counter[12] ; clk          ; clk         ; 0.000        ; 0.081      ; 1.820      ;
; 1.527 ; clk_counter[19] ; clk_counter[18] ; clk          ; clk         ; 0.000        ; 0.081      ; 1.820      ;
; 1.527 ; clk_counter[11] ; clk_counter[17] ; clk          ; clk         ; 0.000        ; 0.081      ; 1.820      ;
+-------+-----------------+-----------------+--------------+-------------+--------------+------------+------------+


-----------------------------------------------
; Slow 1200mV 85C Model Metastability Summary ;
-----------------------------------------------
No synchronizer chains to report.


+--------------------------------------------------+
; Slow 1200mV 0C Model Fmax Summary                ;
+------------+-----------------+------------+------+
; Fmax       ; Restricted Fmax ; Clock Name ; Note ;
+------------+-----------------+------------+------+
; 217.82 MHz ; 217.82 MHz      ; clk        ;      ;
; 259.61 MHz ; 259.61 MHz      ; clk_16ms   ;      ;
+------------+-----------------+------------+------+
This panel reports FMAX for every clock in the design, regardless of the user-specified clock periods.  FMAX is only computed for paths where the source and destination registers or ports are driven by the same clock.  Paths of different clocks, including generated clocks, are ignored.  For paths between a clock and its inversion, FMAX is computed as if the rising and falling edges are scaled along with FMAX, such that the duty cycle (in terms of a percentage) is maintained. Altera recommends that you always use clock constraints and other slack reports for sign-off analysis.


+------------------------------------+
; Slow 1200mV 0C Model Setup Summary ;
+----------+--------+----------------+
; Clock    ; Slack  ; End Point TNS  ;
+----------+--------+----------------+
; clk      ; -3.591 ; -33.350        ;
; clk_16ms ; -2.852 ; -50.570        ;
+----------+--------+----------------+


+-----------------------------------+
; Slow 1200mV 0C Model Hold Summary ;
+----------+-------+----------------+
; Clock    ; Slack ; End Point TNS  ;
+----------+-------+----------------+
; clk_16ms ; 0.385 ; 0.000          ;
; clk      ; 0.690 ; 0.000          ;
+----------+-------+----------------+


-----------------------------------------
; Slow 1200mV 0C Model Recovery Summary ;
-----------------------------------------
No paths to report.


----------------------------------------
; Slow 1200mV 0C Model Removal Summary ;
----------------------------------------
No paths to report.


+--------------------------------------------------+
; Slow 1200mV 0C Model Minimum Pulse Width Summary ;
+----------+--------+------------------------------+
; Clock    ; Slack  ; End Point TNS                ;
+----------+--------+------------------------------+
; clk      ; -3.000 ; -34.227                      ;
; clk_16ms ; -1.487 ; -32.714                      ;
+----------+--------+------------------------------+


+------------------------------------------------------------------------------------------------------------------+
; Slow 1200mV 0C Model Setup: 'clk'                                                                                ;
+--------+-----------------+-----------------+--------------+-------------+--------------+------------+------------+
; Slack  ; From Node       ; To Node         ; Launch Clock ; Latch Clock ; Relationship ; Clock Skew ; Data Delay ;
+--------+-----------------+-----------------+--------------+-------------+--------------+------------+------------+
; -3.591 ; clk_counter[13] ; clk_16ms        ; clk          ; clk         ; 1.000        ; -0.074     ; 4.519      ;
; -3.567 ; clk_counter[15] ; clk_16ms        ; clk          ; clk         ; 1.000        ; -0.074     ; 4.495      ;
; -3.546 ; clk_counter[14] ; clk_16ms        ; clk          ; clk         ; 1.000        ; -0.074     ; 4.474      ;
; -3.410 ; clk_counter[12] ; clk_16ms        ; clk          ; clk         ; 1.000        ; -0.074     ; 4.338      ;
; -3.383 ; clk_counter[10] ; clk_16ms        ; clk          ; clk         ; 1.000        ; -0.074     ; 4.311      ;
; -3.361 ; clk_counter[1]  ; clk_16ms        ; clk          ; clk         ; 1.000        ; -0.072     ; 4.291      ;
; -3.257 ; clk_counter[0]  ; clk_16ms        ; clk          ; clk         ; 1.000        ; -0.072     ; 4.187      ;
; -3.172 ; clk_counter[11] ; clk_16ms        ; clk          ; clk         ; 1.000        ; -0.074     ; 4.100      ;
; -3.136 ; clk_counter[2]  ; clk_16ms        ; clk          ; clk         ; 1.000        ; -0.072     ; 4.066      ;
; -3.132 ; clk_counter[4]  ; clk_16ms        ; clk          ; clk         ; 1.000        ; -0.072     ; 4.062      ;
; -3.129 ; clk_counter[5]  ; clk_16ms        ; clk          ; clk         ; 1.000        ; -0.072     ; 4.059      ;
; -3.034 ; clk_counter[7]  ; clk_16ms        ; clk          ; clk         ; 1.000        ; -0.072     ; 3.964      ;
; -3.015 ; clk_counter[18] ; clk_16ms        ; clk          ; clk         ; 1.000        ; -0.074     ; 3.943      ;
; -3.011 ; clk_counter[19] ; clk_16ms        ; clk          ; clk         ; 1.000        ; -0.074     ; 3.939      ;
; -3.008 ; clk_counter[9]  ; clk_16ms        ; clk          ; clk         ; 1.000        ; -0.072     ; 3.938      ;
; -2.994 ; clk_counter[8]  ; clk_16ms        ; clk          ; clk         ; 1.000        ; -0.072     ; 3.924      ;
; -2.905 ; clk_counter[3]  ; clk_16ms        ; clk          ; clk         ; 1.000        ; -0.072     ; 3.835      ;
; -2.901 ; clk_counter[6]  ; clk_16ms        ; clk          ; clk         ; 1.000        ; -0.072     ; 3.831      ;
; -2.894 ; clk_counter[17] ; clk_16ms        ; clk          ; clk         ; 1.000        ; -0.074     ; 3.822      ;
; -2.771 ; clk_counter[16] ; clk_16ms        ; clk          ; clk         ; 1.000        ; -0.074     ; 3.699      ;
; -2.510 ; clk_counter[13] ; clk_counter[18] ; clk          ; clk         ; 1.000        ; -0.073     ; 3.439      ;
; -2.510 ; clk_counter[13] ; clk_counter[19] ; clk          ; clk         ; 1.000        ; -0.073     ; 3.439      ;
; -2.481 ; clk_counter[15] ; clk_counter[18] ; clk          ; clk         ; 1.000        ; -0.073     ; 3.410      ;
; -2.481 ; clk_counter[15] ; clk_counter[19] ; clk          ; clk         ; 1.000        ; -0.073     ; 3.410      ;
; -2.443 ; clk_counter[14] ; clk_counter[18] ; clk          ; clk         ; 1.000        ; -0.073     ; 3.372      ;
; -2.443 ; clk_counter[14] ; clk_counter[19] ; clk          ; clk         ; 1.000        ; -0.073     ; 3.372      ;
; -2.329 ; clk_counter[12] ; clk_counter[18] ; clk          ; clk         ; 1.000        ; -0.073     ; 3.258      ;
; -2.329 ; clk_counter[12] ; clk_counter[19] ; clk          ; clk         ; 1.000        ; -0.073     ; 3.258      ;
; -2.302 ; clk_counter[10] ; clk_counter[18] ; clk          ; clk         ; 1.000        ; -0.073     ; 3.231      ;
; -2.302 ; clk_counter[10] ; clk_counter[19] ; clk          ; clk         ; 1.000        ; -0.073     ; 3.231      ;
; -2.283 ; clk_counter[0]  ; clk_counter[19] ; clk          ; clk         ; 1.000        ; -0.071     ; 3.214      ;
; -2.280 ; clk_counter[1]  ; clk_counter[18] ; clk          ; clk         ; 1.000        ; -0.071     ; 3.211      ;
; -2.280 ; clk_counter[1]  ; clk_counter[19] ; clk          ; clk         ; 1.000        ; -0.071     ; 3.211      ;
; -2.218 ; clk_counter[0]  ; clk_counter[13] ; clk          ; clk         ; 1.000        ; -0.071     ; 3.149      ;
; -2.176 ; clk_counter[0]  ; clk_counter[18] ; clk          ; clk         ; 1.000        ; -0.071     ; 3.107      ;
; -2.171 ; clk_counter[13] ; clk_counter[12] ; clk          ; clk         ; 1.000        ; -0.073     ; 3.100      ;
; -2.171 ; clk_counter[13] ; clk_counter[10] ; clk          ; clk         ; 1.000        ; -0.073     ; 3.100      ;
; -2.171 ; clk_counter[13] ; clk_counter[13] ; clk          ; clk         ; 1.000        ; -0.073     ; 3.100      ;
; -2.148 ; clk_counter[2]  ; clk_counter[19] ; clk          ; clk         ; 1.000        ; -0.071     ; 3.079      ;
; -2.142 ; clk_counter[15] ; clk_counter[12] ; clk          ; clk         ; 1.000        ; -0.073     ; 3.071      ;
; -2.142 ; clk_counter[15] ; clk_counter[10] ; clk          ; clk         ; 1.000        ; -0.073     ; 3.071      ;
; -2.142 ; clk_counter[15] ; clk_counter[13] ; clk          ; clk         ; 1.000        ; -0.073     ; 3.071      ;
; -2.140 ; clk_counter[1]  ; clk_counter[13] ; clk          ; clk         ; 1.000        ; -0.071     ; 3.071      ;
; -2.135 ; clk_counter[1]  ; clk_counter[10] ; clk          ; clk         ; 1.000        ; -0.071     ; 3.066      ;
; -2.104 ; clk_counter[14] ; clk_counter[12] ; clk          ; clk         ; 1.000        ; -0.073     ; 3.033      ;
; -2.104 ; clk_counter[14] ; clk_counter[10] ; clk          ; clk         ; 1.000        ; -0.073     ; 3.033      ;
; -2.104 ; clk_counter[14] ; clk_counter[13] ; clk          ; clk         ; 1.000        ; -0.073     ; 3.033      ;
; -2.102 ; clk_counter[3]  ; clk_counter[18] ; clk          ; clk         ; 1.000        ; -0.071     ; 3.033      ;
; -2.091 ; clk_counter[11] ; clk_counter[18] ; clk          ; clk         ; 1.000        ; -0.073     ; 3.020      ;
; -2.091 ; clk_counter[11] ; clk_counter[19] ; clk          ; clk         ; 1.000        ; -0.073     ; 3.020      ;
; -2.083 ; clk_counter[2]  ; clk_counter[13] ; clk          ; clk         ; 1.000        ; -0.071     ; 3.014      ;
; -2.055 ; clk_counter[2]  ; clk_counter[18] ; clk          ; clk         ; 1.000        ; -0.071     ; 2.986      ;
; -2.052 ; clk_counter[0]  ; clk_counter[10] ; clk          ; clk         ; 1.000        ; -0.071     ; 2.983      ;
; -2.051 ; clk_counter[4]  ; clk_counter[18] ; clk          ; clk         ; 1.000        ; -0.071     ; 2.982      ;
; -2.051 ; clk_counter[4]  ; clk_counter[19] ; clk          ; clk         ; 1.000        ; -0.071     ; 2.982      ;
; -2.048 ; clk_counter[5]  ; clk_counter[18] ; clk          ; clk         ; 1.000        ; -0.071     ; 2.979      ;
; -2.048 ; clk_counter[5]  ; clk_counter[19] ; clk          ; clk         ; 1.000        ; -0.071     ; 2.979      ;
; -2.029 ; clk_counter[3]  ; clk_counter[19] ; clk          ; clk         ; 1.000        ; -0.071     ; 2.960      ;
; -2.002 ; clk_counter[1]  ; clk_counter[12] ; clk          ; clk         ; 1.000        ; -0.071     ; 2.933      ;
; -2.001 ; clk_counter[3]  ; clk_counter[13] ; clk          ; clk         ; 1.000        ; -0.071     ; 2.932      ;
; -1.996 ; clk_counter[3]  ; clk_counter[10] ; clk          ; clk         ; 1.000        ; -0.071     ; 2.927      ;
; -1.990 ; clk_counter[12] ; clk_counter[12] ; clk          ; clk         ; 1.000        ; -0.073     ; 2.919      ;
; -1.990 ; clk_counter[12] ; clk_counter[10] ; clk          ; clk         ; 1.000        ; -0.073     ; 2.919      ;
; -1.990 ; clk_counter[12] ; clk_counter[13] ; clk          ; clk         ; 1.000        ; -0.073     ; 2.919      ;
; -1.963 ; clk_counter[10] ; clk_counter[12] ; clk          ; clk         ; 1.000        ; -0.073     ; 2.892      ;
; -1.963 ; clk_counter[10] ; clk_counter[10] ; clk          ; clk         ; 1.000        ; -0.073     ; 2.892      ;
; -1.963 ; clk_counter[10] ; clk_counter[13] ; clk          ; clk         ; 1.000        ; -0.073     ; 2.892      ;
; -1.957 ; clk_counter[4]  ; clk_counter[13] ; clk          ; clk         ; 1.000        ; -0.071     ; 2.888      ;
; -1.953 ; clk_counter[7]  ; clk_counter[18] ; clk          ; clk         ; 1.000        ; -0.071     ; 2.884      ;
; -1.953 ; clk_counter[7]  ; clk_counter[19] ; clk          ; clk         ; 1.000        ; -0.071     ; 2.884      ;
; -1.927 ; clk_counter[9]  ; clk_counter[18] ; clk          ; clk         ; 1.000        ; -0.071     ; 2.858      ;
; -1.927 ; clk_counter[9]  ; clk_counter[19] ; clk          ; clk         ; 1.000        ; -0.071     ; 2.858      ;
; -1.919 ; clk_counter[0]  ; clk_counter[12] ; clk          ; clk         ; 1.000        ; -0.071     ; 2.850      ;
; -1.913 ; clk_counter[8]  ; clk_counter[18] ; clk          ; clk         ; 1.000        ; -0.071     ; 2.844      ;
; -1.913 ; clk_counter[8]  ; clk_counter[19] ; clk          ; clk         ; 1.000        ; -0.071     ; 2.844      ;
; -1.908 ; clk_counter[2]  ; clk_counter[10] ; clk          ; clk         ; 1.000        ; -0.071     ; 2.839      ;
; -1.903 ; clk_counter[15] ; clk_counter[8]  ; clk          ; clk         ; 1.000        ; -0.074     ; 2.831      ;
; -1.893 ; clk_counter[6]  ; clk_counter[19] ; clk          ; clk         ; 1.000        ; -0.071     ; 2.824      ;
; -1.882 ; clk_counter[14] ; clk_counter[8]  ; clk          ; clk         ; 1.000        ; -0.074     ; 2.810      ;
; -1.873 ; clk_counter[5]  ; clk_counter[13] ; clk          ; clk         ; 1.000        ; -0.071     ; 2.804      ;
; -1.868 ; clk_counter[5]  ; clk_counter[10] ; clk          ; clk         ; 1.000        ; -0.071     ; 2.799      ;
; -1.863 ; clk_counter[3]  ; clk_counter[12] ; clk          ; clk         ; 1.000        ; -0.071     ; 2.794      ;
; -1.859 ; clk_counter[13] ; clk_counter[8]  ; clk          ; clk         ; 1.000        ; -0.074     ; 2.787      ;
; -1.828 ; clk_counter[6]  ; clk_counter[13] ; clk          ; clk         ; 1.000        ; -0.071     ; 2.759      ;
; -1.820 ; clk_counter[6]  ; clk_counter[18] ; clk          ; clk         ; 1.000        ; -0.071     ; 2.751      ;
; -1.781 ; clk_counter[4]  ; clk_counter[10] ; clk          ; clk         ; 1.000        ; -0.071     ; 2.712      ;
; -1.775 ; clk_counter[2]  ; clk_counter[12] ; clk          ; clk         ; 1.000        ; -0.071     ; 2.706      ;
; -1.763 ; clk_counter[0]  ; clk_counter[17] ; clk          ; clk         ; 1.000        ; -0.071     ; 2.694      ;
; -1.752 ; clk_counter[11] ; clk_counter[12] ; clk          ; clk         ; 1.000        ; -0.073     ; 2.681      ;
; -1.752 ; clk_counter[11] ; clk_counter[10] ; clk          ; clk         ; 1.000        ; -0.073     ; 2.681      ;
; -1.752 ; clk_counter[11] ; clk_counter[13] ; clk          ; clk         ; 1.000        ; -0.073     ; 2.681      ;
; -1.744 ; clk_counter[7]  ; clk_counter[13] ; clk          ; clk         ; 1.000        ; -0.071     ; 2.675      ;
; -1.739 ; clk_counter[7]  ; clk_counter[10] ; clk          ; clk         ; 1.000        ; -0.071     ; 2.670      ;
; -1.735 ; clk_counter[5]  ; clk_counter[12] ; clk          ; clk         ; 1.000        ; -0.071     ; 2.666      ;
; -1.721 ; clk_counter[1]  ; clk_counter[16] ; clk          ; clk         ; 1.000        ; -0.071     ; 2.652      ;
; -1.712 ; clk_counter[4]  ; clk_counter[12] ; clk          ; clk         ; 1.000        ; -0.071     ; 2.643      ;
; -1.708 ; clk_counter[8]  ; clk_counter[13] ; clk          ; clk         ; 1.000        ; -0.071     ; 2.639      ;
; -1.682 ; clk_counter[1]  ; clk_counter[17] ; clk          ; clk         ; 1.000        ; -0.071     ; 2.613      ;
; -1.678 ; clk_counter[12] ; clk_counter[8]  ; clk          ; clk         ; 1.000        ; -0.074     ; 2.606      ;
; -1.652 ; clk_counter[6]  ; clk_counter[10] ; clk          ; clk         ; 1.000        ; -0.071     ; 2.583      ;
+--------+-----------------+-----------------+--------------+-------------+--------------+------------+------------+


+------------------------------------------------------------------------------------------------------------------------------------------+
; Slow 1200mV 0C Model Setup: 'clk_16ms'                                                                                                   ;
+--------+-----------------------------+-----------------------------+--------------+-------------+--------------+------------+------------+
; Slack  ; From Node                   ; To Node                     ; Launch Clock ; Latch Clock ; Relationship ; Clock Skew ; Data Delay ;
+--------+-----------------------------+-----------------------------+--------------+-------------+--------------+------------+------------+
; -2.852 ; data_counter[3]             ; command_counter[0]          ; clk_16ms     ; clk_16ms    ; 1.000        ; -0.072     ; 3.782      ;
; -2.835 ; data_counter[1]             ; command_counter[0]          ; clk_16ms     ; clk_16ms    ; 1.000        ; -0.072     ; 3.765      ;
; -2.749 ; command_counter[0]          ; data_counter[4]             ; clk_16ms     ; clk_16ms    ; 1.000        ; -0.073     ; 3.678      ;
; -2.749 ; command_counter[0]          ; data_counter[3]             ; clk_16ms     ; clk_16ms    ; 1.000        ; -0.073     ; 3.678      ;
; -2.749 ; command_counter[0]          ; data_counter[2]             ; clk_16ms     ; clk_16ms    ; 1.000        ; -0.073     ; 3.678      ;
; -2.749 ; command_counter[0]          ; data_counter[1]             ; clk_16ms     ; clk_16ms    ; 1.000        ; -0.073     ; 3.678      ;
; -2.749 ; command_counter[0]          ; data_counter[0]             ; clk_16ms     ; clk_16ms    ; 1.000        ; -0.073     ; 3.678      ;
; -2.682 ; data_counter[2]             ; command_counter[0]          ; clk_16ms     ; clk_16ms    ; 1.000        ; -0.072     ; 3.612      ;
; -2.620 ; data_counter[3]             ; data[4]~reg0                ; clk_16ms     ; clk_16ms    ; 1.000        ; 0.338      ; 3.960      ;
; -2.617 ; fsm_state.IDLE              ; data_counter[4]             ; clk_16ms     ; clk_16ms    ; 1.000        ; -0.073     ; 3.546      ;
; -2.617 ; fsm_state.IDLE              ; data_counter[3]             ; clk_16ms     ; clk_16ms    ; 1.000        ; -0.073     ; 3.546      ;
; -2.617 ; fsm_state.IDLE              ; data_counter[2]             ; clk_16ms     ; clk_16ms    ; 1.000        ; -0.073     ; 3.546      ;
; -2.617 ; fsm_state.IDLE              ; data_counter[1]             ; clk_16ms     ; clk_16ms    ; 1.000        ; -0.073     ; 3.546      ;
; -2.617 ; fsm_state.IDLE              ; data_counter[0]             ; clk_16ms     ; clk_16ms    ; 1.000        ; -0.073     ; 3.546      ;
; -2.613 ; data_counter[3]             ; data[3]~reg0                ; clk_16ms     ; clk_16ms    ; 1.000        ; 0.332      ; 3.947      ;
; -2.597 ; data_counter[1]             ; data[4]~reg0                ; clk_16ms     ; clk_16ms    ; 1.000        ; 0.338      ; 3.937      ;
; -2.592 ; data_counter[3]             ; data[1]~reg0                ; clk_16ms     ; clk_16ms    ; 1.000        ; 0.338      ; 3.932      ;
; -2.590 ; data_counter[1]             ; data[3]~reg0                ; clk_16ms     ; clk_16ms    ; 1.000        ; 0.332      ; 3.924      ;
; -2.569 ; data_counter[1]             ; data[1]~reg0                ; clk_16ms     ; clk_16ms    ; 1.000        ; 0.338      ; 3.909      ;
; -2.561 ; data_counter[3]             ; command_counter[1]          ; clk_16ms     ; clk_16ms    ; 1.000        ; -0.072     ; 3.491      ;
; -2.544 ; data_counter[1]             ; command_counter[1]          ; clk_16ms     ; clk_16ms    ; 1.000        ; -0.072     ; 3.474      ;
; -2.534 ; data_counter[0]             ; command_counter[0]          ; clk_16ms     ; clk_16ms    ; 1.000        ; -0.072     ; 3.464      ;
; -2.510 ; data_counter[3]             ; data[5]~reg0                ; clk_16ms     ; clk_16ms    ; 1.000        ; 0.338      ; 3.850      ;
; -2.487 ; data_counter[1]             ; data[5]~reg0                ; clk_16ms     ; clk_16ms    ; 1.000        ; 0.338      ; 3.827      ;
; -2.481 ; command_counter[2]          ; data_counter[4]             ; clk_16ms     ; clk_16ms    ; 1.000        ; -0.499     ; 2.984      ;
; -2.481 ; command_counter[2]          ; data_counter[3]             ; clk_16ms     ; clk_16ms    ; 1.000        ; -0.499     ; 2.984      ;
; -2.481 ; command_counter[2]          ; data_counter[2]             ; clk_16ms     ; clk_16ms    ; 1.000        ; -0.499     ; 2.984      ;
; -2.481 ; command_counter[2]          ; data_counter[1]             ; clk_16ms     ; clk_16ms    ; 1.000        ; -0.499     ; 2.984      ;
; -2.481 ; command_counter[2]          ; data_counter[0]             ; clk_16ms     ; clk_16ms    ; 1.000        ; -0.499     ; 2.984      ;
; -2.480 ; fsm_state.CONFIG_CMD1       ; data_counter[4]             ; clk_16ms     ; clk_16ms    ; 1.000        ; -0.073     ; 3.409      ;
; -2.480 ; fsm_state.CONFIG_CMD1       ; data_counter[3]             ; clk_16ms     ; clk_16ms    ; 1.000        ; -0.073     ; 3.409      ;
; -2.480 ; fsm_state.CONFIG_CMD1       ; data_counter[2]             ; clk_16ms     ; clk_16ms    ; 1.000        ; -0.073     ; 3.409      ;
; -2.480 ; fsm_state.CONFIG_CMD1       ; data_counter[1]             ; clk_16ms     ; clk_16ms    ; 1.000        ; -0.073     ; 3.409      ;
; -2.480 ; fsm_state.CONFIG_CMD1       ; data_counter[0]             ; clk_16ms     ; clk_16ms    ; 1.000        ; -0.073     ; 3.409      ;
; -2.451 ; data_counter[3]             ; data[0]~reg0                ; clk_16ms     ; clk_16ms    ; 1.000        ; 0.338      ; 3.791      ;
; -2.428 ; data_counter[1]             ; data[0]~reg0                ; clk_16ms     ; clk_16ms    ; 1.000        ; 0.338      ; 3.768      ;
; -2.410 ; command_counter[0]          ; command_counter[0]          ; clk_16ms     ; clk_16ms    ; 1.000        ; -0.073     ; 3.339      ;
; -2.404 ; data_counter[4]             ; command_counter[0]          ; clk_16ms     ; clk_16ms    ; 1.000        ; -0.072     ; 3.334      ;
; -2.404 ; data_counter[2]             ; data[4]~reg0                ; clk_16ms     ; clk_16ms    ; 1.000        ; 0.338      ; 3.744      ;
; -2.397 ; data_counter[2]             ; data[3]~reg0                ; clk_16ms     ; clk_16ms    ; 1.000        ; 0.332      ; 3.731      ;
; -2.391 ; data_counter[3]             ; rs~reg0                     ; clk_16ms     ; clk_16ms    ; 1.000        ; -0.072     ; 3.321      ;
; -2.391 ; data_counter[2]             ; command_counter[1]          ; clk_16ms     ; clk_16ms    ; 1.000        ; -0.072     ; 3.321      ;
; -2.379 ; command_counter[1]          ; command_counter[0]          ; clk_16ms     ; clk_16ms    ; 1.000        ; -0.073     ; 3.308      ;
; -2.376 ; data_counter[2]             ; data[1]~reg0                ; clk_16ms     ; clk_16ms    ; 1.000        ; 0.338      ; 3.716      ;
; -2.374 ; data_counter[3]             ; data[2]~reg0                ; clk_16ms     ; clk_16ms    ; 1.000        ; -0.072     ; 3.304      ;
; -2.368 ; data_counter[1]             ; rs~reg0                     ; clk_16ms     ; clk_16ms    ; 1.000        ; -0.072     ; 3.298      ;
; -2.351 ; data_counter[1]             ; data[2]~reg0                ; clk_16ms     ; clk_16ms    ; 1.000        ; -0.072     ; 3.281      ;
; -2.294 ; data_counter[2]             ; data[5]~reg0                ; clk_16ms     ; clk_16ms    ; 1.000        ; 0.338      ; 3.634      ;
; -2.293 ; data_counter[0]             ; data[2]~reg0                ; clk_16ms     ; clk_16ms    ; 1.000        ; -0.072     ; 3.223      ;
; -2.287 ; command_counter[0]          ; data[4]~reg0                ; clk_16ms     ; clk_16ms    ; 1.000        ; 0.337      ; 3.626      ;
; -2.272 ; command_counter[0]          ; data[3]~reg0                ; clk_16ms     ; clk_16ms    ; 1.000        ; 0.331      ; 3.605      ;
; -2.247 ; data_counter[0]             ; data[4]~reg0                ; clk_16ms     ; clk_16ms    ; 1.000        ; 0.338      ; 3.587      ;
; -2.246 ; data_counter[3]             ; data[6]~reg0                ; clk_16ms     ; clk_16ms    ; 1.000        ; 0.338      ; 3.586      ;
; -2.245 ; data_counter[4]             ; data[4]~reg0                ; clk_16ms     ; clk_16ms    ; 1.000        ; 0.338      ; 3.585      ;
; -2.243 ; data_counter[0]             ; command_counter[1]          ; clk_16ms     ; clk_16ms    ; 1.000        ; -0.072     ; 3.173      ;
; -2.240 ; data_counter[0]             ; data[3]~reg0                ; clk_16ms     ; clk_16ms    ; 1.000        ; 0.332      ; 3.574      ;
; -2.238 ; data_counter[4]             ; data[3]~reg0                ; clk_16ms     ; clk_16ms    ; 1.000        ; 0.332      ; 3.572      ;
; -2.236 ; data_counter[4]             ; data[2]~reg0                ; clk_16ms     ; clk_16ms    ; 1.000        ; -0.072     ; 3.166      ;
; -2.235 ; data_counter[2]             ; data[0]~reg0                ; clk_16ms     ; clk_16ms    ; 1.000        ; 0.338      ; 3.575      ;
; -2.229 ; data_counter[1]             ; data[6]~reg0                ; clk_16ms     ; clk_16ms    ; 1.000        ; 0.338      ; 3.569      ;
; -2.228 ; data_counter[3]             ; fsm_state.WR_STATIC_TEXT_1L ; clk_16ms     ; clk_16ms    ; 1.000        ; -0.072     ; 3.158      ;
; -2.223 ; command_counter[0]          ; data[1]~reg0                ; clk_16ms     ; clk_16ms    ; 1.000        ; 0.337      ; 3.562      ;
; -2.220 ; command_counter[1]          ; data[4]~reg0                ; clk_16ms     ; clk_16ms    ; 1.000        ; 0.337      ; 3.559      ;
; -2.219 ; data_counter[0]             ; data[1]~reg0                ; clk_16ms     ; clk_16ms    ; 1.000        ; 0.338      ; 3.559      ;
; -2.217 ; data_counter[4]             ; data[1]~reg0                ; clk_16ms     ; clk_16ms    ; 1.000        ; 0.338      ; 3.557      ;
; -2.213 ; command_counter[1]          ; data[3]~reg0                ; clk_16ms     ; clk_16ms    ; 1.000        ; 0.331      ; 3.546      ;
; -2.207 ; command_counter[0]          ; command_counter[1]          ; clk_16ms     ; clk_16ms    ; 1.000        ; -0.073     ; 3.136      ;
; -2.205 ; data_counter[1]             ; fsm_state.WR_STATIC_TEXT_1L ; clk_16ms     ; clk_16ms    ; 1.000        ; -0.072     ; 3.135      ;
; -2.198 ; command_counter[2]          ; command_counter[0]          ; clk_16ms     ; clk_16ms    ; 1.000        ; -0.499     ; 2.701      ;
; -2.192 ; command_counter[1]          ; data[1]~reg0                ; clk_16ms     ; clk_16ms    ; 1.000        ; 0.337      ; 3.531      ;
; -2.181 ; data_counter[0]             ; data[0]~reg0                ; clk_16ms     ; clk_16ms    ; 1.000        ; 0.338      ; 3.521      ;
; -2.175 ; data_counter[2]             ; rs~reg0                     ; clk_16ms     ; clk_16ms    ; 1.000        ; -0.072     ; 3.105      ;
; -2.168 ; command_counter[0]          ; data[2]~reg0                ; clk_16ms     ; clk_16ms    ; 1.000        ; -0.073     ; 3.097      ;
; -2.158 ; data_counter[2]             ; data[2]~reg0                ; clk_16ms     ; clk_16ms    ; 1.000        ; -0.072     ; 3.088      ;
; -2.154 ; fsm_state.WR_STATIC_TEXT_1L ; command_counter[0]          ; clk_16ms     ; clk_16ms    ; 1.000        ; -0.072     ; 3.084      ;
; -2.152 ; data_counter[3]             ; command_counter[2]          ; clk_16ms     ; clk_16ms    ; 1.000        ; 0.338      ; 3.492      ;
; -2.141 ; command_counter[0]          ; data[5]~reg0                ; clk_16ms     ; clk_16ms    ; 1.000        ; 0.337      ; 3.480      ;
; -2.137 ; data_counter[0]             ; data[5]~reg0                ; clk_16ms     ; clk_16ms    ; 1.000        ; 0.338      ; 3.477      ;
; -2.135 ; data_counter[4]             ; data[5]~reg0                ; clk_16ms     ; clk_16ms    ; 1.000        ; 0.338      ; 3.475      ;
; -2.135 ; data_counter[1]             ; command_counter[2]          ; clk_16ms     ; clk_16ms    ; 1.000        ; 0.338      ; 3.475      ;
; -2.113 ; data_counter[4]             ; command_counter[1]          ; clk_16ms     ; clk_16ms    ; 1.000        ; -0.072     ; 3.043      ;
; -2.110 ; command_counter[1]          ; data[5]~reg0                ; clk_16ms     ; clk_16ms    ; 1.000        ; 0.337      ; 3.449      ;
; -2.088 ; command_counter[1]          ; command_counter[1]          ; clk_16ms     ; clk_16ms    ; 1.000        ; -0.073     ; 3.017      ;
; -2.082 ; command_counter[0]          ; data[0]~reg0                ; clk_16ms     ; clk_16ms    ; 1.000        ; 0.337      ; 3.421      ;
; -2.076 ; data_counter[4]             ; data[0]~reg0                ; clk_16ms     ; clk_16ms    ; 1.000        ; 0.338      ; 3.416      ;
; -2.076 ; data_counter[2]             ; data[6]~reg0                ; clk_16ms     ; clk_16ms    ; 1.000        ; 0.338      ; 3.416      ;
; -2.075 ; fsm_state.IDLE              ; command_counter[1]          ; clk_16ms     ; clk_16ms    ; 1.000        ; -0.073     ; 3.004      ;
; -2.071 ; fsm_state.IDLE              ; data[4]~reg0                ; clk_16ms     ; clk_16ms    ; 1.000        ; 0.337      ; 3.410      ;
; -2.056 ; fsm_state.IDLE              ; data[3]~reg0                ; clk_16ms     ; clk_16ms    ; 1.000        ; 0.331      ; 3.389      ;
; -2.051 ; command_counter[1]          ; data[0]~reg0                ; clk_16ms     ; clk_16ms    ; 1.000        ; 0.337      ; 3.390      ;
; -2.039 ; command_counter[2]          ; data[4]~reg0                ; clk_16ms     ; clk_16ms    ; 1.000        ; -0.089     ; 2.952      ;
; -2.036 ; fsm_state.IDLE              ; data[2]~reg0                ; clk_16ms     ; clk_16ms    ; 1.000        ; -0.073     ; 2.965      ;
; -2.032 ; command_counter[2]          ; data[3]~reg0                ; clk_16ms     ; clk_16ms    ; 1.000        ; -0.095     ; 2.939      ;
; -2.022 ; command_counter[0]          ; rs~reg0                     ; clk_16ms     ; clk_16ms    ; 1.000        ; -0.073     ; 2.951      ;
; -2.018 ; data_counter[0]             ; rs~reg0                     ; clk_16ms     ; clk_16ms    ; 1.000        ; -0.072     ; 2.948      ;
; -2.016 ; data_counter[4]             ; rs~reg0                     ; clk_16ms     ; clk_16ms    ; 1.000        ; -0.072     ; 2.946      ;
; -2.012 ; data_counter[2]             ; fsm_state.WR_STATIC_TEXT_1L ; clk_16ms     ; clk_16ms    ; 1.000        ; -0.072     ; 2.942      ;
; -2.011 ; data_counter[3]             ; data[7]~reg0                ; clk_16ms     ; clk_16ms    ; 1.000        ; -0.072     ; 2.941      ;
; -2.011 ; command_counter[2]          ; data[1]~reg0                ; clk_16ms     ; clk_16ms    ; 1.000        ; -0.089     ; 2.924      ;
; -2.006 ; fsm_state.CONFIG_CMD1       ; data[4]~reg0                ; clk_16ms     ; clk_16ms    ; 1.000        ; 0.337      ; 3.345      ;
+--------+-----------------------------+-----------------------------+--------------+-------------+--------------+------------+------------+


+-----------------------------------------------------------------------------------------------------------------------------------------+
; Slow 1200mV 0C Model Hold: 'clk_16ms'                                                                                                   ;
+-------+-----------------------------+-----------------------------+--------------+-------------+--------------+------------+------------+
; Slack ; From Node                   ; To Node                     ; Launch Clock ; Latch Clock ; Relationship ; Clock Skew ; Data Delay ;
+-------+-----------------------------+-----------------------------+--------------+-------------+--------------+------------+------------+
; 0.385 ; command_counter[2]          ; command_counter[2]          ; clk_16ms     ; clk_16ms    ; 0.000        ; 0.089      ; 0.669      ;
; 0.401 ; command_counter[1]          ; command_counter[1]          ; clk_16ms     ; clk_16ms    ; 0.000        ; 0.073      ; 0.669      ;
; 0.401 ; command_counter[0]          ; command_counter[0]          ; clk_16ms     ; clk_16ms    ; 0.000        ; 0.073      ; 0.669      ;
; 0.402 ; rs~reg0                     ; rs~reg0                     ; clk_16ms     ; clk_16ms    ; 0.000        ; 0.072      ; 0.669      ;
; 0.532 ; data_counter[4]             ; data_counter[4]             ; clk_16ms     ; clk_16ms    ; 0.000        ; 0.072      ; 0.799      ;
; 0.626 ; fsm_state.WR_STATIC_TEXT_1L ; fsm_state.CONFIG_CMD2       ; clk_16ms     ; clk_16ms    ; 0.000        ; 0.072      ; 0.893      ;
; 0.724 ; data_counter[4]             ; data[1]~reg0                ; clk_16ms     ; clk_16ms    ; 0.000        ; 0.499      ; 1.418      ;
; 0.745 ; data_counter[4]             ; data[0]~reg0                ; clk_16ms     ; clk_16ms    ; 0.000        ; 0.499      ; 1.439      ;
; 0.753 ; command_counter[1]          ; data[1]~reg0                ; clk_16ms     ; clk_16ms    ; 0.000        ; 0.499      ; 1.447      ;
; 0.777 ; data_counter[4]             ; fsm_state.CONFIG_CMD2       ; clk_16ms     ; clk_16ms    ; 0.000        ; 0.072      ; 1.044      ;
; 0.778 ; data_counter[2]             ; data[0]~reg0                ; clk_16ms     ; clk_16ms    ; 0.000        ; 0.499      ; 1.472      ;
; 0.807 ; data_counter[1]             ; data[1]~reg0                ; clk_16ms     ; clk_16ms    ; 0.000        ; 0.499      ; 1.501      ;
; 0.899 ; data_counter[2]             ; data_counter[2]             ; clk_16ms     ; clk_16ms    ; 0.000        ; 0.072      ; 1.166      ;
; 0.901 ; data_counter[1]             ; data_counter[1]             ; clk_16ms     ; clk_16ms    ; 0.000        ; 0.072      ; 1.168      ;
; 0.908 ; fsm_state.CONFIG_CMD1       ; command_counter[0]          ; clk_16ms     ; clk_16ms    ; 0.000        ; 0.073      ; 1.176      ;
; 0.909 ; fsm_state.CONFIG_CMD1       ; fsm_state.CONFIG_CMD1       ; clk_16ms     ; clk_16ms    ; 0.000        ; 0.073      ; 1.177      ;
; 0.912 ; data_counter[0]             ; data_counter[0]             ; clk_16ms     ; clk_16ms    ; 0.000        ; 0.072      ; 1.179      ;
; 0.916 ; data_counter[1]             ; data[3]~reg0                ; clk_16ms     ; clk_16ms    ; 0.000        ; 0.493      ; 1.604      ;
; 0.917 ; data_counter[3]             ; data_counter[3]             ; clk_16ms     ; clk_16ms    ; 0.000        ; 0.072      ; 1.184      ;
; 0.945 ; command_counter[0]          ; command_counter[1]          ; clk_16ms     ; clk_16ms    ; 0.000        ; 0.073      ; 1.213      ;
; 0.951 ; command_counter[0]          ; data[1]~reg0                ; clk_16ms     ; clk_16ms    ; 0.000        ; 0.499      ; 1.645      ;
; 0.975 ; data_counter[3]             ; data[0]~reg0                ; clk_16ms     ; clk_16ms    ; 0.000        ; 0.499      ; 1.669      ;
; 1.021 ; data_counter[3]             ; data[1]~reg0                ; clk_16ms     ; clk_16ms    ; 0.000        ; 0.499      ; 1.715      ;
; 1.030 ; command_counter[1]          ; command_counter[2]          ; clk_16ms     ; clk_16ms    ; 0.000        ; 0.499      ; 1.724      ;
; 1.043 ; data_counter[4]             ; data[3]~reg0                ; clk_16ms     ; clk_16ms    ; 0.000        ; 0.493      ; 1.731      ;
; 1.050 ; command_counter[1]          ; command_counter[0]          ; clk_16ms     ; clk_16ms    ; 0.000        ; 0.073      ; 1.318      ;
; 1.051 ; command_counter[1]          ; fsm_state.CONFIG_CMD1       ; clk_16ms     ; clk_16ms    ; 0.000        ; 0.073      ; 1.319      ;
; 1.053 ; data_counter[1]             ; data[0]~reg0                ; clk_16ms     ; clk_16ms    ; 0.000        ; 0.499      ; 1.747      ;
; 1.056 ; data_counter[2]             ; data[1]~reg0                ; clk_16ms     ; clk_16ms    ; 0.000        ; 0.499      ; 1.750      ;
; 1.058 ; data_counter[2]             ; data[2]~reg0                ; clk_16ms     ; clk_16ms    ; 0.000        ; 0.072      ; 1.325      ;
; 1.062 ; data_counter[1]             ; data[4]~reg0                ; clk_16ms     ; clk_16ms    ; 0.000        ; 0.500      ; 1.757      ;
; 1.122 ; data_counter[3]             ; data[3]~reg0                ; clk_16ms     ; clk_16ms    ; 0.000        ; 0.493      ; 1.810      ;
; 1.125 ; fsm_state.WR_STATIC_TEXT_2L ; fsm_state.IDLE              ; clk_16ms     ; clk_16ms    ; 0.000        ; 0.073      ; 1.393      ;
; 1.135 ; data_counter[2]             ; data[6]~reg0                ; clk_16ms     ; clk_16ms    ; 0.000        ; 0.500      ; 1.830      ;
; 1.135 ; fsm_state.IDLE              ; fsm_state.IDLE              ; clk_16ms     ; clk_16ms    ; 0.000        ; 0.073      ; 1.403      ;
; 1.157 ; data_counter[2]             ; data[5]~reg0                ; clk_16ms     ; clk_16ms    ; 0.000        ; 0.500      ; 1.852      ;
; 1.165 ; fsm_state.CONFIG_CMD2       ; rs~reg0                     ; clk_16ms     ; clk_16ms    ; 0.000        ; 0.072      ; 1.432      ;
; 1.165 ; data_counter[2]             ; data[3]~reg0                ; clk_16ms     ; clk_16ms    ; 0.000        ; 0.493      ; 1.853      ;
; 1.165 ; command_counter[1]          ; data[4]~reg0                ; clk_16ms     ; clk_16ms    ; 0.000        ; 0.500      ; 1.860      ;
; 1.185 ; data_counter[0]             ; data_counter[1]             ; clk_16ms     ; clk_16ms    ; 0.000        ; 0.072      ; 1.452      ;
; 1.194 ; data_counter[0]             ; fsm_state.CONFIG_CMD2       ; clk_16ms     ; clk_16ms    ; 0.000        ; 0.072      ; 1.461      ;
; 1.198 ; data_counter[4]             ; fsm_state.IDLE              ; clk_16ms     ; clk_16ms    ; 0.000        ; 0.073      ; 1.466      ;
; 1.201 ; command_counter[0]          ; data[3]~reg0                ; clk_16ms     ; clk_16ms    ; 0.000        ; 0.493      ; 1.889      ;
; 1.203 ; data_counter[2]             ; data_counter[3]             ; clk_16ms     ; clk_16ms    ; 0.000        ; 0.072      ; 1.470      ;
; 1.239 ; fsm_state.CONFIG_CMD1       ; command_counter[2]          ; clk_16ms     ; clk_16ms    ; 0.000        ; 0.499      ; 1.933      ;
; 1.250 ; command_counter[1]          ; data[0]~reg0                ; clk_16ms     ; clk_16ms    ; 0.000        ; 0.499      ; 1.944      ;
; 1.252 ; data_counter[1]             ; data_counter[2]             ; clk_16ms     ; clk_16ms    ; 0.000        ; 0.072      ; 1.519      ;
; 1.252 ; command_counter[0]          ; data[4]~reg0                ; clk_16ms     ; clk_16ms    ; 0.000        ; 0.500      ; 1.947      ;
; 1.266 ; fsm_state.CONFIG_CMD1       ; data[4]~reg0                ; clk_16ms     ; clk_16ms    ; 0.000        ; 0.500      ; 1.961      ;
; 1.270 ; fsm_state.WR_STATIC_TEXT_2L ; rs~reg0                     ; clk_16ms     ; clk_16ms    ; 0.000        ; 0.072      ; 1.537      ;
; 1.271 ; fsm_state.CONFIG_CMD2       ; data[3]~reg0                ; clk_16ms     ; clk_16ms    ; 0.000        ; 0.493      ; 1.959      ;
; 1.272 ; data_counter[3]             ; data_counter[4]             ; clk_16ms     ; clk_16ms    ; 0.000        ; 0.072      ; 1.539      ;
; 1.274 ; data_counter[0]             ; data_counter[2]             ; clk_16ms     ; clk_16ms    ; 0.000        ; 0.072      ; 1.541      ;
; 1.279 ; data_counter[2]             ; data_counter[4]             ; clk_16ms     ; clk_16ms    ; 0.000        ; 0.072      ; 1.546      ;
; 1.282 ; data_counter[0]             ; data[0]~reg0                ; clk_16ms     ; clk_16ms    ; 0.000        ; 0.499      ; 1.976      ;
; 1.288 ; data_counter[1]             ; data_counter[3]             ; clk_16ms     ; clk_16ms    ; 0.000        ; 0.072      ; 1.555      ;
; 1.290 ; command_counter[0]          ; data[0]~reg0                ; clk_16ms     ; clk_16ms    ; 0.000        ; 0.499      ; 1.984      ;
; 1.299 ; command_counter[0]          ; command_counter[2]          ; clk_16ms     ; clk_16ms    ; 0.000        ; 0.499      ; 1.993      ;
; 1.307 ; data_counter[0]             ; data_counter[3]             ; clk_16ms     ; clk_16ms    ; 0.000        ; 0.072      ; 1.574      ;
; 1.314 ; data_counter[0]             ; fsm_state.IDLE              ; clk_16ms     ; clk_16ms    ; 0.000        ; 0.073      ; 1.582      ;
; 1.328 ; fsm_state.CONFIG_CMD2       ; data[6]~reg0                ; clk_16ms     ; clk_16ms    ; 0.000        ; 0.500      ; 2.023      ;
; 1.331 ; fsm_state.CONFIG_CMD2       ; data[5]~reg0                ; clk_16ms     ; clk_16ms    ; 0.000        ; 0.500      ; 2.026      ;
; 1.343 ; fsm_state.WR_STATIC_TEXT_1L ; data[7]~reg0                ; clk_16ms     ; clk_16ms    ; 0.000        ; 0.073      ; 1.611      ;
; 1.345 ; data_counter[2]             ; fsm_state.CONFIG_CMD2       ; clk_16ms     ; clk_16ms    ; 0.000        ; 0.072      ; 1.612      ;
; 1.360 ; fsm_state.CONFIG_CMD1       ; data[6]~reg0                ; clk_16ms     ; clk_16ms    ; 0.000        ; 0.500      ; 2.055      ;
; 1.373 ; data_counter[3]             ; data[6]~reg0                ; clk_16ms     ; clk_16ms    ; 0.000        ; 0.500      ; 2.068      ;
; 1.374 ; data_counter[1]             ; data_counter[4]             ; clk_16ms     ; clk_16ms    ; 0.000        ; 0.072      ; 1.641      ;
; 1.378 ; data_counter[3]             ; data[2]~reg0                ; clk_16ms     ; clk_16ms    ; 0.000        ; 0.072      ; 1.645      ;
; 1.380 ; fsm_state.CONFIG_CMD1       ; data[5]~reg0                ; clk_16ms     ; clk_16ms    ; 0.000        ; 0.500      ; 2.075      ;
; 1.385 ; fsm_state.WR_STATIC_TEXT_2L ; data[3]~reg0                ; clk_16ms     ; clk_16ms    ; 0.000        ; 0.493      ; 2.073      ;
; 1.394 ; fsm_state.CONFIG_CMD2       ; fsm_state.WR_STATIC_TEXT_2L ; clk_16ms     ; clk_16ms    ; 0.000        ; 0.072      ; 1.661      ;
; 1.394 ; data_counter[4]             ; data[6]~reg0                ; clk_16ms     ; clk_16ms    ; 0.000        ; 0.500      ; 2.089      ;
; 1.396 ; data_counter[1]             ; data[6]~reg0                ; clk_16ms     ; clk_16ms    ; 0.000        ; 0.500      ; 2.091      ;
; 1.396 ; data_counter[0]             ; data_counter[4]             ; clk_16ms     ; clk_16ms    ; 0.000        ; 0.072      ; 1.663      ;
; 1.408 ; data_counter[0]             ; data[3]~reg0                ; clk_16ms     ; clk_16ms    ; 0.000        ; 0.493      ; 2.096      ;
; 1.412 ; data_counter[1]             ; data[5]~reg0                ; clk_16ms     ; clk_16ms    ; 0.000        ; 0.500      ; 2.107      ;
; 1.412 ; data_counter[4]             ; data[5]~reg0                ; clk_16ms     ; clk_16ms    ; 0.000        ; 0.500      ; 2.107      ;
; 1.414 ; data_counter[0]             ; data[1]~reg0                ; clk_16ms     ; clk_16ms    ; 0.000        ; 0.499      ; 2.108      ;
; 1.424 ; data_counter[3]             ; data[5]~reg0                ; clk_16ms     ; clk_16ms    ; 0.000        ; 0.500      ; 2.119      ;
; 1.433 ; data_counter[0]             ; rs~reg0                     ; clk_16ms     ; clk_16ms    ; 0.000        ; 0.072      ; 1.700      ;
; 1.433 ; fsm_state.WR_STATIC_TEXT_2L ; data[6]~reg0                ; clk_16ms     ; clk_16ms    ; 0.000        ; 0.500      ; 2.128      ;
; 1.436 ; fsm_state.WR_STATIC_TEXT_2L ; data[5]~reg0                ; clk_16ms     ; clk_16ms    ; 0.000        ; 0.500      ; 2.131      ;
; 1.448 ; fsm_state.CONFIG_CMD2       ; data[0]~reg0                ; clk_16ms     ; clk_16ms    ; 0.000        ; 0.499      ; 2.142      ;
; 1.448 ; fsm_state.CONFIG_CMD2       ; data[1]~reg0                ; clk_16ms     ; clk_16ms    ; 0.000        ; 0.499      ; 2.142      ;
; 1.463 ; fsm_state.CONFIG_CMD2       ; command_counter[2]          ; clk_16ms     ; clk_16ms    ; 0.000        ; 0.499      ; 2.157      ;
; 1.465 ; data_counter[2]             ; fsm_state.IDLE              ; clk_16ms     ; clk_16ms    ; 0.000        ; 0.073      ; 1.733      ;
; 1.485 ; data_counter[4]             ; rs~reg0                     ; clk_16ms     ; clk_16ms    ; 0.000        ; 0.072      ; 1.752      ;
; 1.495 ; data_counter[4]             ; data[7]~reg0                ; clk_16ms     ; clk_16ms    ; 0.000        ; 0.073      ; 1.763      ;
; 1.499 ; fsm_state.WR_STATIC_TEXT_2L ; fsm_state.WR_STATIC_TEXT_2L ; clk_16ms     ; clk_16ms    ; 0.000        ; 0.072      ; 1.766      ;
; 1.508 ; fsm_state.CONFIG_CMD2       ; data[4]~reg0                ; clk_16ms     ; clk_16ms    ; 0.000        ; 0.500      ; 2.203      ;
; 1.510 ; command_counter[1]          ; data[5]~reg0                ; clk_16ms     ; clk_16ms    ; 0.000        ; 0.500      ; 2.205      ;
; 1.530 ; data_counter[1]             ; fsm_state.CONFIG_CMD2       ; clk_16ms     ; clk_16ms    ; 0.000        ; 0.072      ; 1.797      ;
; 1.539 ; data_counter[4]             ; data_counter[3]             ; clk_16ms     ; clk_16ms    ; 0.000        ; 0.072      ; 1.806      ;
; 1.539 ; data_counter[4]             ; data_counter[2]             ; clk_16ms     ; clk_16ms    ; 0.000        ; 0.072      ; 1.806      ;
; 1.539 ; data_counter[4]             ; data_counter[1]             ; clk_16ms     ; clk_16ms    ; 0.000        ; 0.072      ; 1.806      ;
; 1.539 ; data_counter[4]             ; data_counter[0]             ; clk_16ms     ; clk_16ms    ; 0.000        ; 0.072      ; 1.806      ;
; 1.539 ; data_counter[2]             ; data[4]~reg0                ; clk_16ms     ; clk_16ms    ; 0.000        ; 0.500      ; 2.234      ;
; 1.540 ; command_counter[2]          ; command_counter[0]          ; clk_16ms     ; clk_16ms    ; 0.000        ; -0.337     ; 1.398      ;
; 1.541 ; command_counter[2]          ; fsm_state.CONFIG_CMD1       ; clk_16ms     ; clk_16ms    ; 0.000        ; -0.337     ; 1.399      ;
; 1.552 ; data_counter[3]             ; fsm_state.CONFIG_CMD2       ; clk_16ms     ; clk_16ms    ; 0.000        ; 0.072      ; 1.819      ;
+-------+-----------------------------+-----------------------------+--------------+-------------+--------------+------------+------------+


+-----------------------------------------------------------------------------------------------------------------+
; Slow 1200mV 0C Model Hold: 'clk'                                                                                ;
+-------+-----------------+-----------------+--------------+-------------+--------------+------------+------------+
; Slack ; From Node       ; To Node         ; Launch Clock ; Latch Clock ; Relationship ; Clock Skew ; Data Delay ;
+-------+-----------------+-----------------+--------------+-------------+--------------+------------+------------+
; 0.690 ; clk_counter[7]  ; clk_counter[7]  ; clk          ; clk         ; 0.000        ; 0.072      ; 0.957      ;
; 0.691 ; clk_counter[9]  ; clk_counter[9]  ; clk          ; clk         ; 0.000        ; 0.072      ; 0.958      ;
; 0.692 ; clk_counter[5]  ; clk_counter[5]  ; clk          ; clk         ; 0.000        ; 0.072      ; 0.959      ;
; 0.693 ; clk_counter[16] ; clk_counter[16] ; clk          ; clk         ; 0.000        ; 0.073      ; 0.961      ;
; 0.694 ; clk_counter[3]  ; clk_counter[3]  ; clk          ; clk         ; 0.000        ; 0.072      ; 0.961      ;
; 0.695 ; clk_counter[17] ; clk_counter[17] ; clk          ; clk         ; 0.000        ; 0.073      ; 0.963      ;
; 0.695 ; clk_counter[6]  ; clk_counter[6]  ; clk          ; clk         ; 0.000        ; 0.072      ; 0.962      ;
; 0.698 ; clk_counter[4]  ; clk_counter[4]  ; clk          ; clk         ; 0.000        ; 0.072      ; 0.965      ;
; 0.698 ; clk_counter[2]  ; clk_counter[2]  ; clk          ; clk         ; 0.000        ; 0.072      ; 0.965      ;
; 0.705 ; clk_counter[15] ; clk_counter[15] ; clk          ; clk         ; 0.000        ; 0.073      ; 0.973      ;
; 0.706 ; clk_counter[11] ; clk_counter[11] ; clk          ; clk         ; 0.000        ; 0.073      ; 0.974      ;
; 0.708 ; clk_counter[1]  ; clk_counter[1]  ; clk          ; clk         ; 0.000        ; 0.072      ; 0.975      ;
; 0.711 ; clk_counter[14] ; clk_counter[14] ; clk          ; clk         ; 0.000        ; 0.073      ; 0.979      ;
; 0.729 ; clk_counter[0]  ; clk_counter[0]  ; clk          ; clk         ; 0.000        ; 0.072      ; 0.996      ;
; 1.012 ; clk_counter[16] ; clk_counter[17] ; clk          ; clk         ; 0.000        ; 0.073      ; 1.280      ;
; 1.014 ; clk_counter[5]  ; clk_counter[6]  ; clk          ; clk         ; 0.000        ; 0.072      ; 1.281      ;
; 1.014 ; clk_counter[6]  ; clk_counter[7]  ; clk          ; clk         ; 0.000        ; 0.072      ; 1.281      ;
; 1.017 ; clk_counter[4]  ; clk_counter[5]  ; clk          ; clk         ; 0.000        ; 0.072      ; 1.284      ;
; 1.017 ; clk_counter[2]  ; clk_counter[3]  ; clk          ; clk         ; 0.000        ; 0.072      ; 1.284      ;
; 1.018 ; clk_counter[3]  ; clk_counter[4]  ; clk          ; clk         ; 0.000        ; 0.072      ; 1.285      ;
; 1.020 ; clk_counter[8]  ; clk_counter[9]  ; clk          ; clk         ; 0.000        ; 0.072      ; 1.287      ;
; 1.027 ; clk_counter[15] ; clk_counter[16] ; clk          ; clk         ; 0.000        ; 0.073      ; 1.295      ;
; 1.027 ; clk_counter[0]  ; clk_counter[1]  ; clk          ; clk         ; 0.000        ; 0.072      ; 1.294      ;
; 1.028 ; clk_counter[14] ; clk_counter[15] ; clk          ; clk         ; 0.000        ; 0.073      ; 1.296      ;
; 1.029 ; clk_counter[13] ; clk_counter[14] ; clk          ; clk         ; 0.000        ; 0.073      ; 1.297      ;
; 1.030 ; clk_counter[10] ; clk_counter[11] ; clk          ; clk         ; 0.000        ; 0.073      ; 1.298      ;
; 1.032 ; clk_counter[1]  ; clk_counter[2]  ; clk          ; clk         ; 0.000        ; 0.072      ; 1.299      ;
; 1.032 ; clk_counter[4]  ; clk_counter[6]  ; clk          ; clk         ; 0.000        ; 0.072      ; 1.299      ;
; 1.032 ; clk_counter[2]  ; clk_counter[4]  ; clk          ; clk         ; 0.000        ; 0.072      ; 1.299      ;
; 1.042 ; clk_counter[0]  ; clk_counter[2]  ; clk          ; clk         ; 0.000        ; 0.072      ; 1.309      ;
; 1.045 ; clk_counter[14] ; clk_counter[16] ; clk          ; clk         ; 0.000        ; 0.073      ; 1.313      ;
; 1.047 ; clk_counter[12] ; clk_counter[14] ; clk          ; clk         ; 0.000        ; 0.073      ; 1.315      ;
; 1.058 ; clk_counter[19] ; clk_counter[19] ; clk          ; clk         ; 0.000        ; 0.073      ; 1.326      ;
; 1.063 ; clk_counter[18] ; clk_counter[18] ; clk          ; clk         ; 0.000        ; 0.073      ; 1.331      ;
; 1.068 ; clk_counter[8]  ; clk_counter[8]  ; clk          ; clk         ; 0.000        ; 0.072      ; 1.335      ;
; 1.107 ; clk_counter[7]  ; clk_counter[9]  ; clk          ; clk         ; 0.000        ; 0.072      ; 1.374      ;
; 1.107 ; clk_counter[9]  ; clk_counter[11] ; clk          ; clk         ; 0.000        ; 0.074      ; 1.376      ;
; 1.111 ; clk_counter[5]  ; clk_counter[7]  ; clk          ; clk         ; 0.000        ; 0.072      ; 1.378      ;
; 1.115 ; clk_counter[3]  ; clk_counter[5]  ; clk          ; clk         ; 0.000        ; 0.072      ; 1.382      ;
; 1.121 ; clk_counter[15] ; clk_counter[17] ; clk          ; clk         ; 0.000        ; 0.073      ; 1.389      ;
; 1.122 ; clk_counter[16] ; clk_counter[12] ; clk          ; clk         ; 0.000        ; 0.073      ; 1.390      ;
; 1.122 ; clk_counter[16] ; clk_counter[10] ; clk          ; clk         ; 0.000        ; 0.073      ; 1.390      ;
; 1.123 ; clk_counter[13] ; clk_counter[15] ; clk          ; clk         ; 0.000        ; 0.073      ; 1.391      ;
; 1.123 ; clk_counter[16] ; clk_counter[19] ; clk          ; clk         ; 0.000        ; 0.073      ; 1.391      ;
; 1.123 ; clk_counter[16] ; clk_counter[18] ; clk          ; clk         ; 0.000        ; 0.073      ; 1.391      ;
; 1.127 ; clk_counter[1]  ; clk_counter[3]  ; clk          ; clk         ; 0.000        ; 0.072      ; 1.394      ;
; 1.136 ; clk_counter[6]  ; clk_counter[9]  ; clk          ; clk         ; 0.000        ; 0.072      ; 1.403      ;
; 1.139 ; clk_counter[4]  ; clk_counter[7]  ; clk          ; clk         ; 0.000        ; 0.072      ; 1.406      ;
; 1.139 ; clk_counter[2]  ; clk_counter[5]  ; clk          ; clk         ; 0.000        ; 0.072      ; 1.406      ;
; 1.140 ; clk_counter[3]  ; clk_counter[6]  ; clk          ; clk         ; 0.000        ; 0.072      ; 1.407      ;
; 1.140 ; clk_counter[8]  ; clk_counter[11] ; clk          ; clk         ; 0.000        ; 0.074      ; 1.409      ;
; 1.149 ; clk_counter[0]  ; clk_counter[3]  ; clk          ; clk         ; 0.000        ; 0.072      ; 1.416      ;
; 1.150 ; clk_counter[14] ; clk_counter[17] ; clk          ; clk         ; 0.000        ; 0.073      ; 1.418      ;
; 1.151 ; clk_counter[13] ; clk_counter[16] ; clk          ; clk         ; 0.000        ; 0.073      ; 1.419      ;
; 1.152 ; clk_counter[11] ; clk_counter[14] ; clk          ; clk         ; 0.000        ; 0.073      ; 1.420      ;
; 1.153 ; clk_counter[12] ; clk_counter[15] ; clk          ; clk         ; 0.000        ; 0.073      ; 1.421      ;
; 1.154 ; clk_counter[1]  ; clk_counter[4]  ; clk          ; clk         ; 0.000        ; 0.072      ; 1.421      ;
; 1.154 ; clk_counter[2]  ; clk_counter[6]  ; clk          ; clk         ; 0.000        ; 0.072      ; 1.421      ;
; 1.155 ; clk_counter[16] ; clk_counter[13] ; clk          ; clk         ; 0.000        ; 0.073      ; 1.423      ;
; 1.164 ; clk_counter[0]  ; clk_counter[4]  ; clk          ; clk         ; 0.000        ; 0.072      ; 1.431      ;
; 1.167 ; clk_counter[10] ; clk_counter[14] ; clk          ; clk         ; 0.000        ; 0.073      ; 1.435      ;
; 1.169 ; clk_counter[12] ; clk_counter[16] ; clk          ; clk         ; 0.000        ; 0.073      ; 1.437      ;
; 1.222 ; clk_counter[12] ; clk_counter[12] ; clk          ; clk         ; 0.000        ; 0.073      ; 1.490      ;
; 1.227 ; clk_counter[7]  ; clk_counter[11] ; clk          ; clk         ; 0.000        ; 0.074      ; 1.496      ;
; 1.233 ; clk_counter[5]  ; clk_counter[9]  ; clk          ; clk         ; 0.000        ; 0.072      ; 1.500      ;
; 1.237 ; clk_counter[3]  ; clk_counter[7]  ; clk          ; clk         ; 0.000        ; 0.072      ; 1.504      ;
; 1.245 ; clk_counter[13] ; clk_counter[17] ; clk          ; clk         ; 0.000        ; 0.073      ; 1.513      ;
; 1.247 ; clk_counter[11] ; clk_counter[15] ; clk          ; clk         ; 0.000        ; 0.073      ; 1.515      ;
; 1.249 ; clk_counter[1]  ; clk_counter[5]  ; clk          ; clk         ; 0.000        ; 0.072      ; 1.516      ;
; 1.251 ; clk_counter[17] ; clk_counter[12] ; clk          ; clk         ; 0.000        ; 0.073      ; 1.519      ;
; 1.251 ; clk_counter[17] ; clk_counter[10] ; clk          ; clk         ; 0.000        ; 0.073      ; 1.519      ;
; 1.252 ; clk_counter[17] ; clk_counter[19] ; clk          ; clk         ; 0.000        ; 0.073      ; 1.520      ;
; 1.252 ; clk_counter[17] ; clk_counter[18] ; clk          ; clk         ; 0.000        ; 0.073      ; 1.520      ;
; 1.255 ; clk_counter[9]  ; clk_counter[14] ; clk          ; clk         ; 0.000        ; 0.074      ; 1.524      ;
; 1.256 ; clk_counter[6]  ; clk_counter[11] ; clk          ; clk         ; 0.000        ; 0.074      ; 1.525      ;
; 1.261 ; clk_counter[4]  ; clk_counter[9]  ; clk          ; clk         ; 0.000        ; 0.072      ; 1.528      ;
; 1.261 ; clk_counter[2]  ; clk_counter[7]  ; clk          ; clk         ; 0.000        ; 0.072      ; 1.528      ;
; 1.271 ; clk_counter[0]  ; clk_counter[5]  ; clk          ; clk         ; 0.000        ; 0.072      ; 1.538      ;
; 1.274 ; clk_counter[11] ; clk_counter[16] ; clk          ; clk         ; 0.000        ; 0.073      ; 1.542      ;
; 1.274 ; clk_counter[10] ; clk_counter[15] ; clk          ; clk         ; 0.000        ; 0.073      ; 1.542      ;
; 1.275 ; clk_counter[12] ; clk_counter[17] ; clk          ; clk         ; 0.000        ; 0.073      ; 1.543      ;
; 1.276 ; clk_counter[1]  ; clk_counter[6]  ; clk          ; clk         ; 0.000        ; 0.072      ; 1.543      ;
; 1.277 ; clk_counter[8]  ; clk_counter[14] ; clk          ; clk         ; 0.000        ; 0.074      ; 1.546      ;
; 1.284 ; clk_counter[17] ; clk_counter[13] ; clk          ; clk         ; 0.000        ; 0.073      ; 1.552      ;
; 1.286 ; clk_counter[0]  ; clk_counter[6]  ; clk          ; clk         ; 0.000        ; 0.072      ; 1.553      ;
; 1.289 ; clk_counter[10] ; clk_counter[16] ; clk          ; clk         ; 0.000        ; 0.073      ; 1.557      ;
; 1.312 ; clk_counter[13] ; clk_counter[13] ; clk          ; clk         ; 0.000        ; 0.073      ; 1.580      ;
; 1.327 ; clk_16ms        ; clk_16ms        ; clk_16ms     ; clk         ; 0.000        ; 2.387      ; 4.179      ;
; 1.351 ; clk_counter[9]  ; clk_counter[15] ; clk          ; clk         ; 0.000        ; 0.074      ; 1.620      ;
; 1.353 ; clk_counter[5]  ; clk_counter[11] ; clk          ; clk         ; 0.000        ; 0.074      ; 1.622      ;
; 1.358 ; clk_counter[18] ; clk_counter[19] ; clk          ; clk         ; 0.000        ; 0.073      ; 1.626      ;
; 1.359 ; clk_counter[3]  ; clk_counter[9]  ; clk          ; clk         ; 0.000        ; 0.072      ; 1.626      ;
; 1.369 ; clk_counter[11] ; clk_counter[17] ; clk          ; clk         ; 0.000        ; 0.073      ; 1.637      ;
; 1.371 ; clk_counter[7]  ; clk_counter[8]  ; clk          ; clk         ; 0.000        ; 0.072      ; 1.638      ;
; 1.371 ; clk_counter[1]  ; clk_counter[7]  ; clk          ; clk         ; 0.000        ; 0.072      ; 1.638      ;
; 1.376 ; clk_counter[7]  ; clk_counter[14] ; clk          ; clk         ; 0.000        ; 0.074      ; 1.645      ;
; 1.377 ; clk_counter[9]  ; clk_counter[16] ; clk          ; clk         ; 0.000        ; 0.074      ; 1.646      ;
; 1.381 ; clk_counter[4]  ; clk_counter[11] ; clk          ; clk         ; 0.000        ; 0.074      ; 1.650      ;
; 1.383 ; clk_counter[2]  ; clk_counter[9]  ; clk          ; clk         ; 0.000        ; 0.072      ; 1.650      ;
; 1.384 ; clk_counter[8]  ; clk_counter[15] ; clk          ; clk         ; 0.000        ; 0.074      ; 1.653      ;
+-------+-----------------+-----------------+--------------+-------------+--------------+------------+------------+


----------------------------------------------
; Slow 1200mV 0C Model Metastability Summary ;
----------------------------------------------
No synchronizer chains to report.


+------------------------------------+
; Fast 1200mV 0C Model Setup Summary ;
+----------+--------+----------------+
; Clock    ; Slack  ; End Point TNS  ;
+----------+--------+----------------+
; clk      ; -1.117 ; -5.812         ;
; clk_16ms ; -0.772 ; -11.367        ;
+----------+--------+----------------+


+-----------------------------------+
; Fast 1200mV 0C Model Hold Summary ;
+----------+-------+----------------+
; Clock    ; Slack ; End Point TNS  ;
+----------+-------+----------------+
; clk_16ms ; 0.179 ; 0.000          ;
; clk      ; 0.296 ; 0.000          ;
+----------+-------+----------------+


-----------------------------------------
; Fast 1200mV 0C Model Recovery Summary ;
-----------------------------------------
No paths to report.


----------------------------------------
; Fast 1200mV 0C Model Removal Summary ;
----------------------------------------
No paths to report.


+--------------------------------------------------+
; Fast 1200mV 0C Model Minimum Pulse Width Summary ;
+----------+--------+------------------------------+
; Clock    ; Slack  ; End Point TNS                ;
+----------+--------+------------------------------+
; clk      ; -3.000 ; -25.344                      ;
; clk_16ms ; -1.000 ; -22.000                      ;
+----------+--------+------------------------------+


+------------------------------------------------------------------------------------------------------------------+
; Fast 1200mV 0C Model Setup: 'clk'                                                                                ;
+--------+-----------------+-----------------+--------------+-------------+--------------+------------+------------+
; Slack  ; From Node       ; To Node         ; Launch Clock ; Latch Clock ; Relationship ; Clock Skew ; Data Delay ;
+--------+-----------------+-----------------+--------------+-------------+--------------+------------+------------+
; -1.117 ; clk_counter[13] ; clk_16ms        ; clk          ; clk         ; 1.000        ; -0.038     ; 2.066      ;
; -1.110 ; clk_counter[15] ; clk_16ms        ; clk          ; clk         ; 1.000        ; -0.038     ; 2.059      ;
; -1.087 ; clk_counter[14] ; clk_16ms        ; clk          ; clk         ; 1.000        ; -0.038     ; 2.036      ;
; -1.043 ; clk_counter[1]  ; clk_16ms        ; clk          ; clk         ; 1.000        ; -0.036     ; 1.994      ;
; -1.027 ; clk_counter[12] ; clk_16ms        ; clk          ; clk         ; 1.000        ; -0.038     ; 1.976      ;
; -1.013 ; clk_counter[10] ; clk_16ms        ; clk          ; clk         ; 1.000        ; -0.038     ; 1.962      ;
; -0.981 ; clk_counter[0]  ; clk_16ms        ; clk          ; clk         ; 1.000        ; -0.036     ; 1.932      ;
; -0.967 ; clk_counter[5]  ; clk_16ms        ; clk          ; clk         ; 1.000        ; -0.036     ; 1.918      ;
; -0.963 ; clk_counter[4]  ; clk_16ms        ; clk          ; clk         ; 1.000        ; -0.036     ; 1.914      ;
; -0.962 ; clk_counter[2]  ; clk_16ms        ; clk          ; clk         ; 1.000        ; -0.036     ; 1.913      ;
; -0.917 ; clk_counter[11] ; clk_16ms        ; clk          ; clk         ; 1.000        ; -0.038     ; 1.866      ;
; -0.911 ; clk_counter[19] ; clk_16ms        ; clk          ; clk         ; 1.000        ; -0.038     ; 1.860      ;
; -0.910 ; clk_counter[18] ; clk_16ms        ; clk          ; clk         ; 1.000        ; -0.038     ; 1.859      ;
; -0.903 ; clk_counter[7]  ; clk_16ms        ; clk          ; clk         ; 1.000        ; -0.036     ; 1.854      ;
; -0.829 ; clk_counter[6]  ; clk_16ms        ; clk          ; clk         ; 1.000        ; -0.036     ; 1.780      ;
; -0.828 ; clk_counter[3]  ; clk_16ms        ; clk          ; clk         ; 1.000        ; -0.036     ; 1.779      ;
; -0.811 ; clk_counter[9]  ; clk_16ms        ; clk          ; clk         ; 1.000        ; -0.036     ; 1.762      ;
; -0.800 ; clk_counter[8]  ; clk_16ms        ; clk          ; clk         ; 1.000        ; -0.036     ; 1.751      ;
; -0.764 ; clk_counter[17] ; clk_16ms        ; clk          ; clk         ; 1.000        ; -0.038     ; 1.713      ;
; -0.708 ; clk_counter[16] ; clk_16ms        ; clk          ; clk         ; 1.000        ; -0.038     ; 1.657      ;
; -0.600 ; clk_counter[1]  ; clk_counter[19] ; clk          ; clk         ; 1.000        ; -0.034     ; 1.553      ;
; -0.599 ; clk_counter[13] ; clk_counter[18] ; clk          ; clk         ; 1.000        ; -0.036     ; 1.550      ;
; -0.599 ; clk_counter[13] ; clk_counter[19] ; clk          ; clk         ; 1.000        ; -0.036     ; 1.550      ;
; -0.597 ; clk_counter[1]  ; clk_counter[18] ; clk          ; clk         ; 1.000        ; -0.034     ; 1.550      ;
; -0.586 ; clk_counter[0]  ; clk_counter[19] ; clk          ; clk         ; 1.000        ; -0.034     ; 1.539      ;
; -0.579 ; clk_counter[15] ; clk_counter[19] ; clk          ; clk         ; 1.000        ; -0.036     ; 1.530      ;
; -0.579 ; clk_counter[15] ; clk_counter[18] ; clk          ; clk         ; 1.000        ; -0.036     ; 1.530      ;
; -0.568 ; clk_counter[1]  ; clk_counter[13] ; clk          ; clk         ; 1.000        ; -0.034     ; 1.521      ;
; -0.556 ; clk_counter[14] ; clk_counter[19] ; clk          ; clk         ; 1.000        ; -0.036     ; 1.507      ;
; -0.556 ; clk_counter[14] ; clk_counter[18] ; clk          ; clk         ; 1.000        ; -0.036     ; 1.507      ;
; -0.554 ; clk_counter[0]  ; clk_counter[13] ; clk          ; clk         ; 1.000        ; -0.034     ; 1.507      ;
; -0.548 ; clk_counter[0]  ; clk_counter[18] ; clk          ; clk         ; 1.000        ; -0.034     ; 1.501      ;
; -0.526 ; clk_counter[3]  ; clk_counter[19] ; clk          ; clk         ; 1.000        ; -0.034     ; 1.479      ;
; -0.523 ; clk_counter[3]  ; clk_counter[18] ; clk          ; clk         ; 1.000        ; -0.034     ; 1.476      ;
; -0.511 ; clk_counter[2]  ; clk_counter[19] ; clk          ; clk         ; 1.000        ; -0.034     ; 1.464      ;
; -0.509 ; clk_counter[12] ; clk_counter[18] ; clk          ; clk         ; 1.000        ; -0.036     ; 1.460      ;
; -0.509 ; clk_counter[12] ; clk_counter[19] ; clk          ; clk         ; 1.000        ; -0.036     ; 1.460      ;
; -0.499 ; clk_counter[1]  ; clk_counter[10] ; clk          ; clk         ; 1.000        ; -0.034     ; 1.452      ;
; -0.495 ; clk_counter[10] ; clk_counter[18] ; clk          ; clk         ; 1.000        ; -0.036     ; 1.446      ;
; -0.495 ; clk_counter[10] ; clk_counter[19] ; clk          ; clk         ; 1.000        ; -0.036     ; 1.446      ;
; -0.494 ; clk_counter[3]  ; clk_counter[13] ; clk          ; clk         ; 1.000        ; -0.034     ; 1.447      ;
; -0.485 ; clk_counter[13] ; clk_counter[12] ; clk          ; clk         ; 1.000        ; -0.036     ; 1.436      ;
; -0.485 ; clk_counter[13] ; clk_counter[10] ; clk          ; clk         ; 1.000        ; -0.036     ; 1.436      ;
; -0.485 ; clk_counter[13] ; clk_counter[13] ; clk          ; clk         ; 1.000        ; -0.036     ; 1.436      ;
; -0.479 ; clk_counter[2]  ; clk_counter[13] ; clk          ; clk         ; 1.000        ; -0.034     ; 1.432      ;
; -0.476 ; clk_counter[2]  ; clk_counter[18] ; clk          ; clk         ; 1.000        ; -0.034     ; 1.429      ;
; -0.469 ; clk_counter[1]  ; clk_counter[12] ; clk          ; clk         ; 1.000        ; -0.034     ; 1.422      ;
; -0.461 ; clk_16ms        ; clk_16ms        ; clk_16ms     ; clk         ; 0.500        ; 1.133      ; 2.176      ;
; -0.456 ; clk_counter[15] ; clk_counter[13] ; clk          ; clk         ; 1.000        ; -0.036     ; 1.407      ;
; -0.456 ; clk_counter[15] ; clk_counter[10] ; clk          ; clk         ; 1.000        ; -0.036     ; 1.407      ;
; -0.456 ; clk_counter[15] ; clk_counter[12] ; clk          ; clk         ; 1.000        ; -0.036     ; 1.407      ;
; -0.455 ; clk_counter[5]  ; clk_counter[19] ; clk          ; clk         ; 1.000        ; -0.034     ; 1.408      ;
; -0.452 ; clk_counter[5]  ; clk_counter[18] ; clk          ; clk         ; 1.000        ; -0.034     ; 1.405      ;
; -0.450 ; clk_counter[0]  ; clk_counter[10] ; clk          ; clk         ; 1.000        ; -0.034     ; 1.403      ;
; -0.445 ; clk_counter[4]  ; clk_counter[18] ; clk          ; clk         ; 1.000        ; -0.034     ; 1.398      ;
; -0.445 ; clk_counter[4]  ; clk_counter[19] ; clk          ; clk         ; 1.000        ; -0.034     ; 1.398      ;
; -0.434 ; clk_counter[14] ; clk_counter[12] ; clk          ; clk         ; 1.000        ; -0.036     ; 1.385      ;
; -0.434 ; clk_counter[14] ; clk_counter[10] ; clk          ; clk         ; 1.000        ; -0.036     ; 1.385      ;
; -0.434 ; clk_counter[14] ; clk_counter[13] ; clk          ; clk         ; 1.000        ; -0.036     ; 1.385      ;
; -0.425 ; clk_counter[3]  ; clk_counter[10] ; clk          ; clk         ; 1.000        ; -0.034     ; 1.378      ;
; -0.423 ; clk_counter[5]  ; clk_counter[13] ; clk          ; clk         ; 1.000        ; -0.034     ; 1.376      ;
; -0.420 ; clk_counter[0]  ; clk_counter[12] ; clk          ; clk         ; 1.000        ; -0.034     ; 1.373      ;
; -0.411 ; clk_counter[4]  ; clk_counter[13] ; clk          ; clk         ; 1.000        ; -0.034     ; 1.364      ;
; -0.395 ; clk_counter[12] ; clk_counter[12] ; clk          ; clk         ; 1.000        ; -0.036     ; 1.346      ;
; -0.395 ; clk_counter[12] ; clk_counter[10] ; clk          ; clk         ; 1.000        ; -0.036     ; 1.346      ;
; -0.395 ; clk_counter[12] ; clk_counter[13] ; clk          ; clk         ; 1.000        ; -0.036     ; 1.346      ;
; -0.395 ; clk_counter[3]  ; clk_counter[12] ; clk          ; clk         ; 1.000        ; -0.034     ; 1.348      ;
; -0.387 ; clk_counter[7]  ; clk_counter[19] ; clk          ; clk         ; 1.000        ; -0.034     ; 1.340      ;
; -0.386 ; clk_counter[11] ; clk_counter[19] ; clk          ; clk         ; 1.000        ; -0.036     ; 1.337      ;
; -0.386 ; clk_counter[11] ; clk_counter[18] ; clk          ; clk         ; 1.000        ; -0.036     ; 1.337      ;
; -0.385 ; clk_counter[7]  ; clk_counter[18] ; clk          ; clk         ; 1.000        ; -0.034     ; 1.338      ;
; -0.381 ; clk_counter[10] ; clk_counter[12] ; clk          ; clk         ; 1.000        ; -0.036     ; 1.332      ;
; -0.381 ; clk_counter[10] ; clk_counter[10] ; clk          ; clk         ; 1.000        ; -0.036     ; 1.332      ;
; -0.381 ; clk_counter[10] ; clk_counter[13] ; clk          ; clk         ; 1.000        ; -0.036     ; 1.332      ;
; -0.378 ; clk_counter[2]  ; clk_counter[10] ; clk          ; clk         ; 1.000        ; -0.034     ; 1.331      ;
; -0.374 ; clk_counter[6]  ; clk_counter[19] ; clk          ; clk         ; 1.000        ; -0.034     ; 1.327      ;
; -0.362 ; clk_counter[1]  ; clk_counter[17] ; clk          ; clk         ; 1.000        ; -0.034     ; 1.315      ;
; -0.358 ; clk_counter[1]  ; clk_counter[16] ; clk          ; clk         ; 1.000        ; -0.034     ; 1.311      ;
; -0.355 ; clk_counter[7]  ; clk_counter[13] ; clk          ; clk         ; 1.000        ; -0.034     ; 1.308      ;
; -0.354 ; clk_counter[5]  ; clk_counter[10] ; clk          ; clk         ; 1.000        ; -0.034     ; 1.307      ;
; -0.348 ; clk_counter[2]  ; clk_counter[12] ; clk          ; clk         ; 1.000        ; -0.034     ; 1.301      ;
; -0.348 ; clk_counter[0]  ; clk_counter[17] ; clk          ; clk         ; 1.000        ; -0.034     ; 1.301      ;
; -0.346 ; clk_counter[13] ; clk_counter[8]  ; clk          ; clk         ; 1.000        ; -0.038     ; 1.295      ;
; -0.343 ; clk_counter[15] ; clk_counter[8]  ; clk          ; clk         ; 1.000        ; -0.038     ; 1.292      ;
; -0.342 ; clk_counter[6]  ; clk_counter[13] ; clk          ; clk         ; 1.000        ; -0.034     ; 1.295      ;
; -0.338 ; clk_counter[6]  ; clk_counter[18] ; clk          ; clk         ; 1.000        ; -0.034     ; 1.291      ;
; -0.335 ; clk_counter[5]  ; clk_counter[12] ; clk          ; clk         ; 1.000        ; -0.034     ; 1.288      ;
; -0.331 ; clk_counter[4]  ; clk_counter[12] ; clk          ; clk         ; 1.000        ; -0.034     ; 1.284      ;
; -0.331 ; clk_counter[4]  ; clk_counter[10] ; clk          ; clk         ; 1.000        ; -0.034     ; 1.284      ;
; -0.320 ; clk_counter[14] ; clk_counter[8]  ; clk          ; clk         ; 1.000        ; -0.038     ; 1.269      ;
; -0.319 ; clk_counter[9]  ; clk_counter[19] ; clk          ; clk         ; 1.000        ; -0.034     ; 1.272      ;
; -0.316 ; clk_counter[9]  ; clk_counter[18] ; clk          ; clk         ; 1.000        ; -0.034     ; 1.269      ;
; -0.310 ; clk_counter[8]  ; clk_counter[19] ; clk          ; clk         ; 1.000        ; -0.034     ; 1.263      ;
; -0.309 ; clk_counter[0]  ; clk_counter[16] ; clk          ; clk         ; 1.000        ; -0.034     ; 1.262      ;
; -0.294 ; clk_counter[1]  ; clk_counter[15] ; clk          ; clk         ; 1.000        ; -0.034     ; 1.247      ;
; -0.290 ; clk_counter[1]  ; clk_counter[14] ; clk          ; clk         ; 1.000        ; -0.034     ; 1.243      ;
; -0.288 ; clk_counter[3]  ; clk_counter[17] ; clk          ; clk         ; 1.000        ; -0.034     ; 1.241      ;
; -0.287 ; clk_counter[9]  ; clk_counter[13] ; clk          ; clk         ; 1.000        ; -0.034     ; 1.240      ;
; -0.286 ; clk_counter[7]  ; clk_counter[10] ; clk          ; clk         ; 1.000        ; -0.034     ; 1.239      ;
; -0.284 ; clk_counter[3]  ; clk_counter[16] ; clk          ; clk         ; 1.000        ; -0.034     ; 1.237      ;
+--------+-----------------+-----------------+--------------+-------------+--------------+------------+------------+


+------------------------------------------------------------------------------------------------------------------------------------------+
; Fast 1200mV 0C Model Setup: 'clk_16ms'                                                                                                   ;
+--------+-----------------------------+-----------------------------+--------------+-------------+--------------+------------+------------+
; Slack  ; From Node                   ; To Node                     ; Launch Clock ; Latch Clock ; Relationship ; Clock Skew ; Data Delay ;
+--------+-----------------------------+-----------------------------+--------------+-------------+--------------+------------+------------+
; -0.772 ; command_counter[0]          ; data_counter[4]             ; clk_16ms     ; clk_16ms    ; 1.000        ; -0.037     ; 1.722      ;
; -0.772 ; command_counter[0]          ; data_counter[3]             ; clk_16ms     ; clk_16ms    ; 1.000        ; -0.037     ; 1.722      ;
; -0.772 ; command_counter[0]          ; data_counter[2]             ; clk_16ms     ; clk_16ms    ; 1.000        ; -0.037     ; 1.722      ;
; -0.772 ; command_counter[0]          ; data_counter[1]             ; clk_16ms     ; clk_16ms    ; 1.000        ; -0.037     ; 1.722      ;
; -0.772 ; command_counter[0]          ; data_counter[0]             ; clk_16ms     ; clk_16ms    ; 1.000        ; -0.037     ; 1.722      ;
; -0.753 ; data_counter[3]             ; command_counter[0]          ; clk_16ms     ; clk_16ms    ; 1.000        ; -0.036     ; 1.704      ;
; -0.741 ; data_counter[1]             ; command_counter[0]          ; clk_16ms     ; clk_16ms    ; 1.000        ; -0.036     ; 1.692      ;
; -0.666 ; data_counter[2]             ; command_counter[0]          ; clk_16ms     ; clk_16ms    ; 1.000        ; -0.036     ; 1.617      ;
; -0.640 ; data_counter[3]             ; data[4]~reg0                ; clk_16ms     ; clk_16ms    ; 1.000        ; 0.143      ; 1.770      ;
; -0.635 ; data_counter[1]             ; data[4]~reg0                ; clk_16ms     ; clk_16ms    ; 1.000        ; 0.143      ; 1.765      ;
; -0.634 ; data_counter[3]             ; data[3]~reg0                ; clk_16ms     ; clk_16ms    ; 1.000        ; 0.141      ; 1.762      ;
; -0.631 ; fsm_state.IDLE              ; data_counter[4]             ; clk_16ms     ; clk_16ms    ; 1.000        ; -0.037     ; 1.581      ;
; -0.631 ; fsm_state.IDLE              ; data_counter[3]             ; clk_16ms     ; clk_16ms    ; 1.000        ; -0.037     ; 1.581      ;
; -0.631 ; fsm_state.IDLE              ; data_counter[2]             ; clk_16ms     ; clk_16ms    ; 1.000        ; -0.037     ; 1.581      ;
; -0.631 ; fsm_state.IDLE              ; data_counter[1]             ; clk_16ms     ; clk_16ms    ; 1.000        ; -0.037     ; 1.581      ;
; -0.631 ; fsm_state.IDLE              ; data_counter[0]             ; clk_16ms     ; clk_16ms    ; 1.000        ; -0.037     ; 1.581      ;
; -0.629 ; fsm_state.CONFIG_CMD1       ; data_counter[4]             ; clk_16ms     ; clk_16ms    ; 1.000        ; -0.037     ; 1.579      ;
; -0.629 ; fsm_state.CONFIG_CMD1       ; data_counter[3]             ; clk_16ms     ; clk_16ms    ; 1.000        ; -0.037     ; 1.579      ;
; -0.629 ; fsm_state.CONFIG_CMD1       ; data_counter[2]             ; clk_16ms     ; clk_16ms    ; 1.000        ; -0.037     ; 1.579      ;
; -0.629 ; fsm_state.CONFIG_CMD1       ; data_counter[1]             ; clk_16ms     ; clk_16ms    ; 1.000        ; -0.037     ; 1.579      ;
; -0.629 ; fsm_state.CONFIG_CMD1       ; data_counter[0]             ; clk_16ms     ; clk_16ms    ; 1.000        ; -0.037     ; 1.579      ;
; -0.629 ; data_counter[1]             ; data[3]~reg0                ; clk_16ms     ; clk_16ms    ; 1.000        ; 0.141      ; 1.757      ;
; -0.615 ; data_counter[3]             ; data[1]~reg0                ; clk_16ms     ; clk_16ms    ; 1.000        ; 0.143      ; 1.745      ;
; -0.610 ; data_counter[1]             ; data[1]~reg0                ; clk_16ms     ; clk_16ms    ; 1.000        ; 0.143      ; 1.740      ;
; -0.606 ; data_counter[3]             ; command_counter[1]          ; clk_16ms     ; clk_16ms    ; 1.000        ; -0.036     ; 1.557      ;
; -0.598 ; data_counter[0]             ; command_counter[0]          ; clk_16ms     ; clk_16ms    ; 1.000        ; -0.036     ; 1.549      ;
; -0.594 ; data_counter[1]             ; command_counter[1]          ; clk_16ms     ; clk_16ms    ; 1.000        ; -0.036     ; 1.545      ;
; -0.582 ; data_counter[3]             ; data[5]~reg0                ; clk_16ms     ; clk_16ms    ; 1.000        ; 0.143      ; 1.712      ;
; -0.577 ; data_counter[1]             ; data[5]~reg0                ; clk_16ms     ; clk_16ms    ; 1.000        ; 0.143      ; 1.707      ;
; -0.571 ; data_counter[3]             ; rs~reg0                     ; clk_16ms     ; clk_16ms    ; 1.000        ; -0.036     ; 1.522      ;
; -0.566 ; data_counter[1]             ; rs~reg0                     ; clk_16ms     ; clk_16ms    ; 1.000        ; -0.036     ; 1.517      ;
; -0.561 ; command_counter[0]          ; command_counter[1]          ; clk_16ms     ; clk_16ms    ; 1.000        ; -0.037     ; 1.511      ;
; -0.560 ; data_counter[3]             ; data[2]~reg0                ; clk_16ms     ; clk_16ms    ; 1.000        ; -0.036     ; 1.511      ;
; -0.559 ; data_counter[3]             ; data[0]~reg0                ; clk_16ms     ; clk_16ms    ; 1.000        ; 0.143      ; 1.689      ;
; -0.555 ; data_counter[1]             ; data[2]~reg0                ; clk_16ms     ; clk_16ms    ; 1.000        ; -0.036     ; 1.506      ;
; -0.554 ; data_counter[1]             ; data[0]~reg0                ; clk_16ms     ; clk_16ms    ; 1.000        ; 0.143      ; 1.684      ;
; -0.548 ; command_counter[2]          ; data_counter[4]             ; clk_16ms     ; clk_16ms    ; 1.000        ; -0.223     ; 1.312      ;
; -0.548 ; command_counter[2]          ; data_counter[3]             ; clk_16ms     ; clk_16ms    ; 1.000        ; -0.223     ; 1.312      ;
; -0.548 ; command_counter[2]          ; data_counter[2]             ; clk_16ms     ; clk_16ms    ; 1.000        ; -0.223     ; 1.312      ;
; -0.548 ; command_counter[2]          ; data_counter[1]             ; clk_16ms     ; clk_16ms    ; 1.000        ; -0.223     ; 1.312      ;
; -0.548 ; command_counter[2]          ; data_counter[0]             ; clk_16ms     ; clk_16ms    ; 1.000        ; -0.223     ; 1.312      ;
; -0.544 ; data_counter[2]             ; data[4]~reg0                ; clk_16ms     ; clk_16ms    ; 1.000        ; 0.143      ; 1.674      ;
; -0.543 ; command_counter[0]          ; command_counter[0]          ; clk_16ms     ; clk_16ms    ; 1.000        ; -0.037     ; 1.493      ;
; -0.539 ; command_counter[0]          ; data[4]~reg0                ; clk_16ms     ; clk_16ms    ; 1.000        ; 0.142      ; 1.668      ;
; -0.538 ; data_counter[2]             ; data[3]~reg0                ; clk_16ms     ; clk_16ms    ; 1.000        ; 0.141      ; 1.666      ;
; -0.537 ; command_counter[0]          ; data[2]~reg0                ; clk_16ms     ; clk_16ms    ; 1.000        ; -0.037     ; 1.487      ;
; -0.533 ; command_counter[0]          ; data[3]~reg0                ; clk_16ms     ; clk_16ms    ; 1.000        ; 0.140      ; 1.660      ;
; -0.524 ; command_counter[1]          ; command_counter[0]          ; clk_16ms     ; clk_16ms    ; 1.000        ; -0.037     ; 1.474      ;
; -0.520 ; data_counter[4]             ; command_counter[0]          ; clk_16ms     ; clk_16ms    ; 1.000        ; -0.036     ; 1.471      ;
; -0.519 ; data_counter[2]             ; data[1]~reg0                ; clk_16ms     ; clk_16ms    ; 1.000        ; 0.143      ; 1.649      ;
; -0.519 ; data_counter[2]             ; command_counter[1]          ; clk_16ms     ; clk_16ms    ; 1.000        ; -0.036     ; 1.470      ;
; -0.514 ; data_counter[0]             ; data[2]~reg0                ; clk_16ms     ; clk_16ms    ; 1.000        ; -0.036     ; 1.465      ;
; -0.488 ; data_counter[4]             ; data[2]~reg0                ; clk_16ms     ; clk_16ms    ; 1.000        ; -0.036     ; 1.439      ;
; -0.487 ; command_counter[2]          ; command_counter[0]          ; clk_16ms     ; clk_16ms    ; 1.000        ; -0.223     ; 1.251      ;
; -0.486 ; data_counter[2]             ; data[5]~reg0                ; clk_16ms     ; clk_16ms    ; 1.000        ; 0.143      ; 1.616      ;
; -0.482 ; data_counter[0]             ; data[4]~reg0                ; clk_16ms     ; clk_16ms    ; 1.000        ; 0.143      ; 1.612      ;
; -0.478 ; data_counter[3]             ; fsm_state.WR_STATIC_TEXT_1L ; clk_16ms     ; clk_16ms    ; 1.000        ; -0.036     ; 1.429      ;
; -0.476 ; data_counter[0]             ; data[3]~reg0                ; clk_16ms     ; clk_16ms    ; 1.000        ; 0.141      ; 1.604      ;
; -0.475 ; fsm_state.WR_STATIC_TEXT_1L ; command_counter[0]          ; clk_16ms     ; clk_16ms    ; 1.000        ; -0.036     ; 1.426      ;
; -0.475 ; data_counter[2]             ; rs~reg0                     ; clk_16ms     ; clk_16ms    ; 1.000        ; -0.036     ; 1.426      ;
; -0.473 ; data_counter[1]             ; fsm_state.WR_STATIC_TEXT_1L ; clk_16ms     ; clk_16ms    ; 1.000        ; -0.036     ; 1.424      ;
; -0.470 ; data_counter[0]             ; data[0]~reg0                ; clk_16ms     ; clk_16ms    ; 1.000        ; 0.143      ; 1.600      ;
; -0.464 ; data_counter[2]             ; data[2]~reg0                ; clk_16ms     ; clk_16ms    ; 1.000        ; -0.036     ; 1.415      ;
; -0.463 ; data_counter[2]             ; data[0]~reg0                ; clk_16ms     ; clk_16ms    ; 1.000        ; 0.143      ; 1.593      ;
; -0.458 ; command_counter[0]          ; data[0]~reg0                ; clk_16ms     ; clk_16ms    ; 1.000        ; 0.142      ; 1.587      ;
; -0.458 ; command_counter[0]          ; data[1]~reg0                ; clk_16ms     ; clk_16ms    ; 1.000        ; 0.142      ; 1.587      ;
; -0.457 ; data_counter[0]             ; data[1]~reg0                ; clk_16ms     ; clk_16ms    ; 1.000        ; 0.143      ; 1.587      ;
; -0.454 ; data_counter[3]             ; data[6]~reg0                ; clk_16ms     ; clk_16ms    ; 1.000        ; 0.143      ; 1.584      ;
; -0.451 ; data_counter[0]             ; command_counter[1]          ; clk_16ms     ; clk_16ms    ; 1.000        ; -0.036     ; 1.402      ;
; -0.442 ; data_counter[1]             ; data[6]~reg0                ; clk_16ms     ; clk_16ms    ; 1.000        ; 0.143      ; 1.572      ;
; -0.436 ; data_counter[4]             ; data[4]~reg0                ; clk_16ms     ; clk_16ms    ; 1.000        ; 0.143      ; 1.566      ;
; -0.434 ; command_counter[1]          ; data[4]~reg0                ; clk_16ms     ; clk_16ms    ; 1.000        ; 0.142      ; 1.563      ;
; -0.430 ; data_counter[4]             ; data[3]~reg0                ; clk_16ms     ; clk_16ms    ; 1.000        ; 0.141      ; 1.558      ;
; -0.428 ; command_counter[1]          ; data[3]~reg0                ; clk_16ms     ; clk_16ms    ; 1.000        ; 0.140      ; 1.555      ;
; -0.427 ; data_counter[3]             ; command_counter[2]          ; clk_16ms     ; clk_16ms    ; 1.000        ; 0.143      ; 1.557      ;
; -0.424 ; data_counter[0]             ; data[5]~reg0                ; clk_16ms     ; clk_16ms    ; 1.000        ; 0.143      ; 1.554      ;
; -0.420 ; fsm_state.IDLE              ; command_counter[1]          ; clk_16ms     ; clk_16ms    ; 1.000        ; -0.037     ; 1.370      ;
; -0.418 ; fsm_state.CONFIG_CMD1       ; command_counter[1]          ; clk_16ms     ; clk_16ms    ; 1.000        ; -0.037     ; 1.368      ;
; -0.415 ; data_counter[4]             ; data[1]~reg0                ; clk_16ms     ; clk_16ms    ; 1.000        ; 0.143      ; 1.545      ;
; -0.415 ; data_counter[1]             ; command_counter[2]          ; clk_16ms     ; clk_16ms    ; 1.000        ; 0.143      ; 1.545      ;
; -0.413 ; data_counter[0]             ; rs~reg0                     ; clk_16ms     ; clk_16ms    ; 1.000        ; -0.036     ; 1.364      ;
; -0.410 ; fsm_state.WR_STATIC_TEXT_2L ; command_counter[0]          ; clk_16ms     ; clk_16ms    ; 1.000        ; -0.036     ; 1.361      ;
; -0.409 ; command_counter[1]          ; data[1]~reg0                ; clk_16ms     ; clk_16ms    ; 1.000        ; 0.142      ; 1.538      ;
; -0.398 ; fsm_state.IDLE              ; data[4]~reg0                ; clk_16ms     ; clk_16ms    ; 1.000        ; 0.142      ; 1.527      ;
; -0.397 ; command_counter[2]          ; data[4]~reg0                ; clk_16ms     ; clk_16ms    ; 1.000        ; -0.044     ; 1.340      ;
; -0.396 ; fsm_state.CONFIG_CMD1       ; data[4]~reg0                ; clk_16ms     ; clk_16ms    ; 1.000        ; 0.142      ; 1.525      ;
; -0.396 ; fsm_state.IDLE              ; data[2]~reg0                ; clk_16ms     ; clk_16ms    ; 1.000        ; -0.037     ; 1.346      ;
; -0.395 ; command_counter[0]          ; data[5]~reg0                ; clk_16ms     ; clk_16ms    ; 1.000        ; 0.142      ; 1.524      ;
; -0.394 ; fsm_state.CONFIG_CMD1       ; data[2]~reg0                ; clk_16ms     ; clk_16ms    ; 1.000        ; -0.037     ; 1.344      ;
; -0.392 ; fsm_state.IDLE              ; data[3]~reg0                ; clk_16ms     ; clk_16ms    ; 1.000        ; 0.140      ; 1.519      ;
; -0.391 ; command_counter[2]          ; data[3]~reg0                ; clk_16ms     ; clk_16ms    ; 1.000        ; -0.046     ; 1.332      ;
; -0.390 ; fsm_state.CONFIG_CMD1       ; data[3]~reg0                ; clk_16ms     ; clk_16ms    ; 1.000        ; 0.140      ; 1.517      ;
; -0.385 ; fsm_state.WR_STATIC_TEXT_1L ; data[4]~reg0                ; clk_16ms     ; clk_16ms    ; 1.000        ; 0.143      ; 1.515      ;
; -0.384 ; command_counter[0]          ; rs~reg0                     ; clk_16ms     ; clk_16ms    ; 1.000        ; -0.037     ; 1.334      ;
; -0.383 ; command_counter[0]          ; command_counter[2]          ; clk_16ms     ; clk_16ms    ; 1.000        ; 0.142      ; 1.512      ;
; -0.382 ; data_counter[2]             ; fsm_state.WR_STATIC_TEXT_1L ; clk_16ms     ; clk_16ms    ; 1.000        ; -0.036     ; 1.333      ;
; -0.379 ; fsm_state.WR_STATIC_TEXT_1L ; data[3]~reg0                ; clk_16ms     ; clk_16ms    ; 1.000        ; 0.141      ; 1.507      ;
; -0.377 ; command_counter[1]          ; command_counter[1]          ; clk_16ms     ; clk_16ms    ; 1.000        ; -0.037     ; 1.327      ;
; -0.376 ; command_counter[1]          ; data[5]~reg0                ; clk_16ms     ; clk_16ms    ; 1.000        ; 0.142      ; 1.505      ;
; -0.373 ; data_counter[4]             ; command_counter[1]          ; clk_16ms     ; clk_16ms    ; 1.000        ; -0.036     ; 1.324      ;
+--------+-----------------------------+-----------------------------+--------------+-------------+--------------+------------+------------+


+-----------------------------------------------------------------------------------------------------------------------------------------+
; Fast 1200mV 0C Model Hold: 'clk_16ms'                                                                                                   ;
+-------+-----------------------------+-----------------------------+--------------+-------------+--------------+------------+------------+
; Slack ; From Node                   ; To Node                     ; Launch Clock ; Latch Clock ; Relationship ; Clock Skew ; Data Delay ;
+-------+-----------------------------+-----------------------------+--------------+-------------+--------------+------------+------------+
; 0.179 ; command_counter[2]          ; command_counter[2]          ; clk_16ms     ; clk_16ms    ; 0.000        ; 0.044      ; 0.307      ;
; 0.186 ; command_counter[1]          ; command_counter[1]          ; clk_16ms     ; clk_16ms    ; 0.000        ; 0.037      ; 0.307      ;
; 0.186 ; command_counter[0]          ; command_counter[0]          ; clk_16ms     ; clk_16ms    ; 0.000        ; 0.037      ; 0.307      ;
; 0.187 ; rs~reg0                     ; rs~reg0                     ; clk_16ms     ; clk_16ms    ; 0.000        ; 0.036      ; 0.307      ;
; 0.238 ; data_counter[4]             ; data_counter[4]             ; clk_16ms     ; clk_16ms    ; 0.000        ; 0.036      ; 0.358      ;
; 0.270 ; fsm_state.WR_STATIC_TEXT_1L ; fsm_state.CONFIG_CMD2       ; clk_16ms     ; clk_16ms    ; 0.000        ; 0.036      ; 0.390      ;
; 0.325 ; command_counter[1]          ; data[1]~reg0                ; clk_16ms     ; clk_16ms    ; 0.000        ; 0.223      ; 0.632      ;
; 0.337 ; data_counter[4]             ; data[0]~reg0                ; clk_16ms     ; clk_16ms    ; 0.000        ; 0.223      ; 0.644      ;
; 0.338 ; data_counter[4]             ; data[1]~reg0                ; clk_16ms     ; clk_16ms    ; 0.000        ; 0.223      ; 0.645      ;
; 0.344 ; data_counter[4]             ; fsm_state.CONFIG_CMD2       ; clk_16ms     ; clk_16ms    ; 0.000        ; 0.036      ; 0.464      ;
; 0.356 ; data_counter[2]             ; data[0]~reg0                ; clk_16ms     ; clk_16ms    ; 0.000        ; 0.223      ; 0.663      ;
; 0.363 ; data_counter[1]             ; data[1]~reg0                ; clk_16ms     ; clk_16ms    ; 0.000        ; 0.223      ; 0.670      ;
; 0.385 ; data_counter[1]             ; data_counter[1]             ; clk_16ms     ; clk_16ms    ; 0.000        ; 0.036      ; 0.505      ;
; 0.385 ; fsm_state.CONFIG_CMD1       ; command_counter[0]          ; clk_16ms     ; clk_16ms    ; 0.000        ; 0.037      ; 0.506      ;
; 0.386 ; fsm_state.CONFIG_CMD1       ; fsm_state.CONFIG_CMD1       ; clk_16ms     ; clk_16ms    ; 0.000        ; 0.037      ; 0.507      ;
; 0.390 ; data_counter[2]             ; data_counter[2]             ; clk_16ms     ; clk_16ms    ; 0.000        ; 0.036      ; 0.510      ;
; 0.393 ; data_counter[3]             ; data_counter[3]             ; clk_16ms     ; clk_16ms    ; 0.000        ; 0.036      ; 0.513      ;
; 0.394 ; command_counter[0]          ; command_counter[1]          ; clk_16ms     ; clk_16ms    ; 0.000        ; 0.037      ; 0.515      ;
; 0.399 ; data_counter[0]             ; data_counter[0]             ; clk_16ms     ; clk_16ms    ; 0.000        ; 0.036      ; 0.519      ;
; 0.399 ; command_counter[0]          ; data[1]~reg0                ; clk_16ms     ; clk_16ms    ; 0.000        ; 0.223      ; 0.706      ;
; 0.400 ; data_counter[1]             ; data[3]~reg0                ; clk_16ms     ; clk_16ms    ; 0.000        ; 0.220      ; 0.704      ;
; 0.432 ; data_counter[3]             ; data[0]~reg0                ; clk_16ms     ; clk_16ms    ; 0.000        ; 0.223      ; 0.739      ;
; 0.444 ; command_counter[1]          ; command_counter[2]          ; clk_16ms     ; clk_16ms    ; 0.000        ; 0.223      ; 0.751      ;
; 0.447 ; command_counter[1]          ; command_counter[0]          ; clk_16ms     ; clk_16ms    ; 0.000        ; 0.037      ; 0.568      ;
; 0.448 ; command_counter[1]          ; fsm_state.CONFIG_CMD1       ; clk_16ms     ; clk_16ms    ; 0.000        ; 0.037      ; 0.569      ;
; 0.461 ; data_counter[1]             ; data[4]~reg0                ; clk_16ms     ; clk_16ms    ; 0.000        ; 0.223      ; 0.768      ;
; 0.463 ; data_counter[2]             ; data[2]~reg0                ; clk_16ms     ; clk_16ms    ; 0.000        ; 0.037      ; 0.584      ;
; 0.465 ; data_counter[1]             ; data[0]~reg0                ; clk_16ms     ; clk_16ms    ; 0.000        ; 0.223      ; 0.772      ;
; 0.470 ; data_counter[3]             ; data[1]~reg0                ; clk_16ms     ; clk_16ms    ; 0.000        ; 0.223      ; 0.777      ;
; 0.478 ; data_counter[2]             ; data[1]~reg0                ; clk_16ms     ; clk_16ms    ; 0.000        ; 0.223      ; 0.785      ;
; 0.483 ; fsm_state.IDLE              ; fsm_state.IDLE              ; clk_16ms     ; clk_16ms    ; 0.000        ; 0.037      ; 0.604      ;
; 0.483 ; data_counter[3]             ; data[3]~reg0                ; clk_16ms     ; clk_16ms    ; 0.000        ; 0.220      ; 0.787      ;
; 0.496 ; fsm_state.CONFIG_CMD2       ; rs~reg0                     ; clk_16ms     ; clk_16ms    ; 0.000        ; 0.036      ; 0.616      ;
; 0.499 ; data_counter[2]             ; data[6]~reg0                ; clk_16ms     ; clk_16ms    ; 0.000        ; 0.223      ; 0.806      ;
; 0.500 ; data_counter[4]             ; data[3]~reg0                ; clk_16ms     ; clk_16ms    ; 0.000        ; 0.220      ; 0.804      ;
; 0.501 ; fsm_state.WR_STATIC_TEXT_2L ; fsm_state.IDLE              ; clk_16ms     ; clk_16ms    ; 0.000        ; 0.037      ; 0.622      ;
; 0.508 ; data_counter[2]             ; data[3]~reg0                ; clk_16ms     ; clk_16ms    ; 0.000        ; 0.220      ; 0.812      ;
; 0.523 ; command_counter[0]          ; data[3]~reg0                ; clk_16ms     ; clk_16ms    ; 0.000        ; 0.220      ; 0.827      ;
; 0.527 ; fsm_state.CONFIG_CMD2       ; data[3]~reg0                ; clk_16ms     ; clk_16ms    ; 0.000        ; 0.220      ; 0.831      ;
; 0.529 ; command_counter[1]          ; data[0]~reg0                ; clk_16ms     ; clk_16ms    ; 0.000        ; 0.223      ; 0.836      ;
; 0.529 ; data_counter[2]             ; data[5]~reg0                ; clk_16ms     ; clk_16ms    ; 0.000        ; 0.223      ; 0.836      ;
; 0.533 ; fsm_state.CONFIG_CMD1       ; command_counter[2]          ; clk_16ms     ; clk_16ms    ; 0.000        ; 0.223      ; 0.840      ;
; 0.534 ; data_counter[1]             ; data_counter[2]             ; clk_16ms     ; clk_16ms    ; 0.000        ; 0.036      ; 0.654      ;
; 0.537 ; command_counter[0]          ; data[0]~reg0                ; clk_16ms     ; clk_16ms    ; 0.000        ; 0.223      ; 0.844      ;
; 0.539 ; data_counter[4]             ; fsm_state.IDLE              ; clk_16ms     ; clk_16ms    ; 0.000        ; 0.037      ; 0.660      ;
; 0.542 ; data_counter[3]             ; data_counter[4]             ; clk_16ms     ; clk_16ms    ; 0.000        ; 0.036      ; 0.662      ;
; 0.546 ; data_counter[0]             ; data_counter[1]             ; clk_16ms     ; clk_16ms    ; 0.000        ; 0.036      ; 0.666      ;
; 0.548 ; data_counter[2]             ; data_counter[3]             ; clk_16ms     ; clk_16ms    ; 0.000        ; 0.036      ; 0.668      ;
; 0.549 ; data_counter[0]             ; data_counter[2]             ; clk_16ms     ; clk_16ms    ; 0.000        ; 0.036      ; 0.669      ;
; 0.551 ; data_counter[2]             ; data_counter[4]             ; clk_16ms     ; clk_16ms    ; 0.000        ; 0.036      ; 0.671      ;
; 0.556 ; fsm_state.WR_STATIC_TEXT_2L ; rs~reg0                     ; clk_16ms     ; clk_16ms    ; 0.000        ; 0.036      ; 0.676      ;
; 0.563 ; command_counter[0]          ; command_counter[2]          ; clk_16ms     ; clk_16ms    ; 0.000        ; 0.223      ; 0.870      ;
; 0.581 ; command_counter[1]          ; data[4]~reg0                ; clk_16ms     ; clk_16ms    ; 0.000        ; 0.223      ; 0.888      ;
; 0.585 ; fsm_state.CONFIG_CMD2       ; data[6]~reg0                ; clk_16ms     ; clk_16ms    ; 0.000        ; 0.223      ; 0.892      ;
; 0.586 ; fsm_state.WR_STATIC_TEXT_1L ; data[7]~reg0                ; clk_16ms     ; clk_16ms    ; 0.000        ; 0.037      ; 0.707      ;
; 0.586 ; data_counter[0]             ; fsm_state.CONFIG_CMD2       ; clk_16ms     ; clk_16ms    ; 0.000        ; 0.036      ; 0.706      ;
; 0.586 ; data_counter[0]             ; data[0]~reg0                ; clk_16ms     ; clk_16ms    ; 0.000        ; 0.223      ; 0.893      ;
; 0.587 ; fsm_state.WR_STATIC_TEXT_2L ; data[3]~reg0                ; clk_16ms     ; clk_16ms    ; 0.000        ; 0.220      ; 0.891      ;
; 0.587 ; fsm_state.CONFIG_CMD1       ; data[4]~reg0                ; clk_16ms     ; clk_16ms    ; 0.000        ; 0.223      ; 0.894      ;
; 0.593 ; fsm_state.CONFIG_CMD2       ; data[5]~reg0                ; clk_16ms     ; clk_16ms    ; 0.000        ; 0.223      ; 0.900      ;
; 0.594 ; fsm_state.CONFIG_CMD2       ; fsm_state.WR_STATIC_TEXT_2L ; clk_16ms     ; clk_16ms    ; 0.000        ; 0.036      ; 0.714      ;
; 0.597 ; data_counter[1]             ; data_counter[3]             ; clk_16ms     ; clk_16ms    ; 0.000        ; 0.036      ; 0.717      ;
; 0.598 ; data_counter[4]             ; data[6]~reg0                ; clk_16ms     ; clk_16ms    ; 0.000        ; 0.223      ; 0.905      ;
; 0.600 ; data_counter[1]             ; data_counter[4]             ; clk_16ms     ; clk_16ms    ; 0.000        ; 0.036      ; 0.720      ;
; 0.603 ; command_counter[0]          ; data[4]~reg0                ; clk_16ms     ; clk_16ms    ; 0.000        ; 0.223      ; 0.910      ;
; 0.612 ; data_counter[0]             ; data_counter[3]             ; clk_16ms     ; clk_16ms    ; 0.000        ; 0.036      ; 0.732      ;
; 0.613 ; data_counter[1]             ; data[6]~reg0                ; clk_16ms     ; clk_16ms    ; 0.000        ; 0.223      ; 0.920      ;
; 0.615 ; data_counter[0]             ; data_counter[4]             ; clk_16ms     ; clk_16ms    ; 0.000        ; 0.036      ; 0.735      ;
; 0.618 ; data_counter[3]             ; data[2]~reg0                ; clk_16ms     ; clk_16ms    ; 0.000        ; 0.037      ; 0.739      ;
; 0.620 ; fsm_state.CONFIG_CMD2       ; data[0]~reg0                ; clk_16ms     ; clk_16ms    ; 0.000        ; 0.223      ; 0.927      ;
; 0.620 ; fsm_state.CONFIG_CMD2       ; data[1]~reg0                ; clk_16ms     ; clk_16ms    ; 0.000        ; 0.223      ; 0.927      ;
; 0.622 ; data_counter[0]             ; data[1]~reg0                ; clk_16ms     ; clk_16ms    ; 0.000        ; 0.223      ; 0.929      ;
; 0.622 ; fsm_state.CONFIG_CMD1       ; data[6]~reg0                ; clk_16ms     ; clk_16ms    ; 0.000        ; 0.223      ; 0.929      ;
; 0.622 ; data_counter[3]             ; data[6]~reg0                ; clk_16ms     ; clk_16ms    ; 0.000        ; 0.223      ; 0.929      ;
; 0.624 ; data_counter[0]             ; fsm_state.IDLE              ; clk_16ms     ; clk_16ms    ; 0.000        ; 0.037      ; 0.745      ;
; 0.632 ; fsm_state.CONFIG_CMD1       ; data[5]~reg0                ; clk_16ms     ; clk_16ms    ; 0.000        ; 0.223      ; 0.939      ;
; 0.635 ; data_counter[0]             ; rs~reg0                     ; clk_16ms     ; clk_16ms    ; 0.000        ; 0.036      ; 0.755      ;
; 0.640 ; fsm_state.CONFIG_CMD2       ; command_counter[2]          ; clk_16ms     ; clk_16ms    ; 0.000        ; 0.223      ; 0.947      ;
; 0.643 ; fsm_state.CONFIG_CMD2       ; data[4]~reg0                ; clk_16ms     ; clk_16ms    ; 0.000        ; 0.223      ; 0.950      ;
; 0.645 ; data_counter[1]             ; data[5]~reg0                ; clk_16ms     ; clk_16ms    ; 0.000        ; 0.223      ; 0.952      ;
; 0.645 ; fsm_state.WR_STATIC_TEXT_2L ; data[6]~reg0                ; clk_16ms     ; clk_16ms    ; 0.000        ; 0.223      ; 0.952      ;
; 0.648 ; data_counter[2]             ; fsm_state.CONFIG_CMD2       ; clk_16ms     ; clk_16ms    ; 0.000        ; 0.036      ; 0.768      ;
; 0.653 ; data_counter[0]             ; data[3]~reg0                ; clk_16ms     ; clk_16ms    ; 0.000        ; 0.220      ; 0.957      ;
; 0.653 ; fsm_state.WR_STATIC_TEXT_2L ; data[5]~reg0                ; clk_16ms     ; clk_16ms    ; 0.000        ; 0.223      ; 0.960      ;
; 0.654 ; fsm_state.WR_STATIC_TEXT_2L ; fsm_state.WR_STATIC_TEXT_2L ; clk_16ms     ; clk_16ms    ; 0.000        ; 0.036      ; 0.774      ;
; 0.657 ; data_counter[4]             ; data_counter[3]             ; clk_16ms     ; clk_16ms    ; 0.000        ; 0.036      ; 0.777      ;
; 0.657 ; data_counter[4]             ; data_counter[2]             ; clk_16ms     ; clk_16ms    ; 0.000        ; 0.036      ; 0.777      ;
; 0.657 ; data_counter[4]             ; data_counter[1]             ; clk_16ms     ; clk_16ms    ; 0.000        ; 0.036      ; 0.777      ;
; 0.657 ; data_counter[4]             ; data_counter[0]             ; clk_16ms     ; clk_16ms    ; 0.000        ; 0.036      ; 0.777      ;
; 0.657 ; data_counter[3]             ; data[5]~reg0                ; clk_16ms     ; clk_16ms    ; 0.000        ; 0.223      ; 0.964      ;
; 0.657 ; data_counter[4]             ; data[5]~reg0                ; clk_16ms     ; clk_16ms    ; 0.000        ; 0.223      ; 0.964      ;
; 0.659 ; data_counter[2]             ; data[4]~reg0                ; clk_16ms     ; clk_16ms    ; 0.000        ; 0.223      ; 0.966      ;
; 0.660 ; data_counter[4]             ; data[7]~reg0                ; clk_16ms     ; clk_16ms    ; 0.000        ; 0.037      ; 0.781      ;
; 0.672 ; data_counter[4]             ; rs~reg0                     ; clk_16ms     ; clk_16ms    ; 0.000        ; 0.036      ; 0.792      ;
; 0.679 ; fsm_state.CONFIG_CMD1       ; data[1]~reg0                ; clk_16ms     ; clk_16ms    ; 0.000        ; 0.223      ; 0.986      ;
; 0.680 ; fsm_state.WR_STATIC_TEXT_2L ; data[0]~reg0                ; clk_16ms     ; clk_16ms    ; 0.000        ; 0.223      ; 0.987      ;
; 0.680 ; fsm_state.WR_STATIC_TEXT_2L ; data[1]~reg0                ; clk_16ms     ; clk_16ms    ; 0.000        ; 0.223      ; 0.987      ;
; 0.681 ; fsm_state.CONFIG_CMD1       ; data[0]~reg0                ; clk_16ms     ; clk_16ms    ; 0.000        ; 0.223      ; 0.988      ;
; 0.683 ; fsm_state.WR_STATIC_TEXT_2L ; data_counter[4]             ; clk_16ms     ; clk_16ms    ; 0.000        ; 0.036      ; 0.803      ;
; 0.683 ; fsm_state.WR_STATIC_TEXT_2L ; data_counter[3]             ; clk_16ms     ; clk_16ms    ; 0.000        ; 0.036      ; 0.803      ;
+-------+-----------------------------+-----------------------------+--------------+-------------+--------------+------------+------------+


+-----------------------------------------------------------------------------------------------------------------+
; Fast 1200mV 0C Model Hold: 'clk'                                                                                ;
+-------+-----------------+-----------------+--------------+-------------+--------------+------------+------------+
; Slack ; From Node       ; To Node         ; Launch Clock ; Latch Clock ; Relationship ; Clock Skew ; Data Delay ;
+-------+-----------------+-----------------+--------------+-------------+--------------+------------+------------+
; 0.296 ; clk_counter[9]  ; clk_counter[9]  ; clk          ; clk         ; 0.000        ; 0.036      ; 0.416      ;
; 0.297 ; clk_counter[7]  ; clk_counter[7]  ; clk          ; clk         ; 0.000        ; 0.036      ; 0.417      ;
; 0.298 ; clk_counter[5]  ; clk_counter[5]  ; clk          ; clk         ; 0.000        ; 0.036      ; 0.418      ;
; 0.298 ; clk_counter[3]  ; clk_counter[3]  ; clk          ; clk         ; 0.000        ; 0.036      ; 0.418      ;
; 0.299 ; clk_counter[16] ; clk_counter[16] ; clk          ; clk         ; 0.000        ; 0.036      ; 0.419      ;
; 0.299 ; clk_counter[17] ; clk_counter[17] ; clk          ; clk         ; 0.000        ; 0.036      ; 0.419      ;
; 0.299 ; clk_counter[6]  ; clk_counter[6]  ; clk          ; clk         ; 0.000        ; 0.036      ; 0.419      ;
; 0.300 ; clk_counter[4]  ; clk_counter[4]  ; clk          ; clk         ; 0.000        ; 0.036      ; 0.420      ;
; 0.300 ; clk_counter[2]  ; clk_counter[2]  ; clk          ; clk         ; 0.000        ; 0.036      ; 0.420      ;
; 0.305 ; clk_counter[15] ; clk_counter[15] ; clk          ; clk         ; 0.000        ; 0.036      ; 0.425      ;
; 0.305 ; clk_counter[11] ; clk_counter[11] ; clk          ; clk         ; 0.000        ; 0.036      ; 0.425      ;
; 0.305 ; clk_counter[1]  ; clk_counter[1]  ; clk          ; clk         ; 0.000        ; 0.036      ; 0.425      ;
; 0.307 ; clk_counter[14] ; clk_counter[14] ; clk          ; clk         ; 0.000        ; 0.036      ; 0.427      ;
; 0.314 ; clk_counter[0]  ; clk_counter[0]  ; clk          ; clk         ; 0.000        ; 0.036      ; 0.434      ;
; 0.424 ; clk_16ms        ; clk_16ms        ; clk_16ms     ; clk         ; 0.000        ; 1.177      ; 1.820      ;
; 0.447 ; clk_counter[5]  ; clk_counter[6]  ; clk          ; clk         ; 0.000        ; 0.036      ; 0.567      ;
; 0.447 ; clk_counter[3]  ; clk_counter[4]  ; clk          ; clk         ; 0.000        ; 0.036      ; 0.567      ;
; 0.451 ; clk_counter[19] ; clk_counter[19] ; clk          ; clk         ; 0.000        ; 0.036      ; 0.571      ;
; 0.453 ; clk_counter[18] ; clk_counter[18] ; clk          ; clk         ; 0.000        ; 0.036      ; 0.573      ;
; 0.454 ; clk_counter[15] ; clk_counter[16] ; clk          ; clk         ; 0.000        ; 0.036      ; 0.574      ;
; 0.454 ; clk_counter[1]  ; clk_counter[2]  ; clk          ; clk         ; 0.000        ; 0.036      ; 0.574      ;
; 0.456 ; clk_counter[13] ; clk_counter[14] ; clk          ; clk         ; 0.000        ; 0.036      ; 0.576      ;
; 0.457 ; clk_counter[8]  ; clk_counter[8]  ; clk          ; clk         ; 0.000        ; 0.036      ; 0.577      ;
; 0.457 ; clk_counter[6]  ; clk_counter[7]  ; clk          ; clk         ; 0.000        ; 0.036      ; 0.577      ;
; 0.457 ; clk_counter[16] ; clk_counter[17] ; clk          ; clk         ; 0.000        ; 0.036      ; 0.577      ;
; 0.458 ; clk_counter[4]  ; clk_counter[5]  ; clk          ; clk         ; 0.000        ; 0.036      ; 0.578      ;
; 0.458 ; clk_counter[2]  ; clk_counter[3]  ; clk          ; clk         ; 0.000        ; 0.036      ; 0.578      ;
; 0.461 ; clk_counter[8]  ; clk_counter[9]  ; clk          ; clk         ; 0.000        ; 0.036      ; 0.581      ;
; 0.461 ; clk_counter[4]  ; clk_counter[6]  ; clk          ; clk         ; 0.000        ; 0.036      ; 0.581      ;
; 0.461 ; clk_counter[2]  ; clk_counter[4]  ; clk          ; clk         ; 0.000        ; 0.036      ; 0.581      ;
; 0.463 ; clk_counter[0]  ; clk_counter[1]  ; clk          ; clk         ; 0.000        ; 0.036      ; 0.583      ;
; 0.465 ; clk_counter[14] ; clk_counter[15] ; clk          ; clk         ; 0.000        ; 0.036      ; 0.585      ;
; 0.466 ; clk_counter[0]  ; clk_counter[2]  ; clk          ; clk         ; 0.000        ; 0.036      ; 0.586      ;
; 0.467 ; clk_counter[10] ; clk_counter[11] ; clk          ; clk         ; 0.000        ; 0.036      ; 0.587      ;
; 0.468 ; clk_counter[14] ; clk_counter[16] ; clk          ; clk         ; 0.000        ; 0.036      ; 0.588      ;
; 0.471 ; clk_counter[12] ; clk_counter[14] ; clk          ; clk         ; 0.000        ; 0.036      ; 0.591      ;
; 0.506 ; clk_counter[9]  ; clk_counter[11] ; clk          ; clk         ; 0.000        ; 0.038      ; 0.628      ;
; 0.509 ; clk_counter[7]  ; clk_counter[9]  ; clk          ; clk         ; 0.000        ; 0.036      ; 0.629      ;
; 0.510 ; clk_counter[5]  ; clk_counter[7]  ; clk          ; clk         ; 0.000        ; 0.036      ; 0.630      ;
; 0.510 ; clk_counter[3]  ; clk_counter[5]  ; clk          ; clk         ; 0.000        ; 0.036      ; 0.630      ;
; 0.513 ; clk_counter[3]  ; clk_counter[6]  ; clk          ; clk         ; 0.000        ; 0.036      ; 0.633      ;
; 0.517 ; clk_counter[15] ; clk_counter[17] ; clk          ; clk         ; 0.000        ; 0.036      ; 0.637      ;
; 0.517 ; clk_counter[1]  ; clk_counter[3]  ; clk          ; clk         ; 0.000        ; 0.036      ; 0.637      ;
; 0.519 ; clk_counter[13] ; clk_counter[15] ; clk          ; clk         ; 0.000        ; 0.036      ; 0.639      ;
; 0.520 ; clk_counter[1]  ; clk_counter[4]  ; clk          ; clk         ; 0.000        ; 0.036      ; 0.640      ;
; 0.520 ; clk_counter[11] ; clk_counter[14] ; clk          ; clk         ; 0.000        ; 0.036      ; 0.640      ;
; 0.522 ; clk_counter[13] ; clk_counter[16] ; clk          ; clk         ; 0.000        ; 0.036      ; 0.642      ;
; 0.523 ; clk_counter[6]  ; clk_counter[9]  ; clk          ; clk         ; 0.000        ; 0.036      ; 0.643      ;
; 0.524 ; clk_counter[12] ; clk_counter[12] ; clk          ; clk         ; 0.000        ; 0.036      ; 0.644      ;
; 0.524 ; clk_counter[4]  ; clk_counter[7]  ; clk          ; clk         ; 0.000        ; 0.036      ; 0.644      ;
; 0.524 ; clk_counter[2]  ; clk_counter[5]  ; clk          ; clk         ; 0.000        ; 0.036      ; 0.644      ;
; 0.525 ; clk_counter[16] ; clk_counter[10] ; clk          ; clk         ; 0.000        ; 0.036      ; 0.645      ;
; 0.525 ; clk_counter[16] ; clk_counter[19] ; clk          ; clk         ; 0.000        ; 0.036      ; 0.645      ;
; 0.525 ; clk_counter[16] ; clk_counter[18] ; clk          ; clk         ; 0.000        ; 0.036      ; 0.645      ;
; 0.525 ; clk_counter[8]  ; clk_counter[11] ; clk          ; clk         ; 0.000        ; 0.038      ; 0.647      ;
; 0.525 ; clk_counter[16] ; clk_counter[12] ; clk          ; clk         ; 0.000        ; 0.036      ; 0.645      ;
; 0.527 ; clk_counter[2]  ; clk_counter[6]  ; clk          ; clk         ; 0.000        ; 0.036      ; 0.647      ;
; 0.529 ; clk_counter[0]  ; clk_counter[3]  ; clk          ; clk         ; 0.000        ; 0.036      ; 0.649      ;
; 0.531 ; clk_counter[14] ; clk_counter[17] ; clk          ; clk         ; 0.000        ; 0.036      ; 0.651      ;
; 0.532 ; clk_counter[0]  ; clk_counter[4]  ; clk          ; clk         ; 0.000        ; 0.036      ; 0.652      ;
; 0.534 ; clk_counter[12] ; clk_counter[15] ; clk          ; clk         ; 0.000        ; 0.036      ; 0.654      ;
; 0.536 ; clk_counter[10] ; clk_counter[14] ; clk          ; clk         ; 0.000        ; 0.036      ; 0.656      ;
; 0.537 ; clk_counter[12] ; clk_counter[16] ; clk          ; clk         ; 0.000        ; 0.036      ; 0.657      ;
; 0.547 ; clk_counter[16] ; clk_counter[13] ; clk          ; clk         ; 0.000        ; 0.036      ; 0.667      ;
; 0.568 ; clk_counter[13] ; clk_counter[13] ; clk          ; clk         ; 0.000        ; 0.036      ; 0.688      ;
; 0.573 ; clk_counter[7]  ; clk_counter[11] ; clk          ; clk         ; 0.000        ; 0.038      ; 0.695      ;
; 0.575 ; clk_counter[9]  ; clk_counter[14] ; clk          ; clk         ; 0.000        ; 0.038      ; 0.697      ;
; 0.576 ; clk_counter[5]  ; clk_counter[9]  ; clk          ; clk         ; 0.000        ; 0.036      ; 0.696      ;
; 0.576 ; clk_counter[3]  ; clk_counter[7]  ; clk          ; clk         ; 0.000        ; 0.036      ; 0.696      ;
; 0.578 ; clk_counter[17] ; clk_counter[10] ; clk          ; clk         ; 0.000        ; 0.036      ; 0.698      ;
; 0.578 ; clk_counter[17] ; clk_counter[19] ; clk          ; clk         ; 0.000        ; 0.036      ; 0.698      ;
; 0.578 ; clk_counter[17] ; clk_counter[18] ; clk          ; clk         ; 0.000        ; 0.036      ; 0.698      ;
; 0.578 ; clk_counter[17] ; clk_counter[12] ; clk          ; clk         ; 0.000        ; 0.036      ; 0.698      ;
; 0.583 ; clk_counter[1]  ; clk_counter[5]  ; clk          ; clk         ; 0.000        ; 0.036      ; 0.703      ;
; 0.583 ; clk_counter[11] ; clk_counter[15] ; clk          ; clk         ; 0.000        ; 0.036      ; 0.703      ;
; 0.585 ; clk_counter[13] ; clk_counter[17] ; clk          ; clk         ; 0.000        ; 0.036      ; 0.705      ;
; 0.586 ; clk_counter[1]  ; clk_counter[6]  ; clk          ; clk         ; 0.000        ; 0.036      ; 0.706      ;
; 0.586 ; clk_counter[11] ; clk_counter[16] ; clk          ; clk         ; 0.000        ; 0.036      ; 0.706      ;
; 0.587 ; clk_counter[6]  ; clk_counter[11] ; clk          ; clk         ; 0.000        ; 0.038      ; 0.709      ;
; 0.590 ; clk_counter[4]  ; clk_counter[9]  ; clk          ; clk         ; 0.000        ; 0.036      ; 0.710      ;
; 0.590 ; clk_counter[2]  ; clk_counter[7]  ; clk          ; clk         ; 0.000        ; 0.036      ; 0.710      ;
; 0.594 ; clk_counter[8]  ; clk_counter[14] ; clk          ; clk         ; 0.000        ; 0.038      ; 0.716      ;
; 0.595 ; clk_counter[17] ; clk_counter[13] ; clk          ; clk         ; 0.000        ; 0.036      ; 0.715      ;
; 0.595 ; clk_counter[0]  ; clk_counter[5]  ; clk          ; clk         ; 0.000        ; 0.036      ; 0.715      ;
; 0.598 ; clk_counter[0]  ; clk_counter[6]  ; clk          ; clk         ; 0.000        ; 0.036      ; 0.718      ;
; 0.599 ; clk_counter[10] ; clk_counter[15] ; clk          ; clk         ; 0.000        ; 0.036      ; 0.719      ;
; 0.600 ; clk_counter[7]  ; clk_counter[8]  ; clk          ; clk         ; 0.000        ; 0.036      ; 0.720      ;
; 0.600 ; clk_counter[12] ; clk_counter[17] ; clk          ; clk         ; 0.000        ; 0.036      ; 0.720      ;
; 0.602 ; clk_counter[10] ; clk_counter[16] ; clk          ; clk         ; 0.000        ; 0.036      ; 0.722      ;
; 0.604 ; clk_counter[10] ; clk_counter[10] ; clk          ; clk         ; 0.000        ; 0.036      ; 0.724      ;
; 0.611 ; clk_counter[18] ; clk_counter[19] ; clk          ; clk         ; 0.000        ; 0.036      ; 0.731      ;
; 0.614 ; clk_counter[6]  ; clk_counter[8]  ; clk          ; clk         ; 0.000        ; 0.036      ; 0.734      ;
; 0.624 ; clk_counter[19] ; clk_counter[12] ; clk          ; clk         ; 0.000        ; 0.036      ; 0.744      ;
; 0.624 ; clk_counter[19] ; clk_counter[10] ; clk          ; clk         ; 0.000        ; 0.036      ; 0.744      ;
; 0.625 ; clk_counter[18] ; clk_counter[12] ; clk          ; clk         ; 0.000        ; 0.036      ; 0.745      ;
; 0.625 ; clk_counter[18] ; clk_counter[10] ; clk          ; clk         ; 0.000        ; 0.036      ; 0.745      ;
; 0.625 ; clk_counter[19] ; clk_counter[18] ; clk          ; clk         ; 0.000        ; 0.036      ; 0.745      ;
; 0.633 ; clk_counter[19] ; clk_counter[13] ; clk          ; clk         ; 0.000        ; 0.036      ; 0.753      ;
; 0.634 ; clk_counter[18] ; clk_counter[13] ; clk          ; clk         ; 0.000        ; 0.036      ; 0.754      ;
; 0.638 ; clk_counter[9]  ; clk_counter[15] ; clk          ; clk         ; 0.000        ; 0.038      ; 0.760      ;
+-------+-----------------+-----------------+--------------+-------------+--------------+------------+------------+


----------------------------------------------
; Fast 1200mV 0C Model Metastability Summary ;
----------------------------------------------
No synchronizer chains to report.


+-------------------------------------------------------------------------------+
; Multicorner Timing Analysis Summary                                           ;
+------------------+---------+-------+----------+---------+---------------------+
; Clock            ; Setup   ; Hold  ; Recovery ; Removal ; Minimum Pulse Width ;
+------------------+---------+-------+----------+---------+---------------------+
; Worst-case Slack ; -3.865  ; 0.179 ; N/A      ; N/A     ; -3.000              ;
;  clk             ; -3.865  ; 0.296 ; N/A      ; N/A     ; -3.000              ;
;  clk_16ms        ; -3.121  ; 0.179 ; N/A      ; N/A     ; -1.487              ;
; Design-wide TNS  ; -94.274 ; 0.0   ; 0.0      ; 0.0     ; -66.941             ;
;  clk             ; -38.714 ; 0.000 ; N/A      ; N/A     ; -34.227             ;
;  clk_16ms        ; -55.560 ; 0.000 ; N/A      ; N/A     ; -32.714             ;
+------------------+---------+-------+----------+---------+---------------------+


+------------------------------------------------------------------------------------------------------------------------------------------------------------------------------------------------------------------------------------------------------------------------------------------------------------------------------------------------------------------------------------------------------------------+
; Board Trace Model Assignments                                                                                                                                                                                                                                                                                                                                                                                    ;
+---------------+--------------+-------------------+-------------------------+-------------------------+---------------+---------------------+----------------+------------------+--------+------------------+------------------------+------------------------+--------------+---------------+-----------------+-------+---------------------+--------------------+---------------+-----------------+-------------+
; Pin           ; I/O Standard ; Near Tline Length ; Near Tline L per Length ; Near Tline C per Length ; Near Series R ; Near Differential R ; Near Pull-up R ; Near Pull-down R ; Near C ; Far Tline Length ; Far Tline L per Length ; Far Tline C per Length ; Far Series R ; Far Pull-up R ; Far Pull-down R ; Far C ; Termination Voltage ; Far Differential R ; EBD File Name ; EBD Signal Name ; EBD Far-end ;
+---------------+--------------+-------------------+-------------------------+-------------------------+---------------+---------------------+----------------+------------------+--------+------------------+------------------------+------------------------+--------------+---------------+-----------------+-------+---------------------+--------------------+---------------+-----------------+-------------+
; rs            ; 2.5 V        ; 0 in              ; 0 H/in                  ; 0 F/in                  ; short         ; -                   ; open           ; open             ; open   ; 0 in             ; 0 H/in                 ; 0 F/in                 ; short        ; open          ; open            ; open  ; 0 V                 ; -                  ; n/a           ; n/a             ; n/a         ;
; rw            ; 2.5 V        ; 0 in              ; 0 H/in                  ; 0 F/in                  ; short         ; -                   ; open           ; open             ; open   ; 0 in             ; 0 H/in                 ; 0 F/in                 ; short        ; open          ; open            ; open  ; 0 V                 ; -                  ; n/a           ; n/a             ; n/a         ;
; enable        ; 2.5 V        ; 0 in              ; 0 H/in                  ; 0 F/in                  ; short         ; -                   ; open           ; open             ; open   ; 0 in             ; 0 H/in                 ; 0 F/in                 ; short        ; open          ; open            ; open  ; 0 V                 ; -                  ; n/a           ; n/a             ; n/a         ;
; data[0]       ; 2.5 V        ; 0 in              ; 0 H/in                  ; 0 F/in                  ; short         ; -                   ; open           ; open             ; open   ; 0 in             ; 0 H/in                 ; 0 F/in                 ; short        ; open          ; open            ; open  ; 0 V                 ; -                  ; n/a           ; n/a             ; n/a         ;
; data[1]       ; 2.5 V        ; 0 in              ; 0 H/in                  ; 0 F/in                  ; short         ; -                   ; open           ; open             ; open   ; 0 in             ; 0 H/in                 ; 0 F/in                 ; short        ; open          ; open            ; open  ; 0 V                 ; -                  ; n/a           ; n/a             ; n/a         ;
; data[2]       ; 2.5 V        ; 0 in              ; 0 H/in                  ; 0 F/in                  ; short         ; -                   ; open           ; open             ; open   ; 0 in             ; 0 H/in                 ; 0 F/in                 ; short        ; open          ; open            ; open  ; 0 V                 ; -                  ; n/a           ; n/a             ; n/a         ;
; data[3]       ; 2.5 V        ; 0 in              ; 0 H/in                  ; 0 F/in                  ; short         ; -                   ; open           ; open             ; open   ; 0 in             ; 0 H/in                 ; 0 F/in                 ; short        ; open          ; open            ; open  ; 0 V                 ; -                  ; n/a           ; n/a             ; n/a         ;
; data[4]       ; 2.5 V        ; 0 in              ; 0 H/in                  ; 0 F/in                  ; short         ; -                   ; open           ; open             ; open   ; 0 in             ; 0 H/in                 ; 0 F/in                 ; short        ; open          ; open            ; open  ; 0 V                 ; -                  ; n/a           ; n/a             ; n/a         ;
; data[5]       ; 2.5 V        ; 0 in              ; 0 H/in                  ; 0 F/in                  ; short         ; -                   ; open           ; open             ; open   ; 0 in             ; 0 H/in                 ; 0 F/in                 ; short        ; open          ; open            ; open  ; 0 V                 ; -                  ; n/a           ; n/a             ; n/a         ;
; data[6]       ; 2.5 V        ; 0 in              ; 0 H/in                  ; 0 F/in                  ; short         ; -                   ; open           ; open             ; open   ; 0 in             ; 0 H/in                 ; 0 F/in                 ; short        ; open          ; open            ; open  ; 0 V                 ; -                  ; n/a           ; n/a             ; n/a         ;
; data[7]       ; 2.5 V        ; 0 in              ; 0 H/in                  ; 0 F/in                  ; short         ; -                   ; open           ; open             ; open   ; 0 in             ; 0 H/in                 ; 0 F/in                 ; short        ; open          ; open            ; open  ; 0 V                 ; -                  ; n/a           ; n/a             ; n/a         ;
; ~ALTERA_DCLK~ ; 2.5 V        ; 0 in              ; 0 H/in                  ; 0 F/in                  ; short         ; -                   ; open           ; open             ; open   ; 0 in             ; 0 H/in                 ; 0 F/in                 ; short        ; open          ; open            ; open  ; 0 V                 ; -                  ; n/a           ; n/a             ; n/a         ;
+---------------+--------------+-------------------+-------------------------+-------------------------+---------------+---------------------+----------------+------------------+--------+------------------+------------------------+------------------------+--------------+---------------+-----------------+-------+---------------------+--------------------+---------------+-----------------+-------------+


+----------------------------------------------------------------------------+
; Input Transition Times                                                     ;
+-------------------------+--------------+-----------------+-----------------+
; Pin                     ; I/O Standard ; 10-90 Rise Time ; 90-10 Fall Time ;
+-------------------------+--------------+-----------------+-----------------+
; reset                   ; 2.5 V        ; 2000 ps         ; 2000 ps         ;
; clk                     ; 2.5 V        ; 2000 ps         ; 2000 ps         ;
; ready_i                 ; 2.5 V        ; 2000 ps         ; 2000 ps         ;
; ~ALTERA_ASDO_DATA1~     ; 2.5 V        ; 2000 ps         ; 2000 ps         ;
; ~ALTERA_FLASH_nCE_nCSO~ ; 2.5 V        ; 2000 ps         ; 2000 ps         ;
; ~ALTERA_DATA0~          ; 2.5 V        ; 2000 ps         ; 2000 ps         ;
+-------------------------+--------------+-----------------+-----------------+


+--------------------------------------------------------------------------------------------------------------------------------------------------------------------------------------------------------------------------------------------------------------------------------------------------------------------------------------------------------------------------------------------------------------------------------------------------------------------------------------------------------------------------------------------------------------------------------------------------------------------------------------------------------------------------------------------+
; Signal Integrity Metrics (Slow 1200mv 0c Model)                                                                                                                                                                                                                                                                                                                                                                                                                                                                                                                                                                                                                                            ;
+---------------+--------------+---------------------+---------------------+------------------------------+------------------------------+---------------------+---------------------+--------------------------------------+--------------------------------------+-----------------------------+-----------------------------+----------------------------+----------------------------+-----------------------------+-----------------------------+--------------------+--------------------+-------------------------------------+-------------------------------------+----------------------------+----------------------------+---------------------------+---------------------------+
; Pin           ; I/O Standard ; Board Delay on Rise ; Board Delay on Fall ; Steady State Voh at FPGA Pin ; Steady State Vol at FPGA Pin ; Voh Max at FPGA Pin ; Vol Min at FPGA Pin ; Ringback Voltage on Rise at FPGA Pin ; Ringback Voltage on Fall at FPGA Pin ; 10-90 Rise Time at FPGA Pin ; 90-10 Fall Time at FPGA Pin ; Monotonic Rise at FPGA Pin ; Monotonic Fall at FPGA Pin ; Steady State Voh at Far-end ; Steady State Vol at Far-end ; Voh Max at Far-end ; Vol Min at Far-end ; Ringback Voltage on Rise at Far-end ; Ringback Voltage on Fall at Far-end ; 10-90 Rise Time at Far-end ; 90-10 Fall Time at Far-end ; Monotonic Rise at Far-end ; Monotonic Fall at Far-end ;
+---------------+--------------+---------------------+---------------------+------------------------------+------------------------------+---------------------+---------------------+--------------------------------------+--------------------------------------+-----------------------------+-----------------------------+----------------------------+----------------------------+-----------------------------+-----------------------------+--------------------+--------------------+-------------------------------------+-------------------------------------+----------------------------+----------------------------+---------------------------+---------------------------+
; rs            ; 2.5 V        ; 0 s                 ; 0 s                 ; 2.32 V                       ; 2.07e-09 V                   ; 2.36 V              ; -0.00737 V          ; 0.209 V                              ; 0.012 V                              ; 5.22e-10 s                  ; 5.33e-10 s                  ; Yes                        ; Yes                        ; 2.32 V                      ; 2.07e-09 V                  ; 2.36 V             ; -0.00737 V         ; 0.209 V                             ; 0.012 V                             ; 5.22e-10 s                 ; 5.33e-10 s                 ; Yes                       ; Yes                       ;
; rw            ; 2.5 V        ; 0 s                 ; 0 s                 ; 2.32 V                       ; 2.07e-09 V                   ; 2.36 V              ; -0.00737 V          ; 0.209 V                              ; 0.012 V                              ; 5.22e-10 s                  ; 5.33e-10 s                  ; Yes                        ; Yes                        ; 2.32 V                      ; 2.07e-09 V                  ; 2.36 V             ; -0.00737 V         ; 0.209 V                             ; 0.012 V                             ; 5.22e-10 s                 ; 5.33e-10 s                 ; Yes                       ; Yes                       ;
; enable        ; 2.5 V        ; 0 s                 ; 0 s                 ; 2.32 V                       ; 2.07e-09 V                   ; 2.38 V              ; -0.0073 V           ; 0.097 V                              ; 0.018 V                              ; 4.24e-10 s                  ; 3.65e-10 s                  ; No                         ; Yes                        ; 2.32 V                      ; 2.07e-09 V                  ; 2.38 V             ; -0.0073 V          ; 0.097 V                             ; 0.018 V                             ; 4.24e-10 s                 ; 3.65e-10 s                 ; No                        ; Yes                       ;
; data[0]       ; 2.5 V        ; 0 s                 ; 0 s                 ; 2.32 V                       ; 2.07e-09 V                   ; 2.36 V              ; -0.00737 V          ; 0.209 V                              ; 0.012 V                              ; 5.22e-10 s                  ; 5.33e-10 s                  ; Yes                        ; Yes                        ; 2.32 V                      ; 2.07e-09 V                  ; 2.36 V             ; -0.00737 V         ; 0.209 V                             ; 0.012 V                             ; 5.22e-10 s                 ; 5.33e-10 s                 ; Yes                       ; Yes                       ;
; data[1]       ; 2.5 V        ; 0 s                 ; 0 s                 ; 2.32 V                       ; 2.07e-09 V                   ; 2.36 V              ; -0.00737 V          ; 0.209 V                              ; 0.012 V                              ; 5.22e-10 s                  ; 5.33e-10 s                  ; Yes                        ; Yes                        ; 2.32 V                      ; 2.07e-09 V                  ; 2.36 V             ; -0.00737 V         ; 0.209 V                             ; 0.012 V                             ; 5.22e-10 s                 ; 5.33e-10 s                 ; Yes                       ; Yes                       ;
; data[2]       ; 2.5 V        ; 0 s                 ; 0 s                 ; 2.32 V                       ; 2.07e-09 V                   ; 2.38 V              ; -0.0073 V           ; 0.097 V                              ; 0.018 V                              ; 4.24e-10 s                  ; 3.65e-10 s                  ; No                         ; Yes                        ; 2.32 V                      ; 2.07e-09 V                  ; 2.38 V             ; -0.0073 V          ; 0.097 V                             ; 0.018 V                             ; 4.24e-10 s                 ; 3.65e-10 s                 ; No                        ; Yes                       ;
; data[3]       ; 2.5 V        ; 0 s                 ; 0 s                 ; 2.32 V                       ; 2.07e-09 V                   ; 2.33 V              ; -0.00421 V          ; 0.165 V                              ; 0.078 V                              ; 3.11e-09 s                  ; 2.85e-09 s                  ; Yes                        ; Yes                        ; 2.32 V                      ; 2.07e-09 V                  ; 2.33 V             ; -0.00421 V         ; 0.165 V                             ; 0.078 V                             ; 3.11e-09 s                 ; 2.85e-09 s                 ; Yes                       ; Yes                       ;
; data[4]       ; 2.5 V        ; 0 s                 ; 0 s                 ; 2.32 V                       ; 2.07e-09 V                   ; 2.36 V              ; -0.00737 V          ; 0.209 V                              ; 0.012 V                              ; 5.22e-10 s                  ; 5.33e-10 s                  ; Yes                        ; Yes                        ; 2.32 V                      ; 2.07e-09 V                  ; 2.36 V             ; -0.00737 V         ; 0.209 V                             ; 0.012 V                             ; 5.22e-10 s                 ; 5.33e-10 s                 ; Yes                       ; Yes                       ;
; data[5]       ; 2.5 V        ; 0 s                 ; 0 s                 ; 2.32 V                       ; 2.8e-09 V                    ; 2.37 V              ; -0.00373 V          ; 0.104 V                              ; 0.011 V                              ; 4.34e-10 s                  ; 3.82e-10 s                  ; Yes                        ; Yes                        ; 2.32 V                      ; 2.8e-09 V                   ; 2.37 V             ; -0.00373 V         ; 0.104 V                             ; 0.011 V                             ; 4.34e-10 s                 ; 3.82e-10 s                 ; Yes                       ; Yes                       ;
; data[6]       ; 2.5 V        ; 0 s                 ; 0 s                 ; 2.32 V                       ; 2.8e-09 V                    ; 2.37 V              ; -0.00373 V          ; 0.104 V                              ; 0.011 V                              ; 4.34e-10 s                  ; 3.82e-10 s                  ; Yes                        ; Yes                        ; 2.32 V                      ; 2.8e-09 V                   ; 2.37 V             ; -0.00373 V         ; 0.104 V                             ; 0.011 V                             ; 4.34e-10 s                 ; 3.82e-10 s                 ; Yes                       ; Yes                       ;
; data[7]       ; 2.5 V        ; 0 s                 ; 0 s                 ; 2.32 V                       ; 2.8e-09 V                    ; 2.37 V              ; -0.00373 V          ; 0.104 V                              ; 0.011 V                              ; 4.34e-10 s                  ; 3.82e-10 s                  ; Yes                        ; Yes                        ; 2.32 V                      ; 2.8e-09 V                   ; 2.37 V             ; -0.00373 V         ; 0.104 V                             ; 0.011 V                             ; 4.34e-10 s                 ; 3.82e-10 s                 ; Yes                       ; Yes                       ;
; ~ALTERA_DCLK~ ; 2.5 V        ; 0 s                 ; 0 s                 ; 2.32 V                       ; 1.74e-09 V                   ; 2.37 V              ; -0.0346 V           ; 0.198 V                              ; 0.094 V                              ; 3.14e-10 s                  ; 2.92e-10 s                  ; Yes                        ; Yes                        ; 2.32 V                      ; 1.74e-09 V                  ; 2.37 V             ; -0.0346 V          ; 0.198 V                             ; 0.094 V                             ; 3.14e-10 s                 ; 2.92e-10 s                 ; Yes                       ; Yes                       ;
+---------------+--------------+---------------------+---------------------+------------------------------+------------------------------+---------------------+---------------------+--------------------------------------+--------------------------------------+-----------------------------+-----------------------------+----------------------------+----------------------------+-----------------------------+-----------------------------+--------------------+--------------------+-------------------------------------+-------------------------------------+----------------------------+----------------------------+---------------------------+---------------------------+


+--------------------------------------------------------------------------------------------------------------------------------------------------------------------------------------------------------------------------------------------------------------------------------------------------------------------------------------------------------------------------------------------------------------------------------------------------------------------------------------------------------------------------------------------------------------------------------------------------------------------------------------------------------------------------------------------+
; Signal Integrity Metrics (Slow 1200mv 85c Model)                                                                                                                                                                                                                                                                                                                                                                                                                                                                                                                                                                                                                                           ;
+---------------+--------------+---------------------+---------------------+------------------------------+------------------------------+---------------------+---------------------+--------------------------------------+--------------------------------------+-----------------------------+-----------------------------+----------------------------+----------------------------+-----------------------------+-----------------------------+--------------------+--------------------+-------------------------------------+-------------------------------------+----------------------------+----------------------------+---------------------------+---------------------------+
; Pin           ; I/O Standard ; Board Delay on Rise ; Board Delay on Fall ; Steady State Voh at FPGA Pin ; Steady State Vol at FPGA Pin ; Voh Max at FPGA Pin ; Vol Min at FPGA Pin ; Ringback Voltage on Rise at FPGA Pin ; Ringback Voltage on Fall at FPGA Pin ; 10-90 Rise Time at FPGA Pin ; 90-10 Fall Time at FPGA Pin ; Monotonic Rise at FPGA Pin ; Monotonic Fall at FPGA Pin ; Steady State Voh at Far-end ; Steady State Vol at Far-end ; Voh Max at Far-end ; Vol Min at Far-end ; Ringback Voltage on Rise at Far-end ; Ringback Voltage on Fall at Far-end ; 10-90 Rise Time at Far-end ; 90-10 Fall Time at Far-end ; Monotonic Rise at Far-end ; Monotonic Fall at Far-end ;
+---------------+--------------+---------------------+---------------------+------------------------------+------------------------------+---------------------+---------------------+--------------------------------------+--------------------------------------+-----------------------------+-----------------------------+----------------------------+----------------------------+-----------------------------+-----------------------------+--------------------+--------------------+-------------------------------------+-------------------------------------+----------------------------+----------------------------+---------------------------+---------------------------+
; rs            ; 2.5 V        ; 0 s                 ; 0 s                 ; 2.32 V                       ; 1.93e-07 V                   ; 2.34 V              ; -0.00869 V          ; 0.14 V                               ; 0.046 V                              ; 6.89e-10 s                  ; 6.56e-10 s                  ; Yes                        ; Yes                        ; 2.32 V                      ; 1.93e-07 V                  ; 2.34 V             ; -0.00869 V         ; 0.14 V                              ; 0.046 V                             ; 6.89e-10 s                 ; 6.56e-10 s                 ; Yes                       ; Yes                       ;
; rw            ; 2.5 V        ; 0 s                 ; 0 s                 ; 2.32 V                       ; 1.93e-07 V                   ; 2.34 V              ; -0.00869 V          ; 0.14 V                               ; 0.046 V                              ; 6.89e-10 s                  ; 6.56e-10 s                  ; Yes                        ; Yes                        ; 2.32 V                      ; 1.93e-07 V                  ; 2.34 V             ; -0.00869 V         ; 0.14 V                              ; 0.046 V                             ; 6.89e-10 s                 ; 6.56e-10 s                 ; Yes                       ; Yes                       ;
; enable        ; 2.5 V        ; 0 s                 ; 0 s                 ; 2.32 V                       ; 1.93e-07 V                   ; 2.35 V              ; -0.00834 V          ; 0.127 V                              ; 0.035 V                              ; 4.7e-10 s                   ; 4.64e-10 s                  ; Yes                        ; Yes                        ; 2.32 V                      ; 1.93e-07 V                  ; 2.35 V             ; -0.00834 V         ; 0.127 V                             ; 0.035 V                             ; 4.7e-10 s                  ; 4.64e-10 s                 ; Yes                       ; Yes                       ;
; data[0]       ; 2.5 V        ; 0 s                 ; 0 s                 ; 2.32 V                       ; 1.93e-07 V                   ; 2.34 V              ; -0.00869 V          ; 0.14 V                               ; 0.046 V                              ; 6.89e-10 s                  ; 6.56e-10 s                  ; Yes                        ; Yes                        ; 2.32 V                      ; 1.93e-07 V                  ; 2.34 V             ; -0.00869 V         ; 0.14 V                              ; 0.046 V                             ; 6.89e-10 s                 ; 6.56e-10 s                 ; Yes                       ; Yes                       ;
; data[1]       ; 2.5 V        ; 0 s                 ; 0 s                 ; 2.32 V                       ; 1.93e-07 V                   ; 2.34 V              ; -0.00869 V          ; 0.14 V                               ; 0.046 V                              ; 6.89e-10 s                  ; 6.56e-10 s                  ; Yes                        ; Yes                        ; 2.32 V                      ; 1.93e-07 V                  ; 2.34 V             ; -0.00869 V         ; 0.14 V                              ; 0.046 V                             ; 6.89e-10 s                 ; 6.56e-10 s                 ; Yes                       ; Yes                       ;
; data[2]       ; 2.5 V        ; 0 s                 ; 0 s                 ; 2.32 V                       ; 1.93e-07 V                   ; 2.35 V              ; -0.00834 V          ; 0.127 V                              ; 0.035 V                              ; 4.7e-10 s                   ; 4.64e-10 s                  ; Yes                        ; Yes                        ; 2.32 V                      ; 1.93e-07 V                  ; 2.35 V             ; -0.00834 V         ; 0.127 V                             ; 0.035 V                             ; 4.7e-10 s                  ; 4.64e-10 s                 ; Yes                       ; Yes                       ;
; data[3]       ; 2.5 V        ; 0 s                 ; 0 s                 ; 2.32 V                       ; 1.93e-07 V                   ; 2.33 V              ; -0.0022 V           ; 0.088 V                              ; 0.056 V                              ; 3.76e-09 s                  ; 3.48e-09 s                  ; Yes                        ; Yes                        ; 2.32 V                      ; 1.93e-07 V                  ; 2.33 V             ; -0.0022 V          ; 0.088 V                             ; 0.056 V                             ; 3.76e-09 s                 ; 3.48e-09 s                 ; Yes                       ; Yes                       ;
; data[4]       ; 2.5 V        ; 0 s                 ; 0 s                 ; 2.32 V                       ; 1.93e-07 V                   ; 2.34 V              ; -0.00869 V          ; 0.14 V                               ; 0.046 V                              ; 6.89e-10 s                  ; 6.56e-10 s                  ; Yes                        ; Yes                        ; 2.32 V                      ; 1.93e-07 V                  ; 2.34 V             ; -0.00869 V         ; 0.14 V                              ; 0.046 V                             ; 6.89e-10 s                 ; 6.56e-10 s                 ; Yes                       ; Yes                       ;
; data[5]       ; 2.5 V        ; 0 s                 ; 0 s                 ; 2.32 V                       ; 2.85e-07 V                   ; 2.35 V              ; -0.0123 V           ; 0.144 V                              ; 0.042 V                              ; 4.81e-10 s                  ; 4.81e-10 s                  ; Yes                        ; Yes                        ; 2.32 V                      ; 2.85e-07 V                  ; 2.35 V             ; -0.0123 V          ; 0.144 V                             ; 0.042 V                             ; 4.81e-10 s                 ; 4.81e-10 s                 ; Yes                       ; Yes                       ;
; data[6]       ; 2.5 V        ; 0 s                 ; 0 s                 ; 2.32 V                       ; 2.85e-07 V                   ; 2.35 V              ; -0.0123 V           ; 0.144 V                              ; 0.042 V                              ; 4.81e-10 s                  ; 4.81e-10 s                  ; Yes                        ; Yes                        ; 2.32 V                      ; 2.85e-07 V                  ; 2.35 V             ; -0.0123 V          ; 0.144 V                             ; 0.042 V                             ; 4.81e-10 s                 ; 4.81e-10 s                 ; Yes                       ; Yes                       ;
; data[7]       ; 2.5 V        ; 0 s                 ; 0 s                 ; 2.32 V                       ; 2.85e-07 V                   ; 2.35 V              ; -0.0123 V           ; 0.144 V                              ; 0.042 V                              ; 4.81e-10 s                  ; 4.81e-10 s                  ; Yes                        ; Yes                        ; 2.32 V                      ; 2.85e-07 V                  ; 2.35 V             ; -0.0123 V          ; 0.144 V                             ; 0.042 V                             ; 4.81e-10 s                 ; 4.81e-10 s                 ; Yes                       ; Yes                       ;
; ~ALTERA_DCLK~ ; 2.5 V        ; 0 s                 ; 0 s                 ; 2.32 V                       ; 1.55e-07 V                   ; 2.35 V              ; -0.00221 V          ; 0.097 V                              ; 0.005 V                              ; 4.49e-10 s                  ; 3.85e-10 s                  ; Yes                        ; Yes                        ; 2.32 V                      ; 1.55e-07 V                  ; 2.35 V             ; -0.00221 V         ; 0.097 V                             ; 0.005 V                             ; 4.49e-10 s                 ; 3.85e-10 s                 ; Yes                       ; Yes                       ;
+---------------+--------------+---------------------+---------------------+------------------------------+------------------------------+---------------------+---------------------+--------------------------------------+--------------------------------------+-----------------------------+-----------------------------+----------------------------+----------------------------+-----------------------------+-----------------------------+--------------------+--------------------+-------------------------------------+-------------------------------------+----------------------------+----------------------------+---------------------------+---------------------------+


+--------------------------------------------------------------------------------------------------------------------------------------------------------------------------------------------------------------------------------------------------------------------------------------------------------------------------------------------------------------------------------------------------------------------------------------------------------------------------------------------------------------------------------------------------------------------------------------------------------------------------------------------------------------------------------------------+
; Signal Integrity Metrics (Fast 1200mv 0c Model)                                                                                                                                                                                                                                                                                                                                                                                                                                                                                                                                                                                                                                            ;
+---------------+--------------+---------------------+---------------------+------------------------------+------------------------------+---------------------+---------------------+--------------------------------------+--------------------------------------+-----------------------------+-----------------------------+----------------------------+----------------------------+-----------------------------+-----------------------------+--------------------+--------------------+-------------------------------------+-------------------------------------+----------------------------+----------------------------+---------------------------+---------------------------+
; Pin           ; I/O Standard ; Board Delay on Rise ; Board Delay on Fall ; Steady State Voh at FPGA Pin ; Steady State Vol at FPGA Pin ; Voh Max at FPGA Pin ; Vol Min at FPGA Pin ; Ringback Voltage on Rise at FPGA Pin ; Ringback Voltage on Fall at FPGA Pin ; 10-90 Rise Time at FPGA Pin ; 90-10 Fall Time at FPGA Pin ; Monotonic Rise at FPGA Pin ; Monotonic Fall at FPGA Pin ; Steady State Voh at Far-end ; Steady State Vol at Far-end ; Voh Max at Far-end ; Vol Min at Far-end ; Ringback Voltage on Rise at Far-end ; Ringback Voltage on Fall at Far-end ; 10-90 Rise Time at Far-end ; 90-10 Fall Time at Far-end ; Monotonic Rise at Far-end ; Monotonic Fall at Far-end ;
+---------------+--------------+---------------------+---------------------+------------------------------+------------------------------+---------------------+---------------------+--------------------------------------+--------------------------------------+-----------------------------+-----------------------------+----------------------------+----------------------------+-----------------------------+-----------------------------+--------------------+--------------------+-------------------------------------+-------------------------------------+----------------------------+----------------------------+---------------------------+---------------------------+
; rs            ; 2.5 V        ; 0 s                 ; 0 s                 ; 2.62 V                       ; 2.74e-08 V                   ; 2.71 V              ; -0.0317 V           ; 0.148 V                              ; 0.064 V                              ; 4.51e-10 s                  ; 4.15e-10 s                  ; No                         ; Yes                        ; 2.62 V                      ; 2.74e-08 V                  ; 2.71 V             ; -0.0317 V          ; 0.148 V                             ; 0.064 V                             ; 4.51e-10 s                 ; 4.15e-10 s                 ; No                        ; Yes                       ;
; rw            ; 2.5 V        ; 0 s                 ; 0 s                 ; 2.62 V                       ; 2.74e-08 V                   ; 2.71 V              ; -0.0317 V           ; 0.148 V                              ; 0.064 V                              ; 4.51e-10 s                  ; 4.15e-10 s                  ; No                         ; Yes                        ; 2.62 V                      ; 2.74e-08 V                  ; 2.71 V             ; -0.0317 V          ; 0.148 V                             ; 0.064 V                             ; 4.51e-10 s                 ; 4.15e-10 s                 ; No                        ; Yes                       ;
; enable        ; 2.5 V        ; 0 s                 ; 0 s                 ; 2.62 V                       ; 2.74e-08 V                   ; 2.73 V              ; -0.0384 V           ; 0.169 V                              ; 0.089 V                              ; 2.7e-10 s                   ; 2.62e-10 s                  ; Yes                        ; Yes                        ; 2.62 V                      ; 2.74e-08 V                  ; 2.73 V             ; -0.0384 V          ; 0.169 V                             ; 0.089 V                             ; 2.7e-10 s                  ; 2.62e-10 s                 ; Yes                       ; Yes                       ;
; data[0]       ; 2.5 V        ; 0 s                 ; 0 s                 ; 2.62 V                       ; 2.74e-08 V                   ; 2.71 V              ; -0.0317 V           ; 0.148 V                              ; 0.064 V                              ; 4.51e-10 s                  ; 4.15e-10 s                  ; No                         ; Yes                        ; 2.62 V                      ; 2.74e-08 V                  ; 2.71 V             ; -0.0317 V          ; 0.148 V                             ; 0.064 V                             ; 4.51e-10 s                 ; 4.15e-10 s                 ; No                        ; Yes                       ;
; data[1]       ; 2.5 V        ; 0 s                 ; 0 s                 ; 2.62 V                       ; 2.74e-08 V                   ; 2.71 V              ; -0.0317 V           ; 0.148 V                              ; 0.064 V                              ; 4.51e-10 s                  ; 4.15e-10 s                  ; No                         ; Yes                        ; 2.62 V                      ; 2.74e-08 V                  ; 2.71 V             ; -0.0317 V          ; 0.148 V                             ; 0.064 V                             ; 4.51e-10 s                 ; 4.15e-10 s                 ; No                        ; Yes                       ;
; data[2]       ; 2.5 V        ; 0 s                 ; 0 s                 ; 2.62 V                       ; 2.74e-08 V                   ; 2.73 V              ; -0.0384 V           ; 0.169 V                              ; 0.089 V                              ; 2.7e-10 s                   ; 2.62e-10 s                  ; Yes                        ; Yes                        ; 2.62 V                      ; 2.74e-08 V                  ; 2.73 V             ; -0.0384 V          ; 0.169 V                             ; 0.089 V                             ; 2.7e-10 s                  ; 2.62e-10 s                 ; Yes                       ; Yes                       ;
; data[3]       ; 2.5 V        ; 0 s                 ; 0 s                 ; 2.62 V                       ; 2.74e-08 V                   ; 2.64 V              ; -0.0117 V           ; 0.202 V                              ; 0.176 V                              ; 2.38e-09 s                  ; 2.22e-09 s                  ; No                         ; Yes                        ; 2.62 V                      ; 2.74e-08 V                  ; 2.64 V             ; -0.0117 V          ; 0.202 V                             ; 0.176 V                             ; 2.38e-09 s                 ; 2.22e-09 s                 ; No                        ; Yes                       ;
; data[4]       ; 2.5 V        ; 0 s                 ; 0 s                 ; 2.62 V                       ; 2.74e-08 V                   ; 2.71 V              ; -0.0317 V           ; 0.148 V                              ; 0.064 V                              ; 4.51e-10 s                  ; 4.15e-10 s                  ; No                         ; Yes                        ; 2.62 V                      ; 2.74e-08 V                  ; 2.71 V             ; -0.0317 V          ; 0.148 V                             ; 0.064 V                             ; 4.51e-10 s                 ; 4.15e-10 s                 ; No                        ; Yes                       ;
; data[5]       ; 2.5 V        ; 0 s                 ; 0 s                 ; 2.62 V                       ; 4.05e-08 V                   ; 2.72 V              ; -0.0349 V           ; 0.173 V                              ; 0.1 V                                ; 2.72e-10 s                  ; 2.69e-10 s                  ; Yes                        ; Yes                        ; 2.62 V                      ; 4.05e-08 V                  ; 2.72 V             ; -0.0349 V          ; 0.173 V                             ; 0.1 V                               ; 2.72e-10 s                 ; 2.69e-10 s                 ; Yes                       ; Yes                       ;
; data[6]       ; 2.5 V        ; 0 s                 ; 0 s                 ; 2.62 V                       ; 4.05e-08 V                   ; 2.72 V              ; -0.0349 V           ; 0.173 V                              ; 0.1 V                                ; 2.72e-10 s                  ; 2.69e-10 s                  ; Yes                        ; Yes                        ; 2.62 V                      ; 4.05e-08 V                  ; 2.72 V             ; -0.0349 V          ; 0.173 V                             ; 0.1 V                               ; 2.72e-10 s                 ; 2.69e-10 s                 ; Yes                       ; Yes                       ;
; data[7]       ; 2.5 V        ; 0 s                 ; 0 s                 ; 2.62 V                       ; 4.05e-08 V                   ; 2.72 V              ; -0.0349 V           ; 0.173 V                              ; 0.1 V                                ; 2.72e-10 s                  ; 2.69e-10 s                  ; Yes                        ; Yes                        ; 2.62 V                      ; 4.05e-08 V                  ; 2.72 V             ; -0.0349 V          ; 0.173 V                             ; 0.1 V                               ; 2.72e-10 s                 ; 2.69e-10 s                 ; Yes                       ; Yes                       ;
; ~ALTERA_DCLK~ ; 2.5 V        ; 0 s                 ; 0 s                 ; 2.62 V                       ; 2.22e-08 V                   ; 2.74 V              ; -0.06 V             ; 0.158 V                              ; 0.08 V                               ; 2.68e-10 s                  ; 2.19e-10 s                  ; Yes                        ; Yes                        ; 2.62 V                      ; 2.22e-08 V                  ; 2.74 V             ; -0.06 V            ; 0.158 V                             ; 0.08 V                              ; 2.68e-10 s                 ; 2.19e-10 s                 ; Yes                       ; Yes                       ;
+---------------+--------------+---------------------+---------------------+------------------------------+------------------------------+---------------------+---------------------+--------------------------------------+--------------------------------------+-----------------------------+-----------------------------+----------------------------+----------------------------+-----------------------------+-----------------------------+--------------------+--------------------+-------------------------------------+-------------------------------------+----------------------------+----------------------------+---------------------------+---------------------------+


+-------------------------------------------------------------------+
; Setup Transfers                                                   ;
+------------+----------+----------+----------+----------+----------+
; From Clock ; To Clock ; RR Paths ; FR Paths ; RF Paths ; FF Paths ;
+------------+----------+----------+----------+----------+----------+
; clk        ; clk      ; 350      ; 0        ; 0        ; 0        ;
; clk_16ms   ; clk      ; 1        ; 1        ; 0        ; 0        ;
; clk_16ms   ; clk_16ms ; 612      ; 0        ; 0        ; 0        ;
+------------+----------+----------+----------+----------+----------+
Entries labeled "false path" only account for clock-to-clock false paths and not path-based false paths. As a result, actual path counts may be lower than reported.


+-------------------------------------------------------------------+
; Hold Transfers                                                    ;
+------------+----------+----------+----------+----------+----------+
; From Clock ; To Clock ; RR Paths ; FR Paths ; RF Paths ; FF Paths ;
+------------+----------+----------+----------+----------+----------+
; clk        ; clk      ; 350      ; 0        ; 0        ; 0        ;
; clk_16ms   ; clk      ; 1        ; 1        ; 0        ; 0        ;
; clk_16ms   ; clk_16ms ; 612      ; 0        ; 0        ; 0        ;
+------------+----------+----------+----------+----------+----------+
Entries labeled "false path" only account for clock-to-clock false paths and not path-based false paths. As a result, actual path counts may be lower than reported.


---------------
; Report TCCS ;
---------------
No dedicated SERDES Transmitter circuitry present in device or used in design


---------------
; Report RSKM ;
---------------
No non-DPA dedicated SERDES Receiver circuitry present in device or used in design


+------------------------------------------------+
; Unconstrained Paths Summary                    ;
+---------------------------------+-------+------+
; Property                        ; Setup ; Hold ;
+---------------------------------+-------+------+
; Illegal Clocks                  ; 0     ; 0    ;
; Unconstrained Clocks            ; 0     ; 0    ;
; Unconstrained Input Ports       ; 2     ; 2    ;
; Unconstrained Input Port Paths  ; 38    ; 38   ;
; Unconstrained Output Ports      ; 10    ; 10   ;
; Unconstrained Output Port Paths ; 10    ; 10   ;
+---------------------------------+-------+------+


+------------------------------------------+
; Clock Status Summary                     ;
+----------+----------+------+-------------+
; Target   ; Clock    ; Type ; Status      ;
+----------+----------+------+-------------+
; clk      ; clk      ; Base ; Constrained ;
; clk_16ms ; clk_16ms ; Base ; Constrained ;
+----------+----------+------+-------------+


+---------------------------------------------------------------------------------------------------+
; Unconstrained Input Ports                                                                         ;
+------------+--------------------------------------------------------------------------------------+
; Input Port ; Comment                                                                              ;
+------------+--------------------------------------------------------------------------------------+
; ready_i    ; No input delay, min/max delays, false-path exceptions, or max skew assignments found ;
; reset      ; No input delay, min/max delays, false-path exceptions, or max skew assignments found ;
+------------+--------------------------------------------------------------------------------------+


+-----------------------------------------------------------------------------------------------------+
; Unconstrained Output Ports                                                                          ;
+-------------+---------------------------------------------------------------------------------------+
; Output Port ; Comment                                                                               ;
+-------------+---------------------------------------------------------------------------------------+
; data[0]     ; No output delay, min/max delays, false-path exceptions, or max skew assignments found ;
; data[1]     ; No output delay, min/max delays, false-path exceptions, or max skew assignments found ;
; data[2]     ; No output delay, min/max delays, false-path exceptions, or max skew assignments found ;
; data[3]     ; No output delay, min/max delays, false-path exceptions, or max skew assignments found ;
; data[4]     ; No output delay, min/max delays, false-path exceptions, or max skew assignments found ;
; data[5]     ; No output delay, min/max delays, false-path exceptions, or max skew assignments found ;
; data[6]     ; No output delay, min/max delays, false-path exceptions, or max skew assignments found ;
; data[7]     ; No output delay, min/max delays, false-path exceptions, or max skew assignments found ;
; enable      ; No output delay, min/max delays, false-path exceptions, or max skew assignments found ;
; rs          ; No output delay, min/max delays, false-path exceptions, or max skew assignments found ;
+-------------+---------------------------------------------------------------------------------------+


+---------------------------------------------------------------------------------------------------+
; Unconstrained Input Ports                                                                         ;
+------------+--------------------------------------------------------------------------------------+
; Input Port ; Comment                                                                              ;
+------------+--------------------------------------------------------------------------------------+
; ready_i    ; No input delay, min/max delays, false-path exceptions, or max skew assignments found ;
; reset      ; No input delay, min/max delays, false-path exceptions, or max skew assignments found ;
+------------+--------------------------------------------------------------------------------------+


+-----------------------------------------------------------------------------------------------------+
; Unconstrained Output Ports                                                                          ;
+-------------+---------------------------------------------------------------------------------------+
; Output Port ; Comment                                                                               ;
+-------------+---------------------------------------------------------------------------------------+
; data[0]     ; No output delay, min/max delays, false-path exceptions, or max skew assignments found ;
; data[1]     ; No output delay, min/max delays, false-path exceptions, or max skew assignments found ;
; data[2]     ; No output delay, min/max delays, false-path exceptions, or max skew assignments found ;
; data[3]     ; No output delay, min/max delays, false-path exceptions, or max skew assignments found ;
; data[4]     ; No output delay, min/max delays, false-path exceptions, or max skew assignments found ;
; data[5]     ; No output delay, min/max delays, false-path exceptions, or max skew assignments found ;
; data[6]     ; No output delay, min/max delays, false-path exceptions, or max skew assignments found ;
; data[7]     ; No output delay, min/max delays, false-path exceptions, or max skew assignments found ;
; enable      ; No output delay, min/max delays, false-path exceptions, or max skew assignments found ;
; rs          ; No output delay, min/max delays, false-path exceptions, or max skew assignments found ;
+-------------+---------------------------------------------------------------------------------------+


+--------------------------+
; Timing Analyzer Messages ;
+--------------------------+
Info: *******************************************************************
Info: Running Quartus Prime Timing Analyzer
    Info: Version 23.1std.1 Build 993 05/14/2024 SC Lite Edition
    Info: Processing started: Sat Jun  6 01:41:58 2026
Info: Command: quartus_sta LCD_texto_estatico -c LCD_texto_estatico
Info: qsta_default_script.tcl version: #1
Warning (18236): Number of processors has not been specified which may cause overloading on shared machines.  Set the global assignment NUM_PARALLEL_PROCESSORS in your QSF to an appropriate value for best performance.
Info (20030): Parallel compilation is enabled and will use 4 of the 4 processors detected
Info (21077): Low junction temperature is 0 degrees C
Info (21077): High junction temperature is 85 degrees C
Critical Warning (332012): Synopsys Design Constraints File file not found: 'LCD_texto_estatico.sdc'. A Synopsys Design Constraints File is required by the Timing Analyzer to get proper timing constraints. Without it, the Compiler will not properly optimize the design.
Info (332142): No user constrained base clocks found in the design. Calling "derive_clocks -period 1.0"
Info (332105): Deriving Clocks
    Info (332105): create_clock -period 1.000 -name clk_16ms clk_16ms
    Info (332105): create_clock -period 1.000 -name clk clk
Info (332143): No user constrained clock uncertainty found in the design. Calling "derive_clock_uncertainty"
Info (332123): Deriving Clock Uncertainty. Please refer to report_sdc in the Timing Analyzer to see clock uncertainties.
Info: Found TIMING_ANALYZER_REPORT_SCRIPT_INCLUDE_DEFAULT_ANALYSIS = ON
Info: Analyzing Slow 1200mV 85C Model
Critical Warning (332148): Timing requirements not met
    Info (11105): For recommendations on closing timing, run Report Timing Closure Recommendations in the Timing Analyzer.
Info (332146): Worst-case setup slack is -3.865
    Info (332119):     Slack       End Point TNS Clock 
    Info (332119): ========= =================== =====================
    Info (332119):    -3.865             -38.714 clk 
    Info (332119):    -3.121             -55.560 clk_16ms 
Info (332146): Worst-case hold slack is 0.435
    Info (332119):     Slack       End Point TNS Clock 
    Info (332119): ========= =================== =====================
    Info (332119):     0.435               0.000 clk_16ms 
    Info (332119):     0.743               0.000 clk 
Info (332140): No Recovery paths to report
Info (332140): No Removal paths to report
Info (332146): Worst-case minimum pulse width slack is -3.000
    Info (332119):     Slack       End Point TNS Clock 
    Info (332119): ========= =================== =====================
    Info (332119):    -3.000             -34.227 clk 
    Info (332119):    -1.487             -32.714 clk_16ms 
Info: Analyzing Slow 1200mV 0C Model
Info (334003): Started post-fitting delay annotation
Info (334004): Delay annotation completed successfully
Info (332123): Deriving Clock Uncertainty. Please refer to report_sdc in the Timing Analyzer to see clock uncertainties.
Critical Warning (332148): Timing requirements not met
    Info (11105): For recommendations on closing timing, run Report Timing Closure Recommendations in the Timing Analyzer.
Info (332146): Worst-case setup slack is -3.591
    Info (332119):     Slack       End Point TNS Clock 
    Info (332119): ========= =================== =====================
    Info (332119):    -3.591             -33.350 clk 
    Info (332119):    -2.852             -50.570 clk_16ms 
Info (332146): Worst-case hold slack is 0.385
    Info (332119):     Slack       End Point TNS Clock 
    Info (332119): ========= =================== =====================
    Info (332119):     0.385               0.000 clk_16ms 
    Info (332119):     0.690               0.000 clk 
Info (332140): No Recovery paths to report
Info (332140): No Removal paths to report
Info (332146): Worst-case minimum pulse width slack is -3.000
    Info (332119):     Slack       End Point TNS Clock 
    Info (332119): ========= =================== =====================
    Info (332119):    -3.000             -34.227 clk 
    Info (332119):    -1.487             -32.714 clk_16ms 
Info: Analyzing Fast 1200mV 0C Model
Info (332123): Deriving Clock Uncertainty. Please refer to report_sdc in the Timing Analyzer to see clock uncertainties.
Critical Warning (332148): Timing requirements not met
    Info (11105): For recommendations on closing timing, run Report Timing Closure Recommendations in the Timing Analyzer.
Info (332146): Worst-case setup slack is -1.117
    Info (332119):     Slack       End Point TNS Clock 
    Info (332119): ========= =================== =====================
    Info (332119):    -1.117              -5.812 clk 
    Info (332119):    -0.772             -11.367 clk_16ms 
Info (332146): Worst-case hold slack is 0.179
    Info (332119):     Slack       End Point TNS Clock 
    Info (332119): ========= =================== =====================
    Info (332119):     0.179               0.000 clk_16ms 
    Info (332119):     0.296               0.000 clk 
Info (332140): No Recovery paths to report
Info (332140): No Removal paths to report
Info (332146): Worst-case minimum pulse width slack is -3.000
    Info (332119):     Slack       End Point TNS Clock 
    Info (332119): ========= =================== =====================
    Info (332119):    -3.000             -25.344 clk 
    Info (332119):    -1.000             -22.000 clk_16ms 
Info (332102): Design is not fully constrained for setup requirements
Info (332102): Design is not fully constrained for hold requirements
Info: Quartus Prime Timing Analyzer was successful. 0 errors, 5 warnings
    Info: Peak virtual memory: 4755 megabytes
    Info: Processing ended: Sat Jun  6 01:42:00 2026
    Info: Elapsed time: 00:00:02
    Info: Total CPU time (on all processors): 00:00:02


